Plant_ID,Scientific Name,recordID,scientificName,acceptedName,commonName,regionGroup,primaryMicroregion,fineHabitatTags,fineHabitatSummary,moistureWaterLight,wetlandStatusSummary,confidence,reviewNeeded,publicStatus,publicationNote,sourceUseNote,datasetVersion,lastUpdated,onlineSlug,lbjProfileURL,usdaPlantsURL,fnaSearchURL,fnaDirectCandidateURL,wetlandPlantListURL,nrcsWebSoilSurveyURL,nrcsEDITURL,epaEcoregionsURL,tpwdEMSURL,secondaryMicroregions
Adiantum pedatum,Adiantum pedatum,1,Adiantum pedatum,Adiantum pedatum,Maidenhair Fern,Woodland and karst upland systems,Mesic Canyons & Seeps,limestone seep or spring-influenced shade,limestone seep or spring-influenced shade,"Moist; Medium; Part Shade , Shade; Low; Low","Region: AGCP AK AW CB EMP GP HI MW NCNE WMVE Status: FACU FAC FAC FACU FACU FAC | This information is derived from: U.S. Army Corps of Engineers. (2023). 2022 National Wetland Plant List, version 3.6. U.S. Army Engineer Research and Development Center, Vicksburg, MS. | https://wetland-plants.usace.army.mil/ | . | Click here | for map of regions.",High,No,Publish now,Literature-supported microregion assignment; field/GIS confirmation can be added in a later release.,"LBJ/USDA/FNA/USACE support species habitat traits; NRCS/EPA/TPWD links support site/soil/ecoregion/vegetation validation, not species identity.",v1-online-public-draft,2026-05-27,adiantum-pedatum,https://www.wildflower.org/plants/result.php?id_plant=ADPE,https://plants.usda.gov/home/basicSearchResults?searchString=Adiantum+pedatum,https://floranorthamerica.org/Special:Search?search=Adiantum+pedatum,https://floranorthamerica.org/Adiantum_pedatum,https://wetland-plants.sec.usace.army.mil/,https://websoilsurvey.nrcs.usda.gov/app/,https://edit.sc.egov.usda.gov/,https://www.epa.gov/eco-research/ecoregions,https://tpwd.texas.gov/landwater/land/programs/landscape-ecology/ems/,
Equisetum hyemale,Equisetum hyemale,2,Equisetum hyemale,Equisetum hyemale,"Scouring-rush Horsetail, Horsetail, Scouring Rush, Canuela",Riparian and floodplain systems,Riparian Banks,stream/river bank; floodplain/bottomland; marsh/swamp/wetland; seep/wet ledge; limestone/caliche/calcareous; rocky/ledge/slope; prairie/open field; deep clay/swale; woodland/wood edge; disturbed/roadside/ditch; dry upland; moist mesic; sunny open; shade/part shade,stream/alluvial flats/wet ledges/shallow water,"Moist , Wet; Medium; Sun , Part Shade , Shade","Region: AGCP AK AW CB EMP GP HI MW NCNE WMVE Status: FACW FACW FACW FACW FACW FACW FAC FACW | This information is derived from: U.S. Army Corps of Engineers. (2023). 2022 National Wetland Plant List, version 3.6. U.S. Army Engineer Research and Development Center, Vicksburg, MS. | https://wetland-plants.usace.army.mil/ | . | Click here | for map of regions.",High,No,Publish now,Literature-supported microregion assignment; field/GIS confirmation can be added in a later release.,"LBJ/USDA/FNA/USACE support species habitat traits; NRCS/EPA/TPWD links support site/soil/ecoregion/vegetation validation, not species identity.",v1-online-public-draft,2026-05-27,equisetum-hyemale,https://www.wildflower.org/plants/result.php?id_plant=EQHY,https://plants.usda.gov/home/basicSearchResults?searchString=Equisetum+hyemale,https://floranorthamerica.org/Special:Search?search=Equisetum+hyemale,https://floranorthamerica.org/Equisetum_hyemale,https://wetland-plants.sec.usace.army.mil/,https://websoilsurvey.nrcs.usda.gov/app/,https://edit.sc.egov.usda.gov/,https://www.epa.gov/eco-research/ecoregions,https://tpwd.texas.gov/landwater/land/programs/landscape-ecology/ems/,Aquatic / Spring Runs; Mesic Canyons & Seeps; Karst Outcrops; Shallow Upland Prairie
Marsilea macropoda,Marsilea macropoda,3,Marsilea macropoda,Marsilea macropoda,"Bigfoot Water-clover, Water-clover, Clover-fern, Largefoot Pepperwort","Aquatic, spring-run, and wetland systems",Aquatic / Spring Runs,pond/lake margin or shallow open water,pond/lake margin or shallow open water,"Wet; Medium , High; Sun , Part Shade , Shade","Region: AGCP AK AW CB EMP GP HI MW NCNE WMVE Status: OBL OBL | This information is derived from: U.S. Army Corps of Engineers. (2023). 2022 National Wetland Plant List, version 3.6. U.S. Army Engineer Research and Development Center, Vicksburg, MS. | https://wetland-plants.usace.army.mil/ | . | Click here | for map of regions.",High,No,Publish now,Literature-supported microregion assignment; field/GIS confirmation can be added in a later release.,"LBJ/USDA/FNA/USACE support species habitat traits; NRCS/EPA/TPWD links support site/soil/ecoregion/vegetation validation, not species identity.",v1-online-public-draft,2026-05-27,marsilea-macropoda,https://www.wildflower.org/plants/result.php?id_plant=MAMA9,https://plants.usda.gov/home/basicSearchResults?searchString=Marsilea+macropoda,https://floranorthamerica.org/Special:Search?search=Marsilea+macropoda,https://floranorthamerica.org/Marsilea_macropoda,https://wetland-plants.sec.usace.army.mil/,https://websoilsurvey.nrcs.usda.gov/app/,https://edit.sc.egov.usda.gov/,https://www.epa.gov/eco-research/ecoregions,https://tpwd.texas.gov/landwater/land/programs/landscape-ecology/ems/,
Andropogon gerardii,Andropogon gerardii,4,Andropogon gerardii,Andropogon gerardii,"Big Bluestem, Tall Bluestem, Turkeyfoot",Upland prairie and open grassland systems,Shallow Upland Prairie,sandy/loamy upland prairie or open field,sandy/loamy upland prairie or open field,"Moist; Low , Medium; Sun , Part Shade; High; High","Region: AGCP AK AW CB EMP GP HI MW NCNE WMVE Status: FAC FACU FAC FACU FAC FACU FACU | This information is derived from: U.S. Army Corps of Engineers. (2023). 2022 National Wetland Plant List, version 3.6. U.S. Army Engineer Research and Development Center, Vicksburg, MS. | https://wetland-plants.usace.army.mil/ | . | Click here | for map of regions.",High,No,Publish now,Literature-supported microregion assignment; field/GIS confirmation can be added in a later release.,"LBJ/USDA/FNA/USACE support species habitat traits; NRCS/EPA/TPWD links support site/soil/ecoregion/vegetation validation, not species identity.",v1-online-public-draft,2026-05-27,andropogon-gerardii,https://www.wildflower.org/plants/result.php?id_plant=ANGE,https://plants.usda.gov/home/basicSearchResults?searchString=Andropogon+gerardii,https://floranorthamerica.org/Special:Search?search=Andropogon+gerardii,https://floranorthamerica.org/Andropogon_gerardii,https://wetland-plants.sec.usace.army.mil/,https://websoilsurvey.nrcs.usda.gov/app/,https://edit.sc.egov.usda.gov/,https://www.epa.gov/eco-research/ecoregions,https://tpwd.texas.gov/landwater/land/programs/landscape-ecology/ems/,
Andropogon glomeratus,Andropogon glomeratus,5,Andropogon glomeratus,Andropogon glomeratus,"Bushy Bluestem, Brushy Bluestem",Upland prairie and open grassland systems,Shallow Upland Prairie,sandy/loamy upland prairie or open field,sandy/loamy upland prairie or open field,"Moist , Wet; High; Sun","Region: AGCP AK AW CB EMP GP HI MW NCNE WMVE Status: FACW FACW FAC FACW FACW FAC FACW FACW FACW | This information is derived from: U.S. Army Corps of Engineers. (2023). 2022 National Wetland Plant List, version 3.6. U.S. Army Engineer Research and Development Center, Vicksburg, MS. | https://wetland-plants.usace.army.mil/ | . | Click here | for map of regions.",High,No,Publish now,Literature-supported microregion assignment; field/GIS confirmation can be added in a later release.,"LBJ/USDA/FNA/USACE support species habitat traits; NRCS/EPA/TPWD links support site/soil/ecoregion/vegetation validation, not species identity.",v1-online-public-draft,2026-05-27,andropogon-glomeratus,https://www.wildflower.org/plants/result.php?id_plant=ANGL2,https://plants.usda.gov/home/basicSearchResults?searchString=Andropogon+glomeratus,https://floranorthamerica.org/Special:Search?search=Andropogon+glomeratus,https://floranorthamerica.org/Andropogon_glomeratus,https://wetland-plants.sec.usace.army.mil/,https://websoilsurvey.nrcs.usda.gov/app/,https://edit.sc.egov.usda.gov/,https://www.epa.gov/eco-research/ecoregions,https://tpwd.texas.gov/landwater/land/programs/landscape-ecology/ems/,Riparian Banks
Andropogon virginicus,Andropogon virginicus,6,Andropogon virginicus,Andropogon virginicus,Broomsedge Bluestem,Upland prairie and open grassland systems,Shallow Upland Prairie,sandy/loamy upland prairie or open field,sandy/loamy upland prairie or open field,Moist; Medium; Part Shade; High,"Region: AGCP AK AW CB EMP GP HI MW NCNE WMVE Status: FAC FAC FAC FACU FACU FACU FACU FACU FAC | This information is derived from: U.S. Army Corps of Engineers. (2023). 2022 National Wetland Plant List, version 3.6. U.S. Army Engineer Research and Development Center, Vicksburg, MS. | https://wetland-plants.usace.army.mil/ | . | Click here | for map of regions.",High,No,Publish now,Literature-supported microregion assignment; field/GIS confirmation can be added in a later release.,"LBJ/USDA/FNA/USACE support species habitat traits; NRCS/EPA/TPWD links support site/soil/ecoregion/vegetation validation, not species identity.",v1-online-public-draft,2026-05-27,andropogon-virginicus,https://www.wildflower.org/plants/result.php?id_plant=ANVI2,https://plants.usda.gov/home/basicSearchResults?searchString=Andropogon+virginicus,https://floranorthamerica.org/Special:Search?search=Andropogon+virginicus,https://floranorthamerica.org/Andropogon_virginicus,https://wetland-plants.sec.usace.army.mil/,https://websoilsurvey.nrcs.usda.gov/app/,https://edit.sc.egov.usda.gov/,https://www.epa.gov/eco-research/ecoregions,https://tpwd.texas.gov/landwater/land/programs/landscape-ecology/ems/,Upland Woodland
Aristida purpurea,Aristida purpurea,7,Aristida purpurea,Aristida purpurea,"Purple Threeawn, Purple 3-awn, Purple Three-awn, Red Threeawn",Upland prairie and open grassland systems,Shallow Upland Prairie,sandy/loamy upland prairie or open field,sandy/loamy upland prairie or open field,Dry; Low; Sun; High; High,,High,No,Publish now,Literature-supported microregion assignment; field/GIS confirmation can be added in a later release.,"LBJ/USDA/FNA/USACE support species habitat traits; NRCS/EPA/TPWD links support site/soil/ecoregion/vegetation validation, not species identity.",v1-online-public-draft,2026-05-27,aristida-purpurea,https://www.wildflower.org/plants/result.php?id_plant=ARPU9,https://plants.usda.gov/home/basicSearchResults?searchString=Aristida+purpurea,https://floranorthamerica.org/Special:Search?search=Aristida+purpurea,https://floranorthamerica.org/Aristida_purpurea,https://wetland-plants.sec.usace.army.mil/,https://websoilsurvey.nrcs.usda.gov/app/,https://edit.sc.egov.usda.gov/,https://www.epa.gov/eco-research/ecoregions,https://tpwd.texas.gov/landwater/land/programs/landscape-ecology/ems/,Karst Outcrops
Bothriochloa laguroides,Bothriochloa laguroides,8,Bothriochloa laguroides,Bothriochloa laguroides,"Silver Bluestem, Silver Beardgrass",Upland prairie and open grassland systems,Shallow Upland Prairie,open dry upland prairie/grassland,open dry upland prairie/grassland,,,High,No,Publish now,Literature-supported microregion assignment; field/GIS confirmation can be added in a later release.,"LBJ/USDA/FNA/USACE support species habitat traits; NRCS/EPA/TPWD links support site/soil/ecoregion/vegetation validation, not species identity.",v1-online-public-draft,2026-05-27,bothriochloa-laguroides,https://www.wildflower.org/plants/result.php?id_plant=BOLA2,https://plants.usda.gov/home/basicSearchResults?searchString=Bothriochloa+laguroides,https://floranorthamerica.org/Special:Search?search=Bothriochloa+laguroides,https://floranorthamerica.org/Bothriochloa_laguroides,https://wetland-plants.sec.usace.army.mil/,https://websoilsurvey.nrcs.usda.gov/app/,https://edit.sc.egov.usda.gov/,https://www.epa.gov/eco-research/ecoregions,https://tpwd.texas.gov/landwater/land/programs/landscape-ecology/ems/,
Bouteloua curtipendula,Bouteloua curtipendula,9,Bouteloua curtipendula,Bouteloua curtipendula,"Sideoats Grama, Banderilla, Banderita, Navajita",Upland prairie and open grassland systems,Shallow Upland Prairie,dry upland prairie slope,dry upland prairie slope,"Dry , Moist; Medium; Sun , Part Shade; Medium; High",,High,No,Publish now,Literature-supported microregion assignment; field/GIS confirmation can be added in a later release.,"LBJ/USDA/FNA/USACE support species habitat traits; NRCS/EPA/TPWD links support site/soil/ecoregion/vegetation validation, not species identity.",v1-online-public-draft,2026-05-27,bouteloua-curtipendula,https://www.wildflower.org/plants/result.php?id_plant=BOCU,https://plants.usda.gov/home/basicSearchResults?searchString=Bouteloua+curtipendula,https://floranorthamerica.org/Special:Search?search=Bouteloua+curtipendula,https://floranorthamerica.org/Bouteloua_curtipendula,https://wetland-plants.sec.usace.army.mil/,https://websoilsurvey.nrcs.usda.gov/app/,https://edit.sc.egov.usda.gov/,https://www.epa.gov/eco-research/ecoregions,https://tpwd.texas.gov/landwater/land/programs/landscape-ecology/ems/,Shallow Upland Prairie
Bouteloua dactyloides,Bouteloua dactyloides,10,Bouteloua dactyloides,Bouteloua dactyloides,"Buffalograss, Buffalo Grass",Upland prairie and open grassland systems,Shallow Upland Prairie,sandy/loamy upland prairie or open field,sandy/loamy upland prairie or open field,"Dry; Low , Medium; Sun; High; High","Region: AGCP AK AW CB EMP GP HI MW NCNE WMVE Status: FACU FACU FACU FACU FACU FACU UPL | This information is derived from: U.S. Army Corps of Engineers. (2023). 2022 National Wetland Plant List, version 3.6. U.S. Army Engineer Research and Development Center, Vicksburg, MS. | https://wetland-plants.usace.army.mil/ | . | Click here | for map of regions.",High,No,Publish now,Literature-supported microregion assignment; field/GIS confirmation can be added in a later release.,"LBJ/USDA/FNA/USACE support species habitat traits; NRCS/EPA/TPWD links support site/soil/ecoregion/vegetation validation, not species identity.",v1-online-public-draft,2026-05-27,bouteloua-dactyloides,https://www.wildflower.org/plants/result.php?id_plant=BODA2,https://plants.usda.gov/home/basicSearchResults?searchString=Bouteloua+dactyloides,https://floranorthamerica.org/Special:Search?search=Bouteloua+dactyloides,https://floranorthamerica.org/Bouteloua_dactyloides,https://wetland-plants.sec.usace.army.mil/,https://websoilsurvey.nrcs.usda.gov/app/,https://edit.sc.egov.usda.gov/,https://www.epa.gov/eco-research/ecoregions,https://tpwd.texas.gov/landwater/land/programs/landscape-ecology/ems/,
Bouteloua gracilis,Bouteloua gracilis,11,Bouteloua gracilis,Bouteloua gracilis,Blue Grama,Upland prairie and open grassland systems,Shallow Upland Prairie,sandy/loamy upland prairie or open field,sandy/loamy upland prairie or open field,"Dry; Low , Medium; Sun; Medium; High",,High,No,Publish now,Literature-supported microregion assignment; field/GIS confirmation can be added in a later release.,"LBJ/USDA/FNA/USACE support species habitat traits; NRCS/EPA/TPWD links support site/soil/ecoregion/vegetation validation, not species identity.",v1-online-public-draft,2026-05-27,bouteloua-gracilis,https://www.wildflower.org/plants/result.php?id_plant=BOGR2,https://plants.usda.gov/home/basicSearchResults?searchString=Bouteloua+gracilis,https://floranorthamerica.org/Special:Search?search=Bouteloua+gracilis,https://floranorthamerica.org/Bouteloua_gracilis,https://wetland-plants.sec.usace.army.mil/,https://websoilsurvey.nrcs.usda.gov/app/,https://edit.sc.egov.usda.gov/,https://www.epa.gov/eco-research/ecoregions,https://tpwd.texas.gov/landwater/land/programs/landscape-ecology/ems/,
Bouteloua rigidiseta,Bouteloua rigidiseta,12,Bouteloua rigidiseta,Bouteloua rigidiseta,Texas Grama,Upland prairie and open grassland systems,Shallow Upland Prairie,dry upland prairie slope,dry upland prairie slope,Dry; Low; Sun,,High,No,Publish now,Literature-supported microregion assignment; field/GIS confirmation can be added in a later release.,"LBJ/USDA/FNA/USACE support species habitat traits; NRCS/EPA/TPWD links support site/soil/ecoregion/vegetation validation, not species identity.",v1-online-public-draft,2026-05-27,bouteloua-rigidiseta,https://www.wildflower.org/plants/result.php?id_plant=BORI,https://plants.usda.gov/home/basicSearchResults?searchString=Bouteloua+rigidiseta,https://floranorthamerica.org/Special:Search?search=Bouteloua+rigidiseta,https://floranorthamerica.org/Bouteloua_rigidiseta,https://wetland-plants.sec.usace.army.mil/,https://websoilsurvey.nrcs.usda.gov/app/,https://edit.sc.egov.usda.gov/,https://www.epa.gov/eco-research/ecoregions,https://tpwd.texas.gov/landwater/land/programs/landscape-ecology/ems/,
Chasmanthium latifolium,Chasmanthium latifolium,13,Chasmanthium latifolium,Chasmanthium latifolium,"Inland Sea Oats, Indian Wood Oats, Wild Oats, River Oats, Flathead Oats, Upland Oats, Upland Sea Oats",Upland prairie and open grassland systems,Shallow Upland Prairie,dry upland prairie slope,dry upland prairie slope,"Moist; Medium; Part Shade , Shade; Low","Region: AGCP AK AW CB EMP GP HI MW NCNE WMVE Status: FAC FAC FACU FACU FACW FACW FAC | This information is derived from: U.S. Army Corps of Engineers. (2023). 2022 National Wetland Plant List, version 3.6. U.S. Army Engineer Research and Development Center, Vicksburg, MS. | https://wetland-plants.usace.army.mil/ | . | Click here | for map of regions.",Medium,Optional,Publish with caveat,"Usable for public draft release, but should remain flagged as provisional until optional spot-check or field/GIS support is added.","LBJ/USDA/FNA/USACE support species habitat traits; NRCS/EPA/TPWD links support site/soil/ecoregion/vegetation validation, not species identity.",v1-online-public-draft,2026-05-27,chasmanthium-latifolium,https://www.wildflower.org/plants/result.php?id_plant=CHLA5,https://plants.usda.gov/home/basicSearchResults?searchString=Chasmanthium+latifolium,https://floranorthamerica.org/Special:Search?search=Chasmanthium+latifolium,https://floranorthamerica.org/Chasmanthium_latifolium,https://wetland-plants.sec.usace.army.mil/,https://websoilsurvey.nrcs.usda.gov/app/,https://edit.sc.egov.usda.gov/,https://www.epa.gov/eco-research/ecoregions,https://tpwd.texas.gov/landwater/land/programs/landscape-ecology/ems/,Riparian Banks
Elymus canadensis,Elymus canadensis,14,Elymus canadensis,Elymus canadensis,Canada Wildrye,Upland prairie and open grassland systems,Shallow Upland Prairie,sandy/loamy upland prairie or open field,sandy/loamy upland prairie or open field,"Moist; Medium; Sun , Part Shade; High; High","Region: AGCP AK AW CB EMP GP HI MW NCNE WMVE Status: FAC FAC FACU FACU FACU FACU FAC | This information is derived from: U.S. Army Corps of Engineers. (2023). 2022 National Wetland Plant List, version 3.6. U.S. Army Engineer Research and Development Center, Vicksburg, MS. | https://wetland-plants.usace.army.mil/ | . | Click here | for map of regions.",High,No,Publish now,Literature-supported microregion assignment; field/GIS confirmation can be added in a later release.,"LBJ/USDA/FNA/USACE support species habitat traits; NRCS/EPA/TPWD links support site/soil/ecoregion/vegetation validation, not species identity.",v1-online-public-draft,2026-05-27,elymus-canadensis,https://www.wildflower.org/plants/result.php?id_plant=ELCA4,https://plants.usda.gov/home/basicSearchResults?searchString=Elymus+canadensis,https://floranorthamerica.org/Special:Search?search=Elymus+canadensis,https://floranorthamerica.org/Elymus_canadensis,https://wetland-plants.sec.usace.army.mil/,https://websoilsurvey.nrcs.usda.gov/app/,https://edit.sc.egov.usda.gov/,https://www.epa.gov/eco-research/ecoregions,https://tpwd.texas.gov/landwater/land/programs/landscape-ecology/ems/,Shallow Upland Prairie
Eragrostis hirsuta,Eragrostis hirsuta,15,Eragrostis hirsuta,Eragrostis hirsuta,Big Top Love Grass,"Ecotone, thicket, and disturbance-edge systems",Ecotone / Edge Thicket,roadside/disturbed sandy clay loam edge,roadside/disturbed sandy clay loam edge,,"Region: AGCP AK AW CB EMP GP HI MW NCNE WMVE Status: FACU UPL FACU FACU FACU | This information is derived from: U.S. Army Corps of Engineers. (2023). 2022 National Wetland Plant List, version 3.6. U.S. Army Engineer Research and Development Center, Vicksburg, MS. | https://wetland-plants.usace.army.mil/ | . | Click here | for map of regions.",Medium,Optional,Publish with caveat,"Usable for public draft release, but should remain flagged as provisional until optional spot-check or field/GIS support is added.","LBJ/USDA/FNA/USACE support species habitat traits; NRCS/EPA/TPWD links support site/soil/ecoregion/vegetation validation, not species identity.",v1-online-public-draft,2026-05-27,eragrostis-hirsuta,https://www.wildflower.org/plants/result.php?id_plant=ERHI,https://plants.usda.gov/home/basicSearchResults?searchString=Eragrostis+hirsuta,https://floranorthamerica.org/Special:Search?search=Eragrostis+hirsuta,https://floranorthamerica.org/Eragrostis_hirsuta,https://wetland-plants.sec.usace.army.mil/,https://websoilsurvey.nrcs.usda.gov/app/,https://edit.sc.egov.usda.gov/,https://www.epa.gov/eco-research/ecoregions,https://tpwd.texas.gov/landwater/land/programs/landscape-ecology/ems/,Deep Clay Prairie; Shallow Upland Prairie
Eragrostis spectabilis,Eragrostis spectabilis,16,Eragrostis spectabilis,Eragrostis spectabilis,"Purple Lovegrass, Purple Love Grass, Purple Plains Lovegrass, Tumblegrass, Petticoat Climber",Upland prairie and open grassland systems,Shallow Upland Prairie,sandy/loamy upland prairie or open field,sandy/loamy upland prairie or open field,Moist; Low; Sun; Low,"Region: AGCP AK AW CB EMP GP HI MW NCNE WMVE Status: FACU UPL UPL UPL UPL UPL UPL | This information is derived from: U.S. Army Corps of Engineers. (2023). 2022 National Wetland Plant List, version 3.6. U.S. Army Engineer Research and Development Center, Vicksburg, MS. | https://wetland-plants.usace.army.mil/ | . | Click here | for map of regions.",High,No,Publish now,Literature-supported microregion assignment; field/GIS confirmation can be added in a later release.,"LBJ/USDA/FNA/USACE support species habitat traits; NRCS/EPA/TPWD links support site/soil/ecoregion/vegetation validation, not species identity.",v1-online-public-draft,2026-05-27,eragrostis-spectabilis,https://www.wildflower.org/plants/result.php?id_plant=ERSP,https://plants.usda.gov/home/basicSearchResults?searchString=Eragrostis+spectabilis,https://floranorthamerica.org/Special:Search?search=Eragrostis+spectabilis,https://floranorthamerica.org/Eragrostis_spectabilis,https://wetland-plants.sec.usace.army.mil/,https://websoilsurvey.nrcs.usda.gov/app/,https://edit.sc.egov.usda.gov/,https://www.epa.gov/eco-research/ecoregions,https://tpwd.texas.gov/landwater/land/programs/landscape-ecology/ems/,
Eragrostis trichodes,Eragrostis trichodes,17,Eragrostis trichodes,Eragrostis trichodes,"Sand Love Grass, Sand lovegrass",Woodland and karst upland systems,Upland Woodland,upland woodland or shaded understory,upland woodland or shaded understory,Medium; Part Shade; High,,Medium,Optional,Publish with caveat,"Usable for public draft release, but should remain flagged as provisional until optional spot-check or field/GIS support is added.","LBJ/USDA/FNA/USACE support species habitat traits; NRCS/EPA/TPWD links support site/soil/ecoregion/vegetation validation, not species identity.",v1-online-public-draft,2026-05-27,eragrostis-trichodes,https://www.wildflower.org/plants/result.php?id_plant=ERTR3,https://plants.usda.gov/home/basicSearchResults?searchString=Eragrostis+trichodes,https://floranorthamerica.org/Special:Search?search=Eragrostis+trichodes,https://floranorthamerica.org/Eragrostis_trichodes,https://wetland-plants.sec.usace.army.mil/,https://websoilsurvey.nrcs.usda.gov/app/,https://edit.sc.egov.usda.gov/,https://www.epa.gov/eco-research/ecoregions,https://tpwd.texas.gov/landwater/land/programs/landscape-ecology/ems/,Shallow Upland Prairie
Eriochloa sericea,Eriochloa sericea,18,Eriochloa sericea,Eriochloa sericea,Texas Cupgrass,Upland prairie and open grassland systems,Shallow Upland Prairie,sandy/loamy upland prairie or open field,sandy/loamy upland prairie or open field,Dry; Medium; Sun,,High,No,Publish now,Literature-supported microregion assignment; field/GIS confirmation can be added in a later release.,"LBJ/USDA/FNA/USACE support species habitat traits; NRCS/EPA/TPWD links support site/soil/ecoregion/vegetation validation, not species identity.",v1-online-public-draft,2026-05-27,eriochloa-sericea,https://www.wildflower.org/plants/result.php?id_plant=ERSE5,https://plants.usda.gov/home/basicSearchResults?searchString=Eriochloa+sericea,https://floranorthamerica.org/Special:Search?search=Eriochloa+sericea,https://floranorthamerica.org/Eriochloa_sericea,https://wetland-plants.sec.usace.army.mil/,https://websoilsurvey.nrcs.usda.gov/app/,https://edit.sc.egov.usda.gov/,https://www.epa.gov/eco-research/ecoregions,https://tpwd.texas.gov/landwater/land/programs/landscape-ecology/ems/,
Leersia oryzoides,Leersia oryzoides,19,Leersia oryzoides,Leersia oryzoides,"Rice Cutgrass, Rice Cut Grass","Aquatic, spring-run, and wetland systems",Aquatic / Spring Runs,pond/lake margin or shallow open water,pond/lake margin or shallow open water,Wet; High; Part Shade; Medium,"Region: AGCP AK AW CB EMP GP HI MW NCNE WMVE Status: OBL OBL OBL OBL OBL OBL OBL | This information is derived from: U.S. Army Corps of Engineers. (2023). 2022 National Wetland Plant List, version 3.6. U.S. Army Engineer Research and Development Center, Vicksburg, MS. | https://wetland-plants.usace.army.mil/ | . | Click here | for map of regions.",High,No,Publish now,Literature-supported microregion assignment; field/GIS confirmation can be added in a later release.,"LBJ/USDA/FNA/USACE support species habitat traits; NRCS/EPA/TPWD links support site/soil/ecoregion/vegetation validation, not species identity.",v1-online-public-draft,2026-05-27,leersia-oryzoides,https://www.wildflower.org/plants/result.php?id_plant=LEOR,https://plants.usda.gov/home/basicSearchResults?searchString=Leersia+oryzoides,https://floranorthamerica.org/Special:Search?search=Leersia+oryzoides,https://floranorthamerica.org/Leersia_oryzoides,https://wetland-plants.sec.usace.army.mil/,https://websoilsurvey.nrcs.usda.gov/app/,https://edit.sc.egov.usda.gov/,https://www.epa.gov/eco-research/ecoregions,https://tpwd.texas.gov/landwater/land/programs/landscape-ecology/ems/,Upland Woodland
Muhlenbergia lindheimeri,Muhlenbergia lindheimeri,20,Muhlenbergia lindheimeri,Muhlenbergia lindheimeri,"Lindheimer's Muhly, Lindheimer Muhly, Big Muhly, Blue Muhly",Woodland and karst upland systems,Karst Outcrops,rocky calcareous limestone outcrop,rocky calcareous limestone outcrop,"Dry , Moist; Medium; Sun","Region: AGCP AK AW CB EMP GP HI MW NCNE WMVE Status: FACW | This information is derived from: U.S. Army Corps of Engineers. (2023). 2022 National Wetland Plant List, version 3.6. U.S. Army Engineer Research and Development Center, Vicksburg, MS. | https://wetland-plants.usace.army.mil/ | . | Click here | for map of regions.",High,No,Publish now,Literature-supported microregion assignment; field/GIS confirmation can be added in a later release.,"LBJ/USDA/FNA/USACE support species habitat traits; NRCS/EPA/TPWD links support site/soil/ecoregion/vegetation validation, not species identity.",v1-online-public-draft,2026-05-27,muhlenbergia-lindheimeri,https://www.wildflower.org/plants/result.php?id_plant=MULI,https://plants.usda.gov/home/basicSearchResults?searchString=Muhlenbergia+lindheimeri,https://floranorthamerica.org/Special:Search?search=Muhlenbergia+lindheimeri,https://floranorthamerica.org/Muhlenbergia_lindheimeri,https://wetland-plants.sec.usace.army.mil/,https://websoilsurvey.nrcs.usda.gov/app/,https://edit.sc.egov.usda.gov/,https://www.epa.gov/eco-research/ecoregions,https://tpwd.texas.gov/landwater/land/programs/landscape-ecology/ems/,
Muhlenbergia reverchonii,Muhlenbergia reverchonii,21,Muhlenbergia reverchonii,Muhlenbergia reverchonii,Seep Muhly,Woodland and karst upland systems,Karst Outcrops,gravelly calcareous slope or terrace,gravelly calcareous slope or terrace,"Dry , Moist; Medium; Sun; High","Region: AGCP AK AW CB EMP GP HI MW NCNE WMVE Status: FAC FAC FAC | This information is derived from: U.S. Army Corps of Engineers. (2023). 2022 National Wetland Plant List, version 3.6. U.S. Army Engineer Research and Development Center, Vicksburg, MS. | https://wetland-plants.usace.army.mil/ | . | Click here | for map of regions.",High,No,Publish now,Literature-supported microregion assignment; field/GIS confirmation can be added in a later release.,"LBJ/USDA/FNA/USACE support species habitat traits; NRCS/EPA/TPWD links support site/soil/ecoregion/vegetation validation, not species identity.",v1-online-public-draft,2026-05-27,muhlenbergia-reverchonii,https://www.wildflower.org/plants/result.php?id_plant=MURE2,https://plants.usda.gov/home/basicSearchResults?searchString=Muhlenbergia+reverchonii,https://floranorthamerica.org/Special:Search?search=Muhlenbergia+reverchonii,https://floranorthamerica.org/Muhlenbergia_reverchonii,https://wetland-plants.sec.usace.army.mil/,https://websoilsurvey.nrcs.usda.gov/app/,https://edit.sc.egov.usda.gov/,https://www.epa.gov/eco-research/ecoregions,https://tpwd.texas.gov/landwater/land/programs/landscape-ecology/ems/,Shallow Upland Prairie
Muhlenbergia schreberi,Muhlenbergia schreberi,22,Muhlenbergia schreberi,Muhlenbergia schreberi,Nimblewill,Woodland and karst upland systems,Upland Woodland,ravine/canyon/depression; prairie/open field; woodland/wood edge; dry upland; moist mesic; shade/part shade,broad moist-to-dry woods/prairies/ravines/riverbanks; site-specific,"Moist; Part Shade , Shade","Region: AGCP AK AW CB EMP GP HI MW NCNE WMVE Status: FAC FACU FAC FACU FAC FAC FACU | This information is derived from: U.S. Army Corps of Engineers. (2023). 2022 National Wetland Plant List, version 3.6. U.S. Army Engineer Research and Development Center, Vicksburg, MS. | https://wetland-plants.usace.army.mil/ | . | Click here | for map of regions.",Medium,Optional,Publish with caveat,"Usable for public draft release, but should remain flagged as provisional until optional spot-check or field/GIS support is added.","LBJ/USDA/FNA/USACE support species habitat traits; NRCS/EPA/TPWD links support site/soil/ecoregion/vegetation validation, not species identity.",v1-online-public-draft,2026-05-27,muhlenbergia-schreberi,https://www.wildflower.org/plants/result.php?id_plant=MUSC,https://plants.usda.gov/home/basicSearchResults?searchString=Muhlenbergia+schreberi,https://floranorthamerica.org/Special:Search?search=Muhlenbergia+schreberi,https://floranorthamerica.org/Muhlenbergia_schreberi,https://wetland-plants.sec.usace.army.mil/,https://websoilsurvey.nrcs.usda.gov/app/,https://edit.sc.egov.usda.gov/,https://www.epa.gov/eco-research/ecoregions,https://tpwd.texas.gov/landwater/land/programs/landscape-ecology/ems/,Ecotone / Edge Thicket; Riparian Banks; Shallow Upland Prairie; Karst Outcrops
Muhlenbergia utilis,Muhlenbergia utilis,23,Muhlenbergia utilis,Muhlenbergia utilis,"Aparejo Grass, Aparejo Muhly",Riparian and floodplain systems,Riparian Banks,limestone/caliche/calcareous; moist mesic; sunny open; shade/part shade,wet habitats including riverbanks/meadows; sometimes alkaline soils,,"Region: AGCP AK AW CB EMP GP HI MW NCNE WMVE Status: FACW FACW FACW FACW | This information is derived from: U.S. Army Corps of Engineers. (2023). 2022 National Wetland Plant List, version 3.6. U.S. Army Engineer Research and Development Center, Vicksburg, MS. | https://wetland-plants.usace.army.mil/ | . | Click here | for map of regions.",High,No,Publish now,Literature-supported microregion assignment; field/GIS confirmation can be added in a later release.,"LBJ/USDA/FNA/USACE support species habitat traits; NRCS/EPA/TPWD links support site/soil/ecoregion/vegetation validation, not species identity.",v1-online-public-draft,2026-05-27,muhlenbergia-utilis,https://www.wildflower.org/plants/result.php?id_plant=MUUT,https://plants.usda.gov/home/basicSearchResults?searchString=Muhlenbergia+utilis,https://floranorthamerica.org/Special:Search?search=Muhlenbergia+utilis,https://floranorthamerica.org/Muhlenbergia_utilis,https://wetland-plants.sec.usace.army.mil/,https://websoilsurvey.nrcs.usda.gov/app/,https://edit.sc.egov.usda.gov/,https://www.epa.gov/eco-research/ecoregions,https://tpwd.texas.gov/landwater/land/programs/landscape-ecology/ems/,Aquatic / Spring Runs; Deep Clay Prairie
Panicum virgatum,Panicum virgatum,24,Panicum virgatum,Panicum virgatum,"Switchgrass, Wand Panic Grass",Upland prairie and open grassland systems,Shallow Upland Prairie,sandy/loamy upland prairie or open field,sandy/loamy upland prairie or open field,"Dry , Moist; Medium; Sun , Part Shade; Low","Region: AGCP AK AW CB EMP GP HI MW NCNE WMVE Status: FAC FACW FAC FAC FAC FAC FACW | This information is derived from: U.S. Army Corps of Engineers. (2023). 2022 National Wetland Plant List, version 3.6. U.S. Army Engineer Research and Development Center, Vicksburg, MS. | https://wetland-plants.usace.army.mil/ | . | Click here | for map of regions.",High,No,Publish now,Literature-supported microregion assignment; field/GIS confirmation can be added in a later release.,"LBJ/USDA/FNA/USACE support species habitat traits; NRCS/EPA/TPWD links support site/soil/ecoregion/vegetation validation, not species identity.",v1-online-public-draft,2026-05-27,panicum-virgatum,https://www.wildflower.org/plants/result.php?id_plant=PAVI2,https://plants.usda.gov/home/basicSearchResults?searchString=Panicum+virgatum,https://floranorthamerica.org/Special:Search?search=Panicum+virgatum,https://floranorthamerica.org/Panicum_virgatum,https://wetland-plants.sec.usace.army.mil/,https://websoilsurvey.nrcs.usda.gov/app/,https://edit.sc.egov.usda.gov/,https://www.epa.gov/eco-research/ecoregions,https://tpwd.texas.gov/landwater/land/programs/landscape-ecology/ems/,Shallow Upland Prairie
Poa arachnifera,Poa arachnifera,25,Poa arachnifera,Poa arachnifera,"Texas Bluegrass, Texas Blue Grass",Upland prairie and open grassland systems,Shallow Upland Prairie,sandy/loamy upland prairie or open field,sandy/loamy upland prairie or open field,"Moist; Medium; Sun , Part Shade",,High,No,Publish now,Literature-supported microregion assignment; field/GIS confirmation can be added in a later release.,"LBJ/USDA/FNA/USACE support species habitat traits; NRCS/EPA/TPWD links support site/soil/ecoregion/vegetation validation, not species identity.",v1-online-public-draft,2026-05-27,poa-arachnifera,https://www.wildflower.org/plants/result.php?id_plant=POAR,https://plants.usda.gov/home/basicSearchResults?searchString=Poa+arachnifera,https://floranorthamerica.org/Special:Search?search=Poa+arachnifera,https://floranorthamerica.org/Poa_arachnifera,https://wetland-plants.sec.usace.army.mil/,https://websoilsurvey.nrcs.usda.gov/app/,https://edit.sc.egov.usda.gov/,https://www.epa.gov/eco-research/ecoregions,https://tpwd.texas.gov/landwater/land/programs/landscape-ecology/ems/,
Schizachyrium scoparium,Schizachyrium scoparium,26,Schizachyrium scoparium,Schizachyrium scoparium,"Little Bluestem, Popotillo Azul",Upland prairie and open grassland systems,Shallow Upland Prairie,dry upland prairie slope,dry upland prairie slope,"Dry; Low; Sun , Part Shade; High; High","Region: AGCP AK AW CB EMP GP HI MW NCNE WMVE Status: FACU FACU FACU FACU UPL FACU FACU FACU | This information is derived from: U.S. Army Corps of Engineers. (2023). 2022 National Wetland Plant List, version 3.6. U.S. Army Engineer Research and Development Center, Vicksburg, MS. | https://wetland-plants.usace.army.mil/ | . | Click here | for map of regions.",High,No,Publish now,Literature-supported microregion assignment; field/GIS confirmation can be added in a later release.,"LBJ/USDA/FNA/USACE support species habitat traits; NRCS/EPA/TPWD links support site/soil/ecoregion/vegetation validation, not species identity.",v1-online-public-draft,2026-05-27,schizachyrium-scoparium,https://www.wildflower.org/plants/result.php?id_plant=SCSC,https://plants.usda.gov/home/basicSearchResults?searchString=Schizachyrium+scoparium,https://floranorthamerica.org/Special:Search?search=Schizachyrium+scoparium,https://floranorthamerica.org/Schizachyrium_scoparium,https://wetland-plants.sec.usace.army.mil/,https://websoilsurvey.nrcs.usda.gov/app/,https://edit.sc.egov.usda.gov/,https://www.epa.gov/eco-research/ecoregions,https://tpwd.texas.gov/landwater/land/programs/landscape-ecology/ems/,
Setaria scheelei,Setaria scheelei,27,Setaria scheelei,Setaria scheelei,"Southwestern Bristlegrass, Scheele's Bristlegrass, Scheele's Foxtail Grass, Foxtail Grass",Upland prairie and open grassland systems,Shallow Upland Prairie,open dry upland prairie/grassland,open dry upland prairie/grassland,"Dry , Moist; Low , Medium; Part Shade , Shade",,Medium,Optional,Publish with caveat,"Usable for public draft release, but should remain flagged as provisional until optional spot-check or field/GIS support is added.","LBJ/USDA/FNA/USACE support species habitat traits; NRCS/EPA/TPWD links support site/soil/ecoregion/vegetation validation, not species identity.",v1-online-public-draft,2026-05-27,setaria-scheelei,https://www.wildflower.org/plants/result.php?id_plant=SESC2,https://plants.usda.gov/home/basicSearchResults?searchString=Setaria+scheelei,https://floranorthamerica.org/Special:Search?search=Setaria+scheelei,https://floranorthamerica.org/Setaria_scheelei,https://wetland-plants.sec.usace.army.mil/,https://websoilsurvey.nrcs.usda.gov/app/,https://edit.sc.egov.usda.gov/,https://www.epa.gov/eco-research/ecoregions,https://tpwd.texas.gov/landwater/land/programs/landscape-ecology/ems/,Mesic Canyons & Seeps; Upland Woodland
Sorghastrum nutans,Sorghastrum nutans,28,Sorghastrum nutans,Sorghastrum nutans,"Indiangrass, Yellow Indiangrass, Indian Grass",Upland prairie and open grassland systems,Shallow Upland Prairie,dry upland prairie slope,dry upland prairie slope,"Dry , Moist; Medium; Sun , Part Shade , Shade; High; High","Region: AGCP AK AW CB EMP GP HI MW NCNE WMVE Status: FACU FACU FACU FACU FACU FACU FACU | This information is derived from: U.S. Army Corps of Engineers. (2023). 2022 National Wetland Plant List, version 3.6. U.S. Army Engineer Research and Development Center, Vicksburg, MS. | https://wetland-plants.usace.army.mil/ | . | Click here | for map of regions.",High,No,Publish now,Literature-supported microregion assignment; field/GIS confirmation can be added in a later release.,"LBJ/USDA/FNA/USACE support species habitat traits; NRCS/EPA/TPWD links support site/soil/ecoregion/vegetation validation, not species identity.",v1-online-public-draft,2026-05-27,sorghastrum-nutans,https://www.wildflower.org/plants/result.php?id_plant=SONU2,https://plants.usda.gov/home/basicSearchResults?searchString=Sorghastrum+nutans,https://floranorthamerica.org/Special:Search?search=Sorghastrum+nutans,https://floranorthamerica.org/Sorghastrum_nutans,https://wetland-plants.sec.usace.army.mil/,https://websoilsurvey.nrcs.usda.gov/app/,https://edit.sc.egov.usda.gov/,https://www.epa.gov/eco-research/ecoregions,https://tpwd.texas.gov/landwater/land/programs/landscape-ecology/ems/,Shallow Upland Prairie; Upland Woodland
Tridens albescens,Tridens albescens,29,Tridens albescens,Tridens albescens,"White Tridens, White Top",Upland prairie and open grassland systems,Deep Clay Prairie,deep clay/swale; disturbed/roadside/ditch; moist mesic; shade/part shade,"clay roadsides, riparian areas, swales",Moist; Medium; Part Shade,"Region: AGCP AK AW CB EMP GP HI MW NCNE WMVE Status: FAC FACU FAC FAC FAC FACU | This information is derived from: U.S. Army Corps of Engineers. (2023). 2022 National Wetland Plant List, version 3.6. U.S. Army Engineer Research and Development Center, Vicksburg, MS. | https://wetland-plants.usace.army.mil/ | . | Click here | for map of regions.",High,No,Publish now,Literature-supported microregion assignment; field/GIS confirmation can be added in a later release.,"LBJ/USDA/FNA/USACE support species habitat traits; NRCS/EPA/TPWD links support site/soil/ecoregion/vegetation validation, not species identity.",v1-online-public-draft,2026-05-27,tridens-albescens,https://www.wildflower.org/plants/result.php?id_plant=TRAL2,https://plants.usda.gov/home/basicSearchResults?searchString=Tridens+albescens,https://floranorthamerica.org/Special:Search?search=Tridens+albescens,https://floranorthamerica.org/Tridens_albescens,https://wetland-plants.sec.usace.army.mil/,https://websoilsurvey.nrcs.usda.gov/app/,https://edit.sc.egov.usda.gov/,https://www.epa.gov/eco-research/ecoregions,https://tpwd.texas.gov/landwater/land/programs/landscape-ecology/ems/,Riparian Banks; Ecotone / Edge Thicket
Tridens flavus,Tridens flavus,30,Tridens flavus,Tridens flavus,Purpletop Tridens,Upland prairie and open grassland systems,Shallow Upland Prairie,sandy/loamy upland prairie or open field,sandy/loamy upland prairie or open field,Dry; Low; Part Shade; Low,"Region: AGCP AK AW CB EMP GP HI MW NCNE WMVE Status: FACU UPL FACU UPL UPL UPL UPL | This information is derived from: U.S. Army Corps of Engineers. (2023). 2022 National Wetland Plant List, version 3.6. U.S. Army Engineer Research and Development Center, Vicksburg, MS. | https://wetland-plants.usace.army.mil/ | . | Click here | for map of regions.",High,No,Publish now,Literature-supported microregion assignment; field/GIS confirmation can be added in a later release.,"LBJ/USDA/FNA/USACE support species habitat traits; NRCS/EPA/TPWD links support site/soil/ecoregion/vegetation validation, not species identity.",v1-online-public-draft,2026-05-27,tridens-flavus,https://www.wildflower.org/plants/result.php?id_plant=TRFL2,https://plants.usda.gov/home/basicSearchResults?searchString=Tridens+flavus,https://floranorthamerica.org/Special:Search?search=Tridens+flavus,https://floranorthamerica.org/Tridens_flavus,https://wetland-plants.sec.usace.army.mil/,https://websoilsurvey.nrcs.usda.gov/app/,https://edit.sc.egov.usda.gov/,https://www.epa.gov/eco-research/ecoregions,https://tpwd.texas.gov/landwater/land/programs/landscape-ecology/ems/,Deep Clay Prairie; Shallow Upland Prairie
Tripsacum dactyloides,Tripsacum dactyloides,31,Tripsacum dactyloides,Tripsacum dactyloides,"Eastern Gamagrass, Fakahatchee Grass",Upland prairie and open grassland systems,Shallow Upland Prairie,sandy/loamy upland prairie or open field,sandy/loamy upland prairie or open field,Moist; High; Part Shade,"Region: AGCP AK AW CB EMP GP HI MW NCNE WMVE Status: FAC FAC FACW FAC FAC FAC | This information is derived from: U.S. Army Corps of Engineers. (2023). 2022 National Wetland Plant List, version 3.6. U.S. Army Engineer Research and Development Center, Vicksburg, MS. | https://wetland-plants.usace.army.mil/ | . | Click here | for map of regions.",High,No,Publish now,Literature-supported microregion assignment; field/GIS confirmation can be added in a later release.,"LBJ/USDA/FNA/USACE support species habitat traits; NRCS/EPA/TPWD links support site/soil/ecoregion/vegetation validation, not species identity.",v1-online-public-draft,2026-05-27,tripsacum-dactyloides,https://www.wildflower.org/plants/result.php?id_plant=TRDA3,https://plants.usda.gov/home/basicSearchResults?searchString=Tripsacum+dactyloides,https://floranorthamerica.org/Special:Search?search=Tripsacum+dactyloides,https://floranorthamerica.org/Tripsacum_dactyloides,https://wetland-plants.sec.usace.army.mil/,https://websoilsurvey.nrcs.usda.gov/app/,https://edit.sc.egov.usda.gov/,https://www.epa.gov/eco-research/ecoregions,https://tpwd.texas.gov/landwater/land/programs/landscape-ecology/ems/,
Achillea millefolium,Achillea millefolium,32,Achillea millefolium,Achillea millefolium,"Common Yarrow, Western Yarrow, Yarrow, Milfoil",Upland prairie and open grassland systems,Shallow Upland Prairie,open dry upland prairie/grassland,open dry upland prairie/grassland,"Dry; Medium; Sun , Part Shade; Medium; High","Region: AGCP AK AW CB EMP GP HI MW NCNE WMVE Status: FACU FACU FACU FACU FACU UPL FACU FACU FACU | This information is derived from: U.S. Army Corps of Engineers. (2023). 2022 National Wetland Plant List, version 3.6. U.S. Army Engineer Research and Development Center, Vicksburg, MS. | https://wetland-plants.usace.army.mil/ | . | Click here | for map of regions.",Medium,Optional,Publish with caveat,"Usable for public draft release, but should remain flagged as provisional until optional spot-check or field/GIS support is added.","LBJ/USDA/FNA/USACE support species habitat traits; NRCS/EPA/TPWD links support site/soil/ecoregion/vegetation validation, not species identity.",v1-online-public-draft,2026-05-27,achillea-millefolium,https://www.wildflower.org/plants/result.php?id_plant=ACMI2,https://plants.usda.gov/home/basicSearchResults?searchString=Achillea+millefolium,https://floranorthamerica.org/Special:Search?search=Achillea+millefolium,https://floranorthamerica.org/Achillea_millefolium,https://wetland-plants.sec.usace.army.mil/,https://websoilsurvey.nrcs.usda.gov/app/,https://edit.sc.egov.usda.gov/,https://www.epa.gov/eco-research/ecoregions,https://tpwd.texas.gov/landwater/land/programs/landscape-ecology/ems/,Shallow Upland Prairie; Ecotone / Edge Thicket
Acmella oppositifolia var. repens,Acmella oppositifolia var. repens,33,Acmella oppositifolia var. repens,Acmella oppositifolia var. repens,Spotflower,"Ecotone, thicket, and disturbance-edge systems",Ecotone / Edge Thicket,sunny open,disturbed wet/drying edge or drainage margin,Medium; Sun; Medium,,Medium,Optional,Publish with caveat,"Usable for public draft release, but should remain flagged as provisional until optional spot-check or field/GIS support is added.","LBJ/USDA/FNA/USACE support species habitat traits; NRCS/EPA/TPWD links support site/soil/ecoregion/vegetation validation, not species identity.",v1-online-public-draft,2026-05-27,acmella-oppositifolia-var-repens,https://www.wildflower.org/plants/result.php?id_plant=ACOPR,https://plants.usda.gov/home/basicSearchResults?searchString=Acmella+oppositifolia+var.+repens,https://floranorthamerica.org/Special:Search?search=Acmella+oppositifolia+var.+repens,https://floranorthamerica.org/Acmella_oppositifolia_var_repens,https://wetland-plants.sec.usace.army.mil/,https://websoilsurvey.nrcs.usda.gov/app/,https://edit.sc.egov.usda.gov/,https://www.epa.gov/eco-research/ecoregions,https://tpwd.texas.gov/landwater/land/programs/landscape-ecology/ems/,Riparian Banks; Aquatic / Spring Runs
Acourtia runcinata,Acourtia runcinata,34,Acourtia runcinata,Acourtia runcinata,"Featherleaf Desertpeony, Peonia",Woodland and karst upland systems,Upland Woodland,juniper/oak woodland or dry calcareous scrub,juniper/oak woodland or dry calcareous scrub,,,High,No,Publish now,Literature-supported microregion assignment; field/GIS confirmation can be added in a later release.,"LBJ/USDA/FNA/USACE support species habitat traits; NRCS/EPA/TPWD links support site/soil/ecoregion/vegetation validation, not species identity.",v1-online-public-draft,2026-05-27,acourtia-runcinata,https://www.wildflower.org/plants/result.php?id_plant=ACRU3,https://plants.usda.gov/home/basicSearchResults?searchString=Acourtia+runcinata,https://floranorthamerica.org/Special:Search?search=Acourtia+runcinata,https://floranorthamerica.org/Acourtia_runcinata,https://wetland-plants.sec.usace.army.mil/,https://websoilsurvey.nrcs.usda.gov/app/,https://edit.sc.egov.usda.gov/,https://www.epa.gov/eco-research/ecoregions,https://tpwd.texas.gov/landwater/land/programs/landscape-ecology/ems/,Upland Savanna; Karst Outcrops; Ecotone / Edge Thicket
Acourtia wrightii,Acourtia wrightii,35,Acourtia wrightii,Acourtia wrightii,"Brownfoot, Pink Perezia",Upland prairie and open grassland systems,Shallow Upland Prairie,sandy/loamy upland prairie or open field,sandy/loamy upland prairie or open field,Dry; Low; Part Shade,,High,No,Publish now,Literature-supported microregion assignment; field/GIS confirmation can be added in a later release.,"LBJ/USDA/FNA/USACE support species habitat traits; NRCS/EPA/TPWD links support site/soil/ecoregion/vegetation validation, not species identity.",v1-online-public-draft,2026-05-27,acourtia-wrightii,https://www.wildflower.org/plants/result.php?id_plant=ACWR5,https://plants.usda.gov/home/basicSearchResults?searchString=Acourtia+wrightii,https://floranorthamerica.org/Special:Search?search=Acourtia+wrightii,https://floranorthamerica.org/Acourtia_wrightii,https://wetland-plants.sec.usace.army.mil/,https://websoilsurvey.nrcs.usda.gov/app/,https://edit.sc.egov.usda.gov/,https://www.epa.gov/eco-research/ecoregions,https://tpwd.texas.gov/landwater/land/programs/landscape-ecology/ems/,
Amsonia ciliata,Amsonia ciliata,36,Amsonia ciliata,Amsonia ciliata,"Blue Amsonia, Fringed bluestar",Upland prairie and open grassland systems,Shallow Upland Prairie,sandy/loamy upland prairie or open field,sandy/loamy upland prairie or open field,Dry; Medium; Part Shade,,High,No,Publish now,Literature-supported microregion assignment; field/GIS confirmation can be added in a later release.,"LBJ/USDA/FNA/USACE support species habitat traits; NRCS/EPA/TPWD links support site/soil/ecoregion/vegetation validation, not species identity.",v1-online-public-draft,2026-05-27,amsonia-ciliata,https://www.wildflower.org/plants/result.php?id_plant=AMCI,https://plants.usda.gov/home/basicSearchResults?searchString=Amsonia+ciliata,https://floranorthamerica.org/Special:Search?search=Amsonia+ciliata,https://floranorthamerica.org/Amsonia_ciliata,https://wetland-plants.sec.usace.army.mil/,https://websoilsurvey.nrcs.usda.gov/app/,https://edit.sc.egov.usda.gov/,https://www.epa.gov/eco-research/ecoregions,https://tpwd.texas.gov/landwater/land/programs/landscape-ecology/ems/,Karst Outcrops; Shallow Upland Prairie; Deep Clay Prairie
Aquilegia canadensis,Aquilegia canadensis,37,Aquilegia canadensis,Aquilegia canadensis,"Eastern Red Columbine, Wild Red Columbine",Upland prairie and open grassland systems,Shallow Upland Prairie,sandy/loamy upland prairie or open field,sandy/loamy upland prairie or open field,"Dry , Moist; Low , Medium; Part Shade , Shade; High","Region: AGCP AK AW CB EMP GP HI MW NCNE WMVE Status: FACU FAC FAC FACU FACU FAC | This information is derived from: U.S. Army Corps of Engineers. (2023). 2022 National Wetland Plant List, version 3.6. U.S. Army Engineer Research and Development Center, Vicksburg, MS. | https://wetland-plants.usace.army.mil/ | . | Click here | for map of regions.",High,No,Publish now,Literature-supported microregion assignment; field/GIS confirmation can be added in a later release.,"LBJ/USDA/FNA/USACE support species habitat traits; NRCS/EPA/TPWD links support site/soil/ecoregion/vegetation validation, not species identity.",v1-online-public-draft,2026-05-27,aquilegia-canadensis,https://www.wildflower.org/plants/result.php?id_plant=AQCA,https://plants.usda.gov/home/basicSearchResults?searchString=Aquilegia+canadensis,https://floranorthamerica.org/Special:Search?search=Aquilegia+canadensis,https://floranorthamerica.org/Aquilegia_canadensis,https://wetland-plants.sec.usace.army.mil/,https://websoilsurvey.nrcs.usda.gov/app/,https://edit.sc.egov.usda.gov/,https://www.epa.gov/eco-research/ecoregions,https://tpwd.texas.gov/landwater/land/programs/landscape-ecology/ems/,Upland Woodland
Argemone polyanthemos,Argemone polyanthemos,38,Argemone polyanthemos,Argemone polyanthemos,White Prickly Poppy,Upland prairie and open grassland systems,Shallow Upland Prairie,sandy/loamy upland prairie or open field,sandy/loamy upland prairie or open field,Dry; Low; Sun; High,,High,No,Publish now,Literature-supported microregion assignment; field/GIS confirmation can be added in a later release.,"LBJ/USDA/FNA/USACE support species habitat traits; NRCS/EPA/TPWD links support site/soil/ecoregion/vegetation validation, not species identity.",v1-online-public-draft,2026-05-27,argemone-polyanthemos,https://www.wildflower.org/plants/result.php?id_plant=ARPO2,https://plants.usda.gov/home/basicSearchResults?searchString=Argemone+polyanthemos,https://floranorthamerica.org/Special:Search?search=Argemone+polyanthemos,https://floranorthamerica.org/Argemone_polyanthemos,https://wetland-plants.sec.usace.army.mil/,https://websoilsurvey.nrcs.usda.gov/app/,https://edit.sc.egov.usda.gov/,https://www.epa.gov/eco-research/ecoregions,https://tpwd.texas.gov/landwater/land/programs/landscape-ecology/ems/,
Argemone sanguinea,Argemone sanguinea,39,Argemone sanguinea,Argemone sanguinea,"Red Pricklypoppy, Rose Prickly Poppy, Red Prickly Poppy",Upland prairie and open grassland systems,Shallow Upland Prairie,sandy/loamy upland prairie or open field,sandy/loamy upland prairie or open field,Dry; Low; Part Shade,,High,No,Publish now,Literature-supported microregion assignment; field/GIS confirmation can be added in a later release.,"LBJ/USDA/FNA/USACE support species habitat traits; NRCS/EPA/TPWD links support site/soil/ecoregion/vegetation validation, not species identity.",v1-online-public-draft,2026-05-27,argemone-sanguinea,https://www.wildflower.org/plants/result.php?id_plant=ARSA4,https://plants.usda.gov/home/basicSearchResults?searchString=Argemone+sanguinea,https://floranorthamerica.org/Special:Search?search=Argemone+sanguinea,https://floranorthamerica.org/Argemone_sanguinea,https://wetland-plants.sec.usace.army.mil/,https://websoilsurvey.nrcs.usda.gov/app/,https://edit.sc.egov.usda.gov/,https://www.epa.gov/eco-research/ecoregions,https://tpwd.texas.gov/landwater/land/programs/landscape-ecology/ems/,
Aristolochia erecta,Aristolochia erecta,40,Aristolochia erecta,Aristolochia erecta,Swanflower,Upland prairie and open grassland systems,Shallow Upland Prairie,open dry upland prairie/grassland,open dry upland prairie/grassland,"Moist; Low , Medium; Sun , Part Shade",,Medium,Optional,Publish with caveat,"Usable for public draft release, but should remain flagged as provisional until optional spot-check or field/GIS support is added.","LBJ/USDA/FNA/USACE support species habitat traits; NRCS/EPA/TPWD links support site/soil/ecoregion/vegetation validation, not species identity.",v1-online-public-draft,2026-05-27,aristolochia-erecta,https://www.wildflower.org/plants/result.php?id_plant=ARER,https://plants.usda.gov/home/basicSearchResults?searchString=Aristolochia+erecta,https://floranorthamerica.org/Special:Search?search=Aristolochia+erecta,https://floranorthamerica.org/Aristolochia_erecta,https://wetland-plants.sec.usace.army.mil/,https://websoilsurvey.nrcs.usda.gov/app/,https://edit.sc.egov.usda.gov/,https://www.epa.gov/eco-research/ecoregions,https://tpwd.texas.gov/landwater/land/programs/landscape-ecology/ems/,Shallow Upland Prairie
Asclepias asperula,Asclepias asperula,41,Asclepias asperula,Asclepias asperula,"Antelope-horns, Spider Milkweed, Green-flowered Milkweed, Spider Antelope-horns, Antelope Horns",Upland prairie and open grassland systems,Shallow Upland Prairie,sandy/loamy upland prairie or open field,sandy/loamy upland prairie or open field,"Dry , Moist; Medium; Sun",,High,No,Publish now,Literature-supported microregion assignment; field/GIS confirmation can be added in a later release.,"LBJ/USDA/FNA/USACE support species habitat traits; NRCS/EPA/TPWD links support site/soil/ecoregion/vegetation validation, not species identity.",v1-online-public-draft,2026-05-27,asclepias-asperula,https://www.wildflower.org/plants/result.php?id_plant=ASAS,https://plants.usda.gov/home/basicSearchResults?searchString=Asclepias+asperula,https://floranorthamerica.org/Special:Search?search=Asclepias+asperula,https://floranorthamerica.org/Asclepias_asperula,https://wetland-plants.sec.usace.army.mil/,https://websoilsurvey.nrcs.usda.gov/app/,https://edit.sc.egov.usda.gov/,https://www.epa.gov/eco-research/ecoregions,https://tpwd.texas.gov/landwater/land/programs/landscape-ecology/ems/,
Asclepias incarnata,Asclepias incarnata,42,Asclepias incarnata,Asclepias incarnata,"Swamp Milkweed, Pink Milkweed","Aquatic, spring-run, and wetland systems",Aquatic / Spring Runs,pond/lake margin or shallow open water,pond/lake margin or shallow open water,"Moist , Wet; High; Sun , Part Shade; Medium","Region: AGCP AK AW CB EMP GP HI MW NCNE WMVE Status: OBL OBL OBL FACW OBL OBL OBL | This information is derived from: U.S. Army Corps of Engineers. (2023). 2022 National Wetland Plant List, version 3.6. U.S. Army Engineer Research and Development Center, Vicksburg, MS. | https://wetland-plants.usace.army.mil/ | . | Click here | for map of regions.",High,No,Publish now,Literature-supported microregion assignment; field/GIS confirmation can be added in a later release.,"LBJ/USDA/FNA/USACE support species habitat traits; NRCS/EPA/TPWD links support site/soil/ecoregion/vegetation validation, not species identity.",v1-online-public-draft,2026-05-27,asclepias-incarnata,https://www.wildflower.org/plants/result.php?id_plant=ASIN,https://plants.usda.gov/home/basicSearchResults?searchString=Asclepias+incarnata,https://floranorthamerica.org/Special:Search?search=Asclepias+incarnata,https://floranorthamerica.org/Asclepias_incarnata,https://wetland-plants.sec.usace.army.mil/,https://websoilsurvey.nrcs.usda.gov/app/,https://edit.sc.egov.usda.gov/,https://www.epa.gov/eco-research/ecoregions,https://tpwd.texas.gov/landwater/land/programs/landscape-ecology/ems/,
Asclepias oenotheroides,Asclepias oenotheroides,43,Asclepias oenotheroides,Asclepias oenotheroides,"Zizotes Milkweed, Hierba De Zizotes, Side-cluster Milkweed, Longhorn Milkweed, Primrose Milkweed, Lindheimer's Milkweed",Upland prairie and open grassland systems,Shallow Upland Prairie,sandy/loamy upland prairie or open field,sandy/loamy upland prairie or open field,Dry; Sun,"Region: AGCP AK AW CB EMP GP HI MW NCNE WMVE Status: FACU FACU FACU FACU | This information is derived from: U.S. Army Corps of Engineers. (2023). 2022 National Wetland Plant List, version 3.6. U.S. Army Engineer Research and Development Center, Vicksburg, MS. | https://wetland-plants.usace.army.mil/ | . | Click here | for map of regions.",High,No,Publish now,Literature-supported microregion assignment; field/GIS confirmation can be added in a later release.,"LBJ/USDA/FNA/USACE support species habitat traits; NRCS/EPA/TPWD links support site/soil/ecoregion/vegetation validation, not species identity.",v1-online-public-draft,2026-05-27,asclepias-oenotheroides,https://www.wildflower.org/plants/result.php?id_plant=ASOE,https://plants.usda.gov/home/basicSearchResults?searchString=Asclepias+oenotheroides,https://floranorthamerica.org/Special:Search?search=Asclepias+oenotheroides,https://floranorthamerica.org/Asclepias_oenotheroides,https://wetland-plants.sec.usace.army.mil/,https://websoilsurvey.nrcs.usda.gov/app/,https://edit.sc.egov.usda.gov/,https://www.epa.gov/eco-research/ecoregions,https://tpwd.texas.gov/landwater/land/programs/landscape-ecology/ems/,
Asclepias texana,Asclepias texana,44 | 45,Asclepias texana,Asclepias texana,Texas Milkweed,Woodland and karst upland systems,Karst Outcrops,stream/river bank; ravine/canyon/depression; rocky/ledge/slope; dry upland; sunny open,dry rocky canyon/arroyos plus workbook ravines/stream banks,Dry; Low; Sun,"Region: AGCP AK AW CB EMP GP HI MW NCNE WMVE Status: FACU FACU | This information is derived from: U.S. Army Corps of Engineers. (2023). 2022 National Wetland Plant List, version 3.6. U.S. Army Engineer Research and Development Center, Vicksburg, MS. | https://wetland-plants.usace.army.mil/ | . | Click here | for map of regions.",High,No,Publish now,Literature-supported microregion assignment; field/GIS confirmation can be added in a later release.,"LBJ/USDA/FNA/USACE support species habitat traits; NRCS/EPA/TPWD links support site/soil/ecoregion/vegetation validation, not species identity.",v1-online-public-draft,2026-05-27,asclepias-texana,https://www.wildflower.org/plants/result.php?id_plant=ASTE,https://plants.usda.gov/home/basicSearchResults?searchString=Asclepias+texana,https://floranorthamerica.org/Special:Search?search=Asclepias+texana,https://floranorthamerica.org/Asclepias_texana,https://wetland-plants.sec.usace.army.mil/,https://websoilsurvey.nrcs.usda.gov/app/,https://edit.sc.egov.usda.gov/,https://www.epa.gov/eco-research/ecoregions,https://tpwd.texas.gov/landwater/land/programs/landscape-ecology/ems/,Shallow Upland Prairie; Mesic Canyons & Seeps; Riparian Banks
Asclepias tuberosa,Asclepias tuberosa,46,Asclepias tuberosa,Asclepias tuberosa,"Butterflyweed, Butterfly Weed, Butterfly Milkweed, Orange Milkweed, Pleurisy Root, Chigger Flower, Chiggerweed",Upland prairie and open grassland systems,Shallow Upland Prairie,sandy/loamy upland prairie or open field,sandy/loamy upland prairie or open field,"Dry , Moist; Low; Sun; Medium; High",,High,No,Publish now,Literature-supported microregion assignment; field/GIS confirmation can be added in a later release.,"LBJ/USDA/FNA/USACE support species habitat traits; NRCS/EPA/TPWD links support site/soil/ecoregion/vegetation validation, not species identity.",v1-online-public-draft,2026-05-27,asclepias-tuberosa,https://www.wildflower.org/plants/result.php?id_plant=ASTU,https://plants.usda.gov/home/basicSearchResults?searchString=Asclepias+tuberosa,https://floranorthamerica.org/Special:Search?search=Asclepias+tuberosa,https://floranorthamerica.org/Asclepias_tuberosa,https://wetland-plants.sec.usace.army.mil/,https://websoilsurvey.nrcs.usda.gov/app/,https://edit.sc.egov.usda.gov/,https://www.epa.gov/eco-research/ecoregions,https://tpwd.texas.gov/landwater/land/programs/landscape-ecology/ems/,
Asclepias viridis,Asclepias viridis,47,Asclepias viridis,Asclepias viridis,"Green Milkweed, Spider Milkweed",Upland prairie and open grassland systems,Shallow Upland Prairie,open dry upland prairie/grassland,open dry upland prairie/grassland,Moist; Low; Sun,,High,No,Publish now,Literature-supported microregion assignment; field/GIS confirmation can be added in a later release.,"LBJ/USDA/FNA/USACE support species habitat traits; NRCS/EPA/TPWD links support site/soil/ecoregion/vegetation validation, not species identity.",v1-online-public-draft,2026-05-27,asclepias-viridis,https://www.wildflower.org/plants/result.php?id_plant=ASVI2,https://plants.usda.gov/home/basicSearchResults?searchString=Asclepias+viridis,https://floranorthamerica.org/Special:Search?search=Asclepias+viridis,https://floranorthamerica.org/Asclepias_viridis,https://wetland-plants.sec.usace.army.mil/,https://websoilsurvey.nrcs.usda.gov/app/,https://edit.sc.egov.usda.gov/,https://www.epa.gov/eco-research/ecoregions,https://tpwd.texas.gov/landwater/land/programs/landscape-ecology/ems/,
Baptisia bracteata,Baptisia bracteata,48,Baptisia bracteata,Baptisia bracteata,Wild Indigo,Upland prairie and open grassland systems,Shallow Upland Prairie,stream/river bank; rocky/ledge/slope; prairie/open field; woodland/wood edge; dry upland; moist mesic; sunny open; shade/part shade,"prairies, rocky woods, fields, and along streams","Dry , Moist; Sun , Part Shade; High",,High,No,Publish now,Literature-supported microregion assignment; field/GIS confirmation can be added in a later release.,"LBJ/USDA/FNA/USACE support species habitat traits; NRCS/EPA/TPWD links support site/soil/ecoregion/vegetation validation, not species identity.",v1-online-public-draft,2026-05-27,baptisia-bracteata,https://www.wildflower.org/plants/result.php?id_plant=BABR2,https://plants.usda.gov/home/basicSearchResults?searchString=Baptisia+bracteata,https://floranorthamerica.org/Special:Search?search=Baptisia+bracteata,https://floranorthamerica.org/Baptisia_bracteata,https://wetland-plants.sec.usace.army.mil/,https://websoilsurvey.nrcs.usda.gov/app/,https://edit.sc.egov.usda.gov/,https://www.epa.gov/eco-research/ecoregions,https://tpwd.texas.gov/landwater/land/programs/landscape-ecology/ems/,Upland Woodland; Karst Outcrops; Riparian Banks
Berlandiera lyrata,Berlandiera lyrata,49,Berlandiera lyrata,Berlandiera lyrata,"Chocolate Daisy, Chocolate Flower, Lyreleaf Greeneyes, Green-eyed Lyre Leaf",Woodland and karst upland systems,Karst Outcrops,rocky calcareous limestone outcrop,rocky calcareous limestone outcrop,"Moist; Low; Sun , Part Shade; High",,High,No,Publish now,Literature-supported microregion assignment; field/GIS confirmation can be added in a later release.,"LBJ/USDA/FNA/USACE support species habitat traits; NRCS/EPA/TPWD links support site/soil/ecoregion/vegetation validation, not species identity.",v1-online-public-draft,2026-05-27,berlandiera-lyrata,https://www.wildflower.org/plants/result.php?id_plant=BELY,https://plants.usda.gov/home/basicSearchResults?searchString=Berlandiera+lyrata,https://floranorthamerica.org/Special:Search?search=Berlandiera+lyrata,https://floranorthamerica.org/Berlandiera_lyrata,https://wetland-plants.sec.usace.army.mil/,https://websoilsurvey.nrcs.usda.gov/app/,https://edit.sc.egov.usda.gov/,https://www.epa.gov/eco-research/ecoregions,https://tpwd.texas.gov/landwater/land/programs/landscape-ecology/ems/,
Brickellia eupatorioides,Brickellia eupatorioides,50,Brickellia eupatorioides,Brickellia eupatorioides,False Boneset,Upland prairie and open grassland systems,Shallow Upland Prairie,prairie/open field; sunny open,grassland communities / prairie-type openings,,,High,No,Publish now,Literature-supported microregion assignment; field/GIS confirmation can be added in a later release.,"LBJ/USDA/FNA/USACE support species habitat traits; NRCS/EPA/TPWD links support site/soil/ecoregion/vegetation validation, not species identity.",v1-online-public-draft,2026-05-27,brickellia-eupatorioides,https://www.wildflower.org/plants/result.php?id_plant=BREU,https://plants.usda.gov/home/basicSearchResults?searchString=Brickellia+eupatorioides,https://floranorthamerica.org/Special:Search?search=Brickellia+eupatorioides,https://floranorthamerica.org/Brickellia_eupatorioides,https://wetland-plants.sec.usace.army.mil/,https://websoilsurvey.nrcs.usda.gov/app/,https://edit.sc.egov.usda.gov/,https://www.epa.gov/eco-research/ecoregions,https://tpwd.texas.gov/landwater/land/programs/landscape-ecology/ems/,Deep Clay Prairie; Upland Savanna
Callirhoe involucrata,Callirhoe involucrata,51,Callirhoe involucrata,Callirhoe involucrata,"Winecup, Purple Poppy Mallow",Upland prairie and open grassland systems,Shallow Upland Prairie,sandy/loamy upland prairie or open field,sandy/loamy upland prairie or open field,"Dry , Moist; Medium; Sun , Part Shade; Medium",,Medium,Optional,Publish with caveat,"Usable for public draft release, but should remain flagged as provisional until optional spot-check or field/GIS support is added.","LBJ/USDA/FNA/USACE support species habitat traits; NRCS/EPA/TPWD links support site/soil/ecoregion/vegetation validation, not species identity.",v1-online-public-draft,2026-05-27,callirhoe-involucrata,https://www.wildflower.org/plants/result.php?id_plant=CAIN2,https://plants.usda.gov/home/basicSearchResults?searchString=Callirhoe+involucrata,https://floranorthamerica.org/Special:Search?search=Callirhoe+involucrata,https://floranorthamerica.org/Callirhoe_involucrata,https://wetland-plants.sec.usace.army.mil/,https://websoilsurvey.nrcs.usda.gov/app/,https://edit.sc.egov.usda.gov/,https://www.epa.gov/eco-research/ecoregions,https://tpwd.texas.gov/landwater/land/programs/landscape-ecology/ems/,Karst Outcrops
Calylophus berlandieri,Calylophus berlandieri,52,Calylophus berlandieri,Calylophus berlandieri,"Berlandier's Sundrops , Square-bud Primrose, Sundrops","Ecotone, thicket, and disturbance-edge systems",Ecotone / Edge Thicket,"disturbed edge, roadside, or old-field transition","disturbed edge, roadside, or old-field transition","Moist; Low; Sun , Part Shade",,High,No,Publish now,Literature-supported microregion assignment; field/GIS confirmation can be added in a later release.,"LBJ/USDA/FNA/USACE support species habitat traits; NRCS/EPA/TPWD links support site/soil/ecoregion/vegetation validation, not species identity.",v1-online-public-draft,2026-05-27,calylophus-berlandieri,https://www.wildflower.org/plants/result.php?id_plant=CABE6,https://plants.usda.gov/home/basicSearchResults?searchString=Calylophus+berlandieri,https://floranorthamerica.org/Special:Search?search=Calylophus+berlandieri,https://floranorthamerica.org/Calylophus_berlandieri,https://wetland-plants.sec.usace.army.mil/,https://websoilsurvey.nrcs.usda.gov/app/,https://edit.sc.egov.usda.gov/,https://www.epa.gov/eco-research/ecoregions,https://tpwd.texas.gov/landwater/land/programs/landscape-ecology/ems/,Karst Outcrops; Ecotone / Edge Thicket
Calyptocarpus vialis,Calyptocarpus vialis,53,Calyptocarpus vialis,Calyptocarpus vialis,Horseherb,Upland prairie and open grassland systems,Shallow Upland Prairie,sandy/loamy upland prairie or open field,sandy/loamy upland prairie or open field,"Dry , Moist; Low , Medium; Sun , Part Shade , Shade; High","Region: AGCP AK AW CB EMP GP HI MW NCNE WMVE Status: FAC FAC FAC FAC FAC FAC FACU | This information is derived from: U.S. Army Corps of Engineers. (2023). 2022 National Wetland Plant List, version 3.6. U.S. Army Engineer Research and Development Center, Vicksburg, MS. | https://wetland-plants.usace.army.mil/ | . | Click here | for map of regions.",High,No,Publish now,Literature-supported microregion assignment; field/GIS confirmation can be added in a later release.,"LBJ/USDA/FNA/USACE support species habitat traits; NRCS/EPA/TPWD links support site/soil/ecoregion/vegetation validation, not species identity.",v1-online-public-draft,2026-05-27,calyptocarpus-vialis,https://www.wildflower.org/plants/result.php?id_plant=CAVI2,https://plants.usda.gov/home/basicSearchResults?searchString=Calyptocarpus+vialis,https://floranorthamerica.org/Special:Search?search=Calyptocarpus+vialis,https://floranorthamerica.org/Calyptocarpus_vialis,https://wetland-plants.sec.usace.army.mil/,https://websoilsurvey.nrcs.usda.gov/app/,https://edit.sc.egov.usda.gov/,https://www.epa.gov/eco-research/ecoregions,https://tpwd.texas.gov/landwater/land/programs/landscape-ecology/ems/,Shallow Upland Prairie; Upland Woodland
Capsicum annuum,Capsicum annuum,54,Capsicum annuum,Capsicum annuum,"Chile Tepin, Chile Pequin, Chiltepin, Chile Petin, Bird Pepper, Turkey Pepper , Cayenne Pepper",Woodland and karst upland systems,Karst Outcrops,"limestone ledge, cliff, or bluff","limestone ledge, cliff, or bluff","Moist; Low; Sun , Part Shade , Shade",,High,No,Publish now,Literature-supported microregion assignment; field/GIS confirmation can be added in a later release.,"LBJ/USDA/FNA/USACE support species habitat traits; NRCS/EPA/TPWD links support site/soil/ecoregion/vegetation validation, not species identity.",v1-online-public-draft,2026-05-27,capsicum-annuum,https://www.wildflower.org/plants/result.php?id_plant=CAAN4,https://plants.usda.gov/home/basicSearchResults?searchString=Capsicum+annuum,https://floranorthamerica.org/Special:Search?search=Capsicum+annuum,https://floranorthamerica.org/Capsicum_annuum,https://wetland-plants.sec.usace.army.mil/,https://websoilsurvey.nrcs.usda.gov/app/,https://edit.sc.egov.usda.gov/,https://www.epa.gov/eco-research/ecoregions,https://tpwd.texas.gov/landwater/land/programs/landscape-ecology/ems/,Upland Woodland; Deep Clay Prairie
Carex blanda,Carex blanda,55,Carex blanda,Carex blanda,"Eastern Woodland Sedge, Creek Sedge, Common Wood Sedge",Riparian and floodplain systems,Riparian Banks,riparian corridor or drainage margin,riparian corridor or drainage margin,"Dry , Moist; High; Sun , Part Shade , Shade; Medium","Region: AGCP AK AW CB EMP GP HI MW NCNE WMVE Status: FAC FAC FAC FAC FAC FAC FACU | This information is derived from: U.S. Army Corps of Engineers. (2023). 2022 National Wetland Plant List, version 3.6. U.S. Army Engineer Research and Development Center, Vicksburg, MS. | https://wetland-plants.usace.army.mil/ | . | Click here | for map of regions.",High,No,Publish now,Literature-supported microregion assignment; field/GIS confirmation can be added in a later release.,"LBJ/USDA/FNA/USACE support species habitat traits; NRCS/EPA/TPWD links support site/soil/ecoregion/vegetation validation, not species identity.",v1-online-public-draft,2026-05-27,carex-blanda,https://www.wildflower.org/plants/result.php?id_plant=CABL,https://plants.usda.gov/home/basicSearchResults?searchString=Carex+blanda,https://floranorthamerica.org/Special:Search?search=Carex+blanda,https://floranorthamerica.org/Carex_blanda,https://wetland-plants.sec.usace.army.mil/,https://websoilsurvey.nrcs.usda.gov/app/,https://edit.sc.egov.usda.gov/,https://www.epa.gov/eco-research/ecoregions,https://tpwd.texas.gov/landwater/land/programs/landscape-ecology/ems/,
Carex cherokeensis,Carex cherokeensis,56,Carex cherokeensis,Carex cherokeensis,Cherokee Sedge,Woodland and karst upland systems,Upland Woodland,woodland/wood edge; moist mesic; shade/part shade,"moist sandy loam woodland, needs drainage","Moist , Wet; Medium; Part Shade","Region: AGCP AK AW CB EMP GP HI MW NCNE WMVE Status: FACW FACW FACW FACW FACW | This information is derived from: U.S. Army Corps of Engineers. (2023). 2022 National Wetland Plant List, version 3.6. U.S. Army Engineer Research and Development Center, Vicksburg, MS. | https://wetland-plants.usace.army.mil/ | . | Click here | for map of regions.",High,No,Publish now,Literature-supported microregion assignment; field/GIS confirmation can be added in a later release.,"LBJ/USDA/FNA/USACE support species habitat traits; NRCS/EPA/TPWD links support site/soil/ecoregion/vegetation validation, not species identity.",v1-online-public-draft,2026-05-27,carex-cherokeensis,https://www.wildflower.org/plants/result.php?id_plant=CACH3,https://plants.usda.gov/home/basicSearchResults?searchString=Carex+cherokeensis,https://floranorthamerica.org/Special:Search?search=Carex+cherokeensis,https://floranorthamerica.org/Carex_cherokeensis,https://wetland-plants.sec.usace.army.mil/,https://websoilsurvey.nrcs.usda.gov/app/,https://edit.sc.egov.usda.gov/,https://www.epa.gov/eco-research/ecoregions,https://tpwd.texas.gov/landwater/land/programs/landscape-ecology/ems/,Mesic Canyons & Seeps; Riparian Banks
Carex emoryi,Carex emoryi,57,Carex emoryi,Carex emoryi,"Emory's Sedge, Emory Sedge",Riparian and floodplain systems,Riparian Banks,stream/river bank; marsh/swamp/wetland; moist mesic; sunny open; shade/part shade,river and stream banks; sand/gravel bars; shoreline/retention pond use,"Wet; Sun , Part Shade","Region: AGCP AK AW CB EMP GP HI MW NCNE WMVE Status: OBL OBL OBL OBL OBL OBL OBL | This information is derived from: U.S. Army Corps of Engineers. (2023). 2022 National Wetland Plant List, version 3.6. U.S. Army Engineer Research and Development Center, Vicksburg, MS. | https://wetland-plants.usace.army.mil/ | . | Click here | for map of regions.",High,No,Publish now,Literature-supported microregion assignment; field/GIS confirmation can be added in a later release.,"LBJ/USDA/FNA/USACE support species habitat traits; NRCS/EPA/TPWD links support site/soil/ecoregion/vegetation validation, not species identity.",v1-online-public-draft,2026-05-27,carex-emoryi,https://www.wildflower.org/plants/result.php?id_plant=CAEM2,https://plants.usda.gov/home/basicSearchResults?searchString=Carex+emoryi,https://floranorthamerica.org/Special:Search?search=Carex+emoryi,https://floranorthamerica.org/Carex_emoryi,https://wetland-plants.sec.usace.army.mil/,https://websoilsurvey.nrcs.usda.gov/app/,https://edit.sc.egov.usda.gov/,https://www.epa.gov/eco-research/ecoregions,https://tpwd.texas.gov/landwater/land/programs/landscape-ecology/ems/,Aquatic / Spring Runs
Carex perdentata,Carex perdentata,58,Carex perdentata,Carex perdentata,"Sand Sedge, Meadow Sedge",Savanna and woodland-edge systems,Upland Savanna,woodland/wood edge; dry upland; moist mesic; sunny open,savannas and open mesic forests; high moisture requirement,Moist; Sun,,Medium,Optional,Publish with caveat,"Usable for public draft release, but should remain flagged as provisional until optional spot-check or field/GIS support is added.","LBJ/USDA/FNA/USACE support species habitat traits; NRCS/EPA/TPWD links support site/soil/ecoregion/vegetation validation, not species identity.",v1-online-public-draft,2026-05-27,carex-perdentata,https://www.wildflower.org/plants/result.php?id_plant=CAPE40,https://plants.usda.gov/home/basicSearchResults?searchString=Carex+perdentata,https://floranorthamerica.org/Special:Search?search=Carex+perdentata,https://floranorthamerica.org/Carex_perdentata,https://wetland-plants.sec.usace.army.mil/,https://websoilsurvey.nrcs.usda.gov/app/,https://edit.sc.egov.usda.gov/,https://www.epa.gov/eco-research/ecoregions,https://tpwd.texas.gov/landwater/land/programs/landscape-ecology/ems/,Upland Woodland; Mesic Canyons & Seeps
Carex texensis,Carex texensis,59,Carex texensis,Carex texensis,Texas Sedge,Upland prairie and open grassland systems,Shallow Upland Prairie,sandy/loamy upland prairie or open field,sandy/loamy upland prairie or open field,"Dry , Moist; Medium; Sun , Part Shade",,Medium,Optional,Publish with caveat,"Usable for public draft release, but should remain flagged as provisional until optional spot-check or field/GIS support is added.","LBJ/USDA/FNA/USACE support species habitat traits; NRCS/EPA/TPWD links support site/soil/ecoregion/vegetation validation, not species identity.",v1-online-public-draft,2026-05-27,carex-texensis,https://www.wildflower.org/plants/result.php?id_plant=CATE7,https://plants.usda.gov/home/basicSearchResults?searchString=Carex+texensis,https://floranorthamerica.org/Special:Search?search=Carex+texensis,https://floranorthamerica.org/Carex_texensis,https://wetland-plants.sec.usace.army.mil/,https://websoilsurvey.nrcs.usda.gov/app/,https://edit.sc.egov.usda.gov/,https://www.epa.gov/eco-research/ecoregions,https://tpwd.texas.gov/landwater/land/programs/landscape-ecology/ems/,Upland Woodland; Upland Savanna
Chaetopappa ericoides,Chaetopappa ericoides,60,Chaetopappa ericoides,Chaetopappa ericoides,Rose Heath,Woodland and karst upland systems,Karst Outcrops,rocky calcareous limestone outcrop,rocky calcareous limestone outcrop,,,Medium,Optional,Publish with caveat,"Usable for public draft release, but should remain flagged as provisional until optional spot-check or field/GIS support is added.","LBJ/USDA/FNA/USACE support species habitat traits; NRCS/EPA/TPWD links support site/soil/ecoregion/vegetation validation, not species identity.",v1-online-public-draft,2026-05-27,chaetopappa-ericoides,https://www.wildflower.org/plants/result.php?id_plant=CHER2,https://plants.usda.gov/home/basicSearchResults?searchString=Chaetopappa+ericoides,https://floranorthamerica.org/Special:Search?search=Chaetopappa+ericoides,https://floranorthamerica.org/Chaetopappa_ericoides,https://wetland-plants.sec.usace.army.mil/,https://websoilsurvey.nrcs.usda.gov/app/,https://edit.sc.egov.usda.gov/,https://www.epa.gov/eco-research/ecoregions,https://tpwd.texas.gov/landwater/land/programs/landscape-ecology/ems/,Upland Woodland; Shallow Upland Prairie
Chamaecrista fasciculata,Chamaecrista fasciculata,61,Chamaecrista fasciculata,Chamaecrista fasciculata,"Partridge Pea, Sleepingplant, Sensitive Plant",Upland prairie and open grassland systems,Shallow Upland Prairie,sandy/loamy upland prairie or open field,sandy/loamy upland prairie or open field,"Dry , Moist; Medium; Sun , Part Shade","Region: AGCP AK AW CB EMP GP HI MW NCNE WMVE Status: FACU FACU FACU FACU FACU FACU FACU | This information is derived from: U.S. Army Corps of Engineers. (2023). 2022 National Wetland Plant List, version 3.6. U.S. Army Engineer Research and Development Center, Vicksburg, MS. | https://wetland-plants.usace.army.mil/ | . | Click here | for map of regions.",High,No,Publish now,Literature-supported microregion assignment; field/GIS confirmation can be added in a later release.,"LBJ/USDA/FNA/USACE support species habitat traits; NRCS/EPA/TPWD links support site/soil/ecoregion/vegetation validation, not species identity.",v1-online-public-draft,2026-05-27,chamaecrista-fasciculata,https://www.wildflower.org/plants/result.php?id_plant=CHFA2,https://plants.usda.gov/home/basicSearchResults?searchString=Chamaecrista+fasciculata,https://floranorthamerica.org/Special:Search?search=Chamaecrista+fasciculata,https://floranorthamerica.org/Chamaecrista_fasciculata,https://wetland-plants.sec.usace.army.mil/,https://websoilsurvey.nrcs.usda.gov/app/,https://edit.sc.egov.usda.gov/,https://www.epa.gov/eco-research/ecoregions,https://tpwd.texas.gov/landwater/land/programs/landscape-ecology/ems/,
Commelina erecta,Commelina erecta,62,Commelina erecta,Commelina erecta,"Dayflower, Widow's Tears, White-mouth Dayflower, Whitemouth Dayflower",Upland prairie and open grassland systems,Shallow Upland Prairie,sandy/loamy upland prairie or open field,sandy/loamy upland prairie or open field,Dry; Part Shade,"Region: AGCP AK AW CB EMP GP HI MW NCNE WMVE Status: FACU FACU FAC FAC FACU FAC UPL FACU | This information is derived from: U.S. Army Corps of Engineers. (2023). 2022 National Wetland Plant List, version 3.6. U.S. Army Engineer Research and Development Center, Vicksburg, MS. | https://wetland-plants.usace.army.mil/ | . | Click here | for map of regions.",Medium,Optional,Publish with caveat,"Usable for public draft release, but should remain flagged as provisional until optional spot-check or field/GIS support is added.","LBJ/USDA/FNA/USACE support species habitat traits; NRCS/EPA/TPWD links support site/soil/ecoregion/vegetation validation, not species identity.",v1-online-public-draft,2026-05-27,commelina-erecta,https://www.wildflower.org/plants/result.php?id_plant=COER,https://plants.usda.gov/home/basicSearchResults?searchString=Commelina+erecta,https://floranorthamerica.org/Special:Search?search=Commelina+erecta,https://floranorthamerica.org/Commelina_erecta,https://wetland-plants.sec.usace.army.mil/,https://websoilsurvey.nrcs.usda.gov/app/,https://edit.sc.egov.usda.gov/,https://www.epa.gov/eco-research/ecoregions,https://tpwd.texas.gov/landwater/land/programs/landscape-ecology/ems/,Upland Woodland
Conoclinium coelestinum,Conoclinium coelestinum,63 | 64,Conoclinium coelestinum,Conoclinium coelestinum,"Blue Mistflower, Wild Ageratum, Blue Boneset | Gregg's Mistflower , Palmleaf Thoroughwort, Palm-leaf Mistflower, Palm-leaf Thoroughwort, Purple Palmleaf Mistflower, Purple Palmleaf Eupatorium",Riparian and floodplain systems,Riparian Banks,stream/river bank; marsh/swamp/wetland; limestone/caliche/calcareous; deep clay/swale; woodland/wood edge; disturbed/roadside/ditch; moist mesic; sunny open; shade/part shade,wood margins/stream banks/low woods/wet meadows/ditches,"Moist; Medium; Sun , Part Shade; Medium","Region: AGCP AK AW CB EMP GP HI MW NCNE WMVE Status: FAC FAC FACW FACW FAC | This information is derived from: U.S. Army Corps of Engineers. (2023). 2022 National Wetland Plant List, version 3.6. U.S. Army Engineer Research and Development Center, Vicksburg, MS. | https://wetland-plants.usace.army.mil/ | . | Click here | for map of regions.",High,No,Publish now,Literature-supported microregion assignment; field/GIS confirmation can be added in a later release.,"LBJ/USDA/FNA/USACE support species habitat traits; NRCS/EPA/TPWD links support site/soil/ecoregion/vegetation validation, not species identity.",v1-online-public-draft,2026-05-27,conoclinium-coelestinum,https://www.wildflower.org/plants/result.php?id_plant=COCO13,https://plants.usda.gov/home/basicSearchResults?searchString=Conoclinium+coelestinum,https://floranorthamerica.org/Special:Search?search=Conoclinium+coelestinum,https://floranorthamerica.org/Conoclinium_coelestinum,https://wetland-plants.sec.usace.army.mil/,https://websoilsurvey.nrcs.usda.gov/app/,https://edit.sc.egov.usda.gov/,https://www.epa.gov/eco-research/ecoregions,https://tpwd.texas.gov/landwater/land/programs/landscape-ecology/ems/,Upland Woodland; Ecotone / Edge Thicket; Deep Clay Prairie
Coreopsis basalis,Coreopsis basalis,65,Coreopsis basalis,Coreopsis basalis,"Goldenmane Tickseed, Golden-wave",Upland prairie and open grassland systems,Shallow Upland Prairie,sandy/loamy upland prairie or open field,sandy/loamy upland prairie or open field,Dry; Low; Sun,,High,No,Publish now,Literature-supported microregion assignment; field/GIS confirmation can be added in a later release.,"LBJ/USDA/FNA/USACE support species habitat traits; NRCS/EPA/TPWD links support site/soil/ecoregion/vegetation validation, not species identity.",v1-online-public-draft,2026-05-27,coreopsis-basalis,https://www.wildflower.org/plants/result.php?id_plant=COBA2,https://plants.usda.gov/home/basicSearchResults?searchString=Coreopsis+basalis,https://floranorthamerica.org/Special:Search?search=Coreopsis+basalis,https://floranorthamerica.org/Coreopsis_basalis,https://wetland-plants.sec.usace.army.mil/,https://websoilsurvey.nrcs.usda.gov/app/,https://edit.sc.egov.usda.gov/,https://www.epa.gov/eco-research/ecoregions,https://tpwd.texas.gov/landwater/land/programs/landscape-ecology/ems/,
Coreopsis lanceolata,Coreopsis lanceolata,66,Coreopsis lanceolata,Coreopsis lanceolata,"Lanceleaf Coreopsis, Lance-leaved Coreopsis, Lanceleaf Tickseed, Sand Coreopsis",Upland prairie and open grassland systems,Shallow Upland Prairie,sandy/loamy upland prairie or open field,sandy/loamy upland prairie or open field,"Dry; Medium; Sun , Part Shade , Shade","Region: AGCP AK AW CB EMP GP HI MW NCNE WMVE Status: UPL FACU FACU FACU UPL FACU FACU UPL | This information is derived from: U.S. Army Corps of Engineers. (2023). 2022 National Wetland Plant List, version 3.6. U.S. Army Engineer Research and Development Center, Vicksburg, MS. | https://wetland-plants.usace.army.mil/ | . | Click here | for map of regions.",High,No,Publish now,Literature-supported microregion assignment; field/GIS confirmation can be added in a later release.,"LBJ/USDA/FNA/USACE support species habitat traits; NRCS/EPA/TPWD links support site/soil/ecoregion/vegetation validation, not species identity.",v1-online-public-draft,2026-05-27,coreopsis-lanceolata,https://www.wildflower.org/plants/result.php?id_plant=COLA5,https://plants.usda.gov/home/basicSearchResults?searchString=Coreopsis+lanceolata,https://floranorthamerica.org/Special:Search?search=Coreopsis+lanceolata,https://floranorthamerica.org/Coreopsis_lanceolata,https://wetland-plants.sec.usace.army.mil/,https://websoilsurvey.nrcs.usda.gov/app/,https://edit.sc.egov.usda.gov/,https://www.epa.gov/eco-research/ecoregions,https://tpwd.texas.gov/landwater/land/programs/landscape-ecology/ems/,
Croton texensis,Croton texensis,67,Croton texensis,Croton texensis,"Texas Croton, Doveweed, Texas Goatweed",Upland prairie and open grassland systems,Shallow Upland Prairie,sandy/loamy upland prairie or open field,sandy/loamy upland prairie or open field,,,High,No,Publish now,Literature-supported microregion assignment; field/GIS confirmation can be added in a later release.,"LBJ/USDA/FNA/USACE support species habitat traits; NRCS/EPA/TPWD links support site/soil/ecoregion/vegetation validation, not species identity.",v1-online-public-draft,2026-05-27,croton-texensis,https://www.wildflower.org/plants/result.php?id_plant=CRTE4,https://plants.usda.gov/home/basicSearchResults?searchString=Croton+texensis,https://floranorthamerica.org/Special:Search?search=Croton+texensis,https://floranorthamerica.org/Croton_texensis,https://wetland-plants.sec.usace.army.mil/,https://websoilsurvey.nrcs.usda.gov/app/,https://edit.sc.egov.usda.gov/,https://www.epa.gov/eco-research/ecoregions,https://tpwd.texas.gov/landwater/land/programs/landscape-ecology/ems/,
Dalea aurea,Dalea aurea,68,Dalea aurea,Dalea aurea,"Golden Dalea, Golden Prairie Clover",Upland prairie and open grassland systems,Shallow Upland Prairie,open dry upland prairie/grassland,open dry upland prairie/grassland,Dry; Sun,,High,No,Publish now,Literature-supported microregion assignment; field/GIS confirmation can be added in a later release.,"LBJ/USDA/FNA/USACE support species habitat traits; NRCS/EPA/TPWD links support site/soil/ecoregion/vegetation validation, not species identity.",v1-online-public-draft,2026-05-27,dalea-aurea,https://www.wildflower.org/plants/result.php?id_plant=DAAU,https://plants.usda.gov/home/basicSearchResults?searchString=Dalea+aurea,https://floranorthamerica.org/Special:Search?search=Dalea+aurea,https://floranorthamerica.org/Dalea_aurea,https://wetland-plants.sec.usace.army.mil/,https://websoilsurvey.nrcs.usda.gov/app/,https://edit.sc.egov.usda.gov/,https://www.epa.gov/eco-research/ecoregions,https://tpwd.texas.gov/landwater/land/programs/landscape-ecology/ems/,
Dalea purpurea,Dalea purpurea,69,Dalea purpurea,Dalea purpurea,Purple Prairie Clover,Upland prairie and open grassland systems,Shallow Upland Prairie,open dry upland prairie/grassland,open dry upland prairie/grassland,Dry; Low; Sun; High,,High,No,Publish now,Literature-supported microregion assignment; field/GIS confirmation can be added in a later release.,"LBJ/USDA/FNA/USACE support species habitat traits; NRCS/EPA/TPWD links support site/soil/ecoregion/vegetation validation, not species identity.",v1-online-public-draft,2026-05-27,dalea-purpurea,https://www.wildflower.org/plants/result.php?id_plant=DAPU5,https://plants.usda.gov/home/basicSearchResults?searchString=Dalea+purpurea,https://floranorthamerica.org/Special:Search?search=Dalea+purpurea,https://floranorthamerica.org/Dalea_purpurea,https://wetland-plants.sec.usace.army.mil/,https://websoilsurvey.nrcs.usda.gov/app/,https://edit.sc.egov.usda.gov/,https://www.epa.gov/eco-research/ecoregions,https://tpwd.texas.gov/landwater/land/programs/landscape-ecology/ems/,
Datura wrightii,Datura wrightii,70,Datura wrightii,Datura wrightii,"Jimsonweed, Sacred Thorn-apple, Thorn-apple, Angel Trumpet, Sacred Datura, Western Jimson Weed",Upland prairie and open grassland systems,Shallow Upland Prairie,sandy/loamy upland prairie or open field,sandy/loamy upland prairie or open field,"Dry; Medium; Sun , Part Shade","Region: AGCP AK AW CB EMP GP HI MW NCNE WMVE Status: UPL UPL UPL FACU UPL UPL FACU FACU UPL | This information is derived from: U.S. Army Corps of Engineers. (2023). 2022 National Wetland Plant List, version 3.6. U.S. Army Engineer Research and Development Center, Vicksburg, MS. | https://wetland-plants.usace.army.mil/ | . | Click here | for map of regions.",High,No,Publish now,Literature-supported microregion assignment; field/GIS confirmation can be added in a later release.,"LBJ/USDA/FNA/USACE support species habitat traits; NRCS/EPA/TPWD links support site/soil/ecoregion/vegetation validation, not species identity.",v1-online-public-draft,2026-05-27,datura-wrightii,https://www.wildflower.org/plants/result.php?id_plant=DAWR2,https://plants.usda.gov/home/basicSearchResults?searchString=Datura+wrightii,https://floranorthamerica.org/Special:Search?search=Datura+wrightii,https://floranorthamerica.org/Datura_wrightii,https://wetland-plants.sec.usace.army.mil/,https://websoilsurvey.nrcs.usda.gov/app/,https://edit.sc.egov.usda.gov/,https://www.epa.gov/eco-research/ecoregions,https://tpwd.texas.gov/landwater/land/programs/landscape-ecology/ems/,Deep Clay Prairie; Upland Woodland; Karst Outcrops
Delphinium carolinianum,Delphinium carolinianum,71,Delphinium carolinianum,Delphinium carolinianum,"Larkspur, Carolina larkspur",Upland prairie and open grassland systems,Shallow Upland Prairie,sandy/loamy upland prairie or open field,sandy/loamy upland prairie or open field,Dry; Low; Part Shade,,High,No,Publish now,Literature-supported microregion assignment; field/GIS confirmation can be added in a later release.,"LBJ/USDA/FNA/USACE support species habitat traits; NRCS/EPA/TPWD links support site/soil/ecoregion/vegetation validation, not species identity.",v1-online-public-draft,2026-05-27,delphinium-carolinianum,https://www.wildflower.org/plants/result.php?id_plant=DECA3,https://plants.usda.gov/home/basicSearchResults?searchString=Delphinium+carolinianum,https://floranorthamerica.org/Special:Search?search=Delphinium+carolinianum,https://floranorthamerica.org/Delphinium_carolinianum,https://wetland-plants.sec.usace.army.mil/,https://websoilsurvey.nrcs.usda.gov/app/,https://edit.sc.egov.usda.gov/,https://www.epa.gov/eco-research/ecoregions,https://tpwd.texas.gov/landwater/land/programs/landscape-ecology/ems/,Deep Clay Prairie; Shallow Upland Prairie
Desmanthus illinoensis,Desmanthus illinoensis,72,Desmanthus illinoensis,Desmanthus illinoensis,"Illinois Bundleflower, Bundleflower, Prairie Bundle Flower, Prickleweed, Illinois Desmanthus, Prairie Mimosa",Upland prairie and open grassland systems,Shallow Upland Prairie,dry upland prairie slope,dry upland prairie slope,Moist; Medium; Sun; Medium,"Region: AGCP AK AW CB EMP GP HI MW NCNE WMVE Status: FAC FACU FAC FACU FACU FACU FACU | This information is derived from: U.S. Army Corps of Engineers. (2023). 2022 National Wetland Plant List, version 3.6. U.S. Army Engineer Research and Development Center, Vicksburg, MS. | https://wetland-plants.usace.army.mil/ | . | Click here | for map of regions.",High,No,Publish now,Literature-supported microregion assignment; field/GIS confirmation can be added in a later release.,"LBJ/USDA/FNA/USACE support species habitat traits; NRCS/EPA/TPWD links support site/soil/ecoregion/vegetation validation, not species identity.",v1-online-public-draft,2026-05-27,desmanthus-illinoensis,https://www.wildflower.org/plants/result.php?id_plant=DEIL,https://plants.usda.gov/home/basicSearchResults?searchString=Desmanthus+illinoensis,https://floranorthamerica.org/Special:Search?search=Desmanthus+illinoensis,https://floranorthamerica.org/Desmanthus_illinoensis,https://wetland-plants.sec.usace.army.mil/,https://websoilsurvey.nrcs.usda.gov/app/,https://edit.sc.egov.usda.gov/,https://www.epa.gov/eco-research/ecoregions,https://tpwd.texas.gov/landwater/land/programs/landscape-ecology/ems/,Riparian Banks
Dichondra carolinensis,Dichondra carolinensis,73,Dichondra carolinensis,Dichondra carolinensis,"Carolina Ponyfoot, Ponyfoot",Savanna and woodland-edge systems,Upland Savanna,woodland/wood edge; dry upland; shade/part shade,pine-oak savannas and woods; high light; dry loamy soil,,"Region: AGCP AK AW CB EMP GP HI MW NCNE WMVE Status: FAC FACW FAC FAC FACW | This information is derived from: U.S. Army Corps of Engineers. (2023). 2022 National Wetland Plant List, version 3.6. U.S. Army Engineer Research and Development Center, Vicksburg, MS. | https://wetland-plants.usace.army.mil/ | . | Click here | for map of regions.",High,No,Publish now,Literature-supported microregion assignment; field/GIS confirmation can be added in a later release.,"LBJ/USDA/FNA/USACE support species habitat traits; NRCS/EPA/TPWD links support site/soil/ecoregion/vegetation validation, not species identity.",v1-online-public-draft,2026-05-27,dichondra-carolinensis,https://www.wildflower.org/plants/result.php?id_plant=DICA3,https://plants.usda.gov/home/basicSearchResults?searchString=Dichondra+carolinensis,https://floranorthamerica.org/Special:Search?search=Dichondra+carolinensis,https://floranorthamerica.org/Dichondra_carolinensis,https://wetland-plants.sec.usace.army.mil/,https://websoilsurvey.nrcs.usda.gov/app/,https://edit.sc.egov.usda.gov/,https://www.epa.gov/eco-research/ecoregions,https://tpwd.texas.gov/landwater/land/programs/landscape-ecology/ems/,Upland Woodland; Shallow Upland Prairie
Dracopis amplexicaulis,Dracopis amplexicaulis,74,Dracopis amplexicaulis,Dracopis amplexicaulis,"Clasping Coneflower, Clasping-leaf Coneflower",Woodland and karst upland systems,Mesic Canyons & Seeps,ravine/canyon/depression; limestone/caliche/calcareous; deep clay/swale; disturbed/roadside/ditch; moist mesic; shade/part shade,"ditches/ravines/depressions, moist/high water",Moist; High; Part Shade; Medium,"Region: AGCP AK AW CB EMP GP HI MW NCNE WMVE Status: FAC FACW FAC FAC FACU FACU FAC | This information is derived from: U.S. Army Corps of Engineers. (2023). 2022 National Wetland Plant List, version 3.6. U.S. Army Engineer Research and Development Center, Vicksburg, MS. | https://wetland-plants.usace.army.mil/ | . | Click here | for map of regions.",High,No,Publish now,Literature-supported microregion assignment; field/GIS confirmation can be added in a later release.,"LBJ/USDA/FNA/USACE support species habitat traits; NRCS/EPA/TPWD links support site/soil/ecoregion/vegetation validation, not species identity.",v1-online-public-draft,2026-05-27,dracopis-amplexicaulis,https://www.wildflower.org/plants/result.php?id_plant=DRAM,https://plants.usda.gov/home/basicSearchResults?searchString=Dracopis+amplexicaulis,https://floranorthamerica.org/Special:Search?search=Dracopis+amplexicaulis,https://floranorthamerica.org/Dracopis_amplexicaulis,https://wetland-plants.sec.usace.army.mil/,https://websoilsurvey.nrcs.usda.gov/app/,https://edit.sc.egov.usda.gov/,https://www.epa.gov/eco-research/ecoregions,https://tpwd.texas.gov/landwater/land/programs/landscape-ecology/ems/,Deep Clay Prairie; Riparian Banks
Dyschoriste linearis,Dyschoriste linearis,75,Dyschoriste linearis,Dyschoriste linearis,"Snake Herb, Polkadots, Narrowleaf Dyschoriste",Upland prairie and open grassland systems,Shallow Upland Prairie,dry upland prairie slope,dry upland prairie slope,"Moist , Wet; Low; Sun",,Medium,Optional,Publish with caveat,"Usable for public draft release, but should remain flagged as provisional until optional spot-check or field/GIS support is added.","LBJ/USDA/FNA/USACE support species habitat traits; NRCS/EPA/TPWD links support site/soil/ecoregion/vegetation validation, not species identity.",v1-online-public-draft,2026-05-27,dyschoriste-linearis,https://www.wildflower.org/plants/result.php?id_plant=DYLI,https://plants.usda.gov/home/basicSearchResults?searchString=Dyschoriste+linearis,https://floranorthamerica.org/Special:Search?search=Dyschoriste+linearis,https://floranorthamerica.org/Dyschoriste_linearis,https://wetland-plants.sec.usace.army.mil/,https://websoilsurvey.nrcs.usda.gov/app/,https://edit.sc.egov.usda.gov/,https://www.epa.gov/eco-research/ecoregions,https://tpwd.texas.gov/landwater/land/programs/landscape-ecology/ems/,Karst Outcrops
Echinacea angustifolia,Echinacea angustifolia,76,Echinacea angustifolia,Echinacea angustifolia,"Black Samson, Black Samson Echinacea, Narrow-leaf Coneflower",Upland prairie and open grassland systems,Shallow Upland Prairie,sandy/loamy upland prairie or open field,sandy/loamy upland prairie or open field,"Dry; Low; Sun , Part Shade",,High,No,Publish now,Literature-supported microregion assignment; field/GIS confirmation can be added in a later release.,"LBJ/USDA/FNA/USACE support species habitat traits; NRCS/EPA/TPWD links support site/soil/ecoregion/vegetation validation, not species identity.",v1-online-public-draft,2026-05-27,echinacea-angustifolia,https://www.wildflower.org/plants/result.php?id_plant=ECAN2,https://plants.usda.gov/home/basicSearchResults?searchString=Echinacea+angustifolia,https://floranorthamerica.org/Special:Search?search=Echinacea+angustifolia,https://floranorthamerica.org/Echinacea_angustifolia,https://wetland-plants.sec.usace.army.mil/,https://websoilsurvey.nrcs.usda.gov/app/,https://edit.sc.egov.usda.gov/,https://www.epa.gov/eco-research/ecoregions,https://tpwd.texas.gov/landwater/land/programs/landscape-ecology/ems/,
Engelmannia peristenia,Engelmannia peristenia,77,Engelmannia peristenia,Engelmannia peristenia,"Engelmann's Daisy, Engelmann Daisy, Cutleaf Daisy",Upland prairie and open grassland systems,Shallow Upland Prairie,sandy/loamy upland prairie or open field,sandy/loamy upland prairie or open field,Dry; Medium; Sun,,High,No,Publish now,Literature-supported microregion assignment; field/GIS confirmation can be added in a later release.,"LBJ/USDA/FNA/USACE support species habitat traits; NRCS/EPA/TPWD links support site/soil/ecoregion/vegetation validation, not species identity.",v1-online-public-draft,2026-05-27,engelmannia-peristenia,https://www.wildflower.org/plants/result.php?id_plant=ENPE4,https://plants.usda.gov/home/basicSearchResults?searchString=Engelmannia+peristenia,https://floranorthamerica.org/Special:Search?search=Engelmannia+peristenia,https://floranorthamerica.org/Engelmannia_peristenia,https://wetland-plants.sec.usace.army.mil/,https://websoilsurvey.nrcs.usda.gov/app/,https://edit.sc.egov.usda.gov/,https://www.epa.gov/eco-research/ecoregions,https://tpwd.texas.gov/landwater/land/programs/landscape-ecology/ems/,Shallow Upland Prairie
Erigeron philadelphicus,Erigeron philadelphicus,78,Erigeron philadelphicus,Erigeron philadelphicus,Philadelphia Fleabane,"Ecotone, thicket, and disturbance-edge systems",Ecotone / Edge Thicket,limestone/caliche/calcareous; prairie/open field; woodland/wood edge; shade/part shade,"rich thickets, fields, open woods",Medium; Part Shade; Medium,"Region: AGCP AK AW CB EMP GP HI MW NCNE WMVE Status: FAC FACU FACU FAC FACW FAC FACU | This information is derived from: U.S. Army Corps of Engineers. (2023). 2022 National Wetland Plant List, version 3.6. U.S. Army Engineer Research and Development Center, Vicksburg, MS. | https://wetland-plants.usace.army.mil/ | . | Click here | for map of regions.",High,No,Publish now,Literature-supported microregion assignment; field/GIS confirmation can be added in a later release.,"LBJ/USDA/FNA/USACE support species habitat traits; NRCS/EPA/TPWD links support site/soil/ecoregion/vegetation validation, not species identity.",v1-online-public-draft,2026-05-27,erigeron-philadelphicus,https://www.wildflower.org/plants/result.php?id_plant=ERPH,https://plants.usda.gov/home/basicSearchResults?searchString=Erigeron+philadelphicus,https://floranorthamerica.org/Special:Search?search=Erigeron+philadelphicus,https://floranorthamerica.org/Erigeron_philadelphicus,https://wetland-plants.sec.usace.army.mil/,https://websoilsurvey.nrcs.usda.gov/app/,https://edit.sc.egov.usda.gov/,https://www.epa.gov/eco-research/ecoregions,https://tpwd.texas.gov/landwater/land/programs/landscape-ecology/ems/,Upland Woodland; Shallow Upland Prairie; Upland Savanna
Eriogonum longifolium,Eriogonum longifolium,79,Eriogonum longifolium,Eriogonum longifolium,"Longleaf Buckwheat, Longleaf Wild Buckwheat",Upland prairie and open grassland systems,Shallow Upland Prairie,dry upland; sunny open,dry sun/low water buckwheat; upland/open,,,Medium,Optional,Publish with caveat,"Usable for public draft release, but should remain flagged as provisional until optional spot-check or field/GIS support is added.","LBJ/USDA/FNA/USACE support species habitat traits; NRCS/EPA/TPWD links support site/soil/ecoregion/vegetation validation, not species identity.",v1-online-public-draft,2026-05-27,eriogonum-longifolium,https://www.wildflower.org/plants/result.php?id_plant=ERLO5,https://plants.usda.gov/home/basicSearchResults?searchString=Eriogonum+longifolium,https://floranorthamerica.org/Special:Search?search=Eriogonum+longifolium,https://floranorthamerica.org/Eriogonum_longifolium,https://wetland-plants.sec.usace.army.mil/,https://websoilsurvey.nrcs.usda.gov/app/,https://edit.sc.egov.usda.gov/,https://www.epa.gov/eco-research/ecoregions,https://tpwd.texas.gov/landwater/land/programs/landscape-ecology/ems/,Karst Outcrops
Eryngium leavenworthii,Eryngium leavenworthii,80,Eryngium leavenworthii,Eryngium leavenworthii,"Leavenworth's Eryngo, Eryngo, False Purple Thistle",Woodland and karst upland systems,Karst Outcrops,limestone/caliche/calcareous; rocky/ledge/slope; prairie/open field; deep clay/swale; woodland/wood edge; dry upland; moist mesic; sunny open; shade/part shade,rocky prairies/open woods/calcareous soils,"Moist; Low; Sun , Part Shade",,High,No,Publish now,Literature-supported microregion assignment; field/GIS confirmation can be added in a later release.,"LBJ/USDA/FNA/USACE support species habitat traits; NRCS/EPA/TPWD links support site/soil/ecoregion/vegetation validation, not species identity.",v1-online-public-draft,2026-05-27,eryngium-leavenworthii,https://www.wildflower.org/plants/result.php?id_plant=ERLE11,https://plants.usda.gov/home/basicSearchResults?searchString=Eryngium+leavenworthii,https://floranorthamerica.org/Special:Search?search=Eryngium+leavenworthii,https://floranorthamerica.org/Eryngium_leavenworthii,https://wetland-plants.sec.usace.army.mil/,https://websoilsurvey.nrcs.usda.gov/app/,https://edit.sc.egov.usda.gov/,https://www.epa.gov/eco-research/ecoregions,https://tpwd.texas.gov/landwater/land/programs/landscape-ecology/ems/,Shallow Upland Prairie; Upland Woodland; Deep Clay Prairie
Eryngium yuccifolium,Eryngium yuccifolium,81,Eryngium yuccifolium,Eryngium yuccifolium,"Rattlesnake Master, Button Eryngo, Button Snakeroot, Beargrass, Bear's Grass",Upland prairie and open grassland systems,Shallow Upland Prairie,sandy/loamy upland prairie or open field,sandy/loamy upland prairie or open field,Moist; Medium; Sun,"Region: AGCP AK AW CB EMP GP HI MW NCNE WMVE Status: FAC FAC FACW FAC FAC | This information is derived from: U.S. Army Corps of Engineers. (2023). 2022 National Wetland Plant List, version 3.6. U.S. Army Engineer Research and Development Center, Vicksburg, MS. | https://wetland-plants.usace.army.mil/ | . | Click here | for map of regions.",High,No,Publish now,Literature-supported microregion assignment; field/GIS confirmation can be added in a later release.,"LBJ/USDA/FNA/USACE support species habitat traits; NRCS/EPA/TPWD links support site/soil/ecoregion/vegetation validation, not species identity.",v1-online-public-draft,2026-05-27,eryngium-yuccifolium,https://www.wildflower.org/plants/result.php?id_plant=ERYU,https://plants.usda.gov/home/basicSearchResults?searchString=Eryngium+yuccifolium,https://floranorthamerica.org/Special:Search?search=Eryngium+yuccifolium,https://floranorthamerica.org/Eryngium_yuccifolium,https://wetland-plants.sec.usace.army.mil/,https://websoilsurvey.nrcs.usda.gov/app/,https://edit.sc.egov.usda.gov/,https://www.epa.gov/eco-research/ecoregions,https://tpwd.texas.gov/landwater/land/programs/landscape-ecology/ems/,
Eustoma exaltatum,Eustoma exaltatum,82,Eustoma exaltatum,Eustoma exaltatum,"Catchfly Prairie Gentian, Bluebell Gentian, Western Blue Gentian, Blue Marsh Lily, Small Bluebell, Catchfly Gentian, Seaside Gentian",Upland prairie and open grassland systems,Shallow Upland Prairie,sandy/loamy upland prairie or open field,sandy/loamy upland prairie or open field,"Moist; Sun , Part Shade","Region: AGCP AK AW CB EMP GP HI MW NCNE WMVE Status: FACW OBL FACW FACW FACW FACW OBL | This information is derived from: U.S. Army Corps of Engineers. (2023). 2022 National Wetland Plant List, version 3.6. U.S. Army Engineer Research and Development Center, Vicksburg, MS. | https://wetland-plants.usace.army.mil/ | . | Click here | for map of regions.",High,No,Publish now,Literature-supported microregion assignment; field/GIS confirmation can be added in a later release.,"LBJ/USDA/FNA/USACE support species habitat traits; NRCS/EPA/TPWD links support site/soil/ecoregion/vegetation validation, not species identity.",v1-online-public-draft,2026-05-27,eustoma-exaltatum,https://www.wildflower.org/plants/result.php?id_plant=EUEX5,https://plants.usda.gov/home/basicSearchResults?searchString=Eustoma+exaltatum,https://floranorthamerica.org/Special:Search?search=Eustoma+exaltatum,https://floranorthamerica.org/Eustoma_exaltatum,https://wetland-plants.sec.usace.army.mil/,https://websoilsurvey.nrcs.usda.gov/app/,https://edit.sc.egov.usda.gov/,https://www.epa.gov/eco-research/ecoregions,https://tpwd.texas.gov/landwater/land/programs/landscape-ecology/ems/,Shallow Upland Prairie; Aquatic / Spring Runs
Fleischmannia incarnata,Fleischmannia incarnata,83,Fleischmannia incarnata,Fleischmannia incarnata,Pink Thoroughwort,Riparian and floodplain systems,Riparian Banks,stream/river bank; marsh/swamp/wetland; woodland/wood edge; moist mesic; sunny open; shade/part shade,"moist woodlands, thickets, marshes, and streambanks",,"Region: AGCP AK AW CB EMP GP HI MW NCNE WMVE Status: FACU FAC FAC FAC | This information is derived from: U.S. Army Corps of Engineers. (2023). 2022 National Wetland Plant List, version 3.6. U.S. Army Engineer Research and Development Center, Vicksburg, MS. | https://wetland-plants.usace.army.mil/ | . | Click here | for map of regions.",High,No,Publish now,Literature-supported microregion assignment; field/GIS confirmation can be added in a later release.,"LBJ/USDA/FNA/USACE support species habitat traits; NRCS/EPA/TPWD links support site/soil/ecoregion/vegetation validation, not species identity.",v1-online-public-draft,2026-05-27,fleischmannia-incarnata,https://www.wildflower.org/plants/result.php?id_plant=FLIN2,https://plants.usda.gov/home/basicSearchResults?searchString=Fleischmannia+incarnata,https://floranorthamerica.org/Special:Search?search=Fleischmannia+incarnata,https://floranorthamerica.org/Fleischmannia_incarnata,https://wetland-plants.sec.usace.army.mil/,https://websoilsurvey.nrcs.usda.gov/app/,https://edit.sc.egov.usda.gov/,https://www.epa.gov/eco-research/ecoregions,https://tpwd.texas.gov/landwater/land/programs/landscape-ecology/ems/,Ecotone / Edge Thicket; Upland Woodland; Aquatic / Spring Runs
Gaillardia aestivalis,Gaillardia aestivalis,84,Gaillardia aestivalis,Gaillardia aestivalis,Lanceleaf blanketflower,Upland prairie and open grassland systems,Shallow Upland Prairie,prairie/open field; dry upland; sunny open,low-water sunny prairie forb,,,High,No,Publish now,Literature-supported microregion assignment; field/GIS confirmation can be added in a later release.,"LBJ/USDA/FNA/USACE support species habitat traits; NRCS/EPA/TPWD links support site/soil/ecoregion/vegetation validation, not species identity.",v1-online-public-draft,2026-05-27,gaillardia-aestivalis,https://www.wildflower.org/plants/result.php?id_plant=GAAE,https://plants.usda.gov/home/basicSearchResults?searchString=Gaillardia+aestivalis,https://floranorthamerica.org/Special:Search?search=Gaillardia+aestivalis,https://floranorthamerica.org/Gaillardia_aestivalis,https://wetland-plants.sec.usace.army.mil/,https://websoilsurvey.nrcs.usda.gov/app/,https://edit.sc.egov.usda.gov/,https://www.epa.gov/eco-research/ecoregions,https://tpwd.texas.gov/landwater/land/programs/landscape-ecology/ems/,Upland Savanna
Gaillardia amblyodon,Gaillardia amblyodon,85,Gaillardia amblyodon,Gaillardia amblyodon,Maroon Blanket Flower,Upland prairie and open grassland systems,Shallow Upland Prairie,prairie/open field; dry upland; moist mesic; sunny open,dry to moist full sun prairie forb,Dry; Sun,,High,No,Publish now,Literature-supported microregion assignment; field/GIS confirmation can be added in a later release.,"LBJ/USDA/FNA/USACE support species habitat traits; NRCS/EPA/TPWD links support site/soil/ecoregion/vegetation validation, not species identity.",v1-online-public-draft,2026-05-27,gaillardia-amblyodon,https://www.wildflower.org/plants/result.php?id_plant=GAAM,https://plants.usda.gov/home/basicSearchResults?searchString=Gaillardia+amblyodon,https://floranorthamerica.org/Special:Search?search=Gaillardia+amblyodon,https://floranorthamerica.org/Gaillardia_amblyodon,https://wetland-plants.sec.usace.army.mil/,https://websoilsurvey.nrcs.usda.gov/app/,https://edit.sc.egov.usda.gov/,https://www.epa.gov/eco-research/ecoregions,https://tpwd.texas.gov/landwater/land/programs/landscape-ecology/ems/,Upland Savanna; Deep Clay Prairie
Gaillardia pulchella,Gaillardia pulchella,86,Gaillardia pulchella,Gaillardia pulchella,"Indian Blanket, Firewheel, Girasol Rojo",Upland prairie and open grassland systems,Shallow Upland Prairie,sandy/loamy upland prairie or open field,sandy/loamy upland prairie or open field,"Dry; Medium; Sun , Part Shade; High","Region: AGCP AK AW CB EMP GP HI MW NCNE WMVE Status: UPL UPL FACU UPL UPL FACU FACU UPL UPL | This information is derived from: U.S. Army Corps of Engineers. (2023). 2022 National Wetland Plant List, version 3.6. U.S. Army Engineer Research and Development Center, Vicksburg, MS. | https://wetland-plants.usace.army.mil/ | . | Click here | for map of regions.",High,No,Publish now,Literature-supported microregion assignment; field/GIS confirmation can be added in a later release.,"LBJ/USDA/FNA/USACE support species habitat traits; NRCS/EPA/TPWD links support site/soil/ecoregion/vegetation validation, not species identity.",v1-online-public-draft,2026-05-27,gaillardia-pulchella,https://www.wildflower.org/plants/result.php?id_plant=GAPU,https://plants.usda.gov/home/basicSearchResults?searchString=Gaillardia+pulchella,https://floranorthamerica.org/Special:Search?search=Gaillardia+pulchella,https://floranorthamerica.org/Gaillardia_pulchella,https://wetland-plants.sec.usace.army.mil/,https://websoilsurvey.nrcs.usda.gov/app/,https://edit.sc.egov.usda.gov/,https://www.epa.gov/eco-research/ecoregions,https://tpwd.texas.gov/landwater/land/programs/landscape-ecology/ems/,
Gaillardia suavis,Gaillardia suavis,87,Gaillardia suavis,Gaillardia suavis,"Pincushion Daisy, Fragrant Gaillardia, Rayless Gaillardia, Perfumeballs",Upland prairie and open grassland systems,Shallow Upland Prairie,sandy/loamy upland prairie or open field,sandy/loamy upland prairie or open field,Dry; Medium; Part Shade,,High,No,Publish now,Literature-supported microregion assignment; field/GIS confirmation can be added in a later release.,"LBJ/USDA/FNA/USACE support species habitat traits; NRCS/EPA/TPWD links support site/soil/ecoregion/vegetation validation, not species identity.",v1-online-public-draft,2026-05-27,gaillardia-suavis,https://www.wildflower.org/plants/result.php?id_plant=GASU,https://plants.usda.gov/home/basicSearchResults?searchString=Gaillardia+suavis,https://floranorthamerica.org/Special:Search?search=Gaillardia+suavis,https://floranorthamerica.org/Gaillardia_suavis,https://wetland-plants.sec.usace.army.mil/,https://websoilsurvey.nrcs.usda.gov/app/,https://edit.sc.egov.usda.gov/,https://www.epa.gov/eco-research/ecoregions,https://tpwd.texas.gov/landwater/land/programs/landscape-ecology/ems/,
Geum canadense,Geum canadense,88,Geum canadense,Geum canadense,White Avens,Upland prairie and open grassland systems,Shallow Upland Prairie,sandy/loamy upland prairie or open field,sandy/loamy upland prairie or open field,"Dry , Moist; Medium; Part Shade , Shade; Medium","Region: AGCP AK AW CB EMP GP HI MW NCNE WMVE Status: FAC FACU FAC FAC FAC FACU | This information is derived from: U.S. Army Corps of Engineers. (2023). 2022 National Wetland Plant List, version 3.6. U.S. Army Engineer Research and Development Center, Vicksburg, MS. | https://wetland-plants.usace.army.mil/ | . | Click here | for map of regions.",High,No,Publish now,Literature-supported microregion assignment; field/GIS confirmation can be added in a later release.,"LBJ/USDA/FNA/USACE support species habitat traits; NRCS/EPA/TPWD links support site/soil/ecoregion/vegetation validation, not species identity.",v1-online-public-draft,2026-05-27,geum-canadense,https://www.wildflower.org/plants/result.php?id_plant=GECA7,https://plants.usda.gov/home/basicSearchResults?searchString=Geum+canadense,https://floranorthamerica.org/Special:Search?search=Geum+canadense,https://floranorthamerica.org/Geum_canadense,https://wetland-plants.sec.usace.army.mil/,https://websoilsurvey.nrcs.usda.gov/app/,https://edit.sc.egov.usda.gov/,https://www.epa.gov/eco-research/ecoregions,https://tpwd.texas.gov/landwater/land/programs/landscape-ecology/ems/,
Glandularia bipinnatifida,Glandularia bipinnatifida,89,Glandularia bipinnatifida,Glandularia bipinnatifida,"Prairie Verbena, Purple Prairie Verbena, Dakota Vervain, Dakota Mock Vervain, Moradilla, Alfombrilla",Upland prairie and open grassland systems,Shallow Upland Prairie,sandy/loamy upland prairie or open field,sandy/loamy upland prairie or open field,"Dry , Moist; Low , Medium; Part Shade",,High,No,Publish now,Literature-supported microregion assignment; field/GIS confirmation can be added in a later release.,"LBJ/USDA/FNA/USACE support species habitat traits; NRCS/EPA/TPWD links support site/soil/ecoregion/vegetation validation, not species identity.",v1-online-public-draft,2026-05-27,glandularia-bipinnatifida,https://www.wildflower.org/plants/result.php?id_plant=GLBI2,https://plants.usda.gov/home/basicSearchResults?searchString=Glandularia+bipinnatifida,https://floranorthamerica.org/Special:Search?search=Glandularia+bipinnatifida,https://floranorthamerica.org/Glandularia_bipinnatifida,https://wetland-plants.sec.usace.army.mil/,https://websoilsurvey.nrcs.usda.gov/app/,https://edit.sc.egov.usda.gov/,https://www.epa.gov/eco-research/ecoregions,https://tpwd.texas.gov/landwater/land/programs/landscape-ecology/ems/,Karst Outcrops
Grindelia lanceolata,Grindelia lanceolata,90,Grindelia lanceolata,Grindelia lanceolata,Narrowleaf Gumweed,Upland prairie and open grassland systems,Shallow Upland Prairie,dry upland; moist mesic; sunny open,dry to moist full sun gumweed,,,Medium,Optional,Publish with caveat,"Usable for public draft release, but should remain flagged as provisional until optional spot-check or field/GIS support is added.","LBJ/USDA/FNA/USACE support species habitat traits; NRCS/EPA/TPWD links support site/soil/ecoregion/vegetation validation, not species identity.",v1-online-public-draft,2026-05-27,grindelia-lanceolata,https://www.wildflower.org/plants/result.php?id_plant=GRLA3,https://plants.usda.gov/home/basicSearchResults?searchString=Grindelia+lanceolata,https://floranorthamerica.org/Special:Search?search=Grindelia+lanceolata,https://floranorthamerica.org/Grindelia_lanceolata,https://wetland-plants.sec.usace.army.mil/,https://websoilsurvey.nrcs.usda.gov/app/,https://edit.sc.egov.usda.gov/,https://www.epa.gov/eco-research/ecoregions,https://tpwd.texas.gov/landwater/land/programs/landscape-ecology/ems/,Deep Clay Prairie; Ecotone / Edge Thicket
Grindelia squarrosa,Grindelia squarrosa,91,Grindelia squarrosa,Grindelia squarrosa,Curlycup Gumweed,Upland prairie and open grassland systems,Shallow Upland Prairie,open dry upland prairie/grassland,open dry upland prairie/grassland,Dry,"Region: AGCP AK AW CB EMP GP HI MW NCNE WMVE Status: FACU FACU FACU UPL FACU FACU FACU | This information is derived from: U.S. Army Corps of Engineers. (2023). 2022 National Wetland Plant List, version 3.6. U.S. Army Engineer Research and Development Center, Vicksburg, MS. | https://wetland-plants.usace.army.mil/ | . | Click here | for map of regions.",High,No,Publish now,Literature-supported microregion assignment; field/GIS confirmation can be added in a later release.,"LBJ/USDA/FNA/USACE support species habitat traits; NRCS/EPA/TPWD links support site/soil/ecoregion/vegetation validation, not species identity.",v1-online-public-draft,2026-05-27,grindelia-squarrosa,https://www.wildflower.org/plants/result.php?id_plant=GRSQ,https://plants.usda.gov/home/basicSearchResults?searchString=Grindelia+squarrosa,https://floranorthamerica.org/Special:Search?search=Grindelia+squarrosa,https://floranorthamerica.org/Grindelia_squarrosa,https://wetland-plants.sec.usace.army.mil/,https://websoilsurvey.nrcs.usda.gov/app/,https://edit.sc.egov.usda.gov/,https://www.epa.gov/eco-research/ecoregions,https://tpwd.texas.gov/landwater/land/programs/landscape-ecology/ems/,
Hedeoma acinoides,Hedeoma acinoides,92,Hedeoma acinoides,Hedeoma acinoides,"Pannyroyal (annual), Slender False Pennyroyal",Woodland and karst upland systems,Karst Outcrops,rocky calcareous limestone outcrop,rocky calcareous limestone outcrop,"Dry , Moist; Medium; Sun , Part Shade",,Medium,Optional,Publish with caveat,"Usable for public draft release, but should remain flagged as provisional until optional spot-check or field/GIS support is added.","LBJ/USDA/FNA/USACE support species habitat traits; NRCS/EPA/TPWD links support site/soil/ecoregion/vegetation validation, not species identity.",v1-online-public-draft,2026-05-27,hedeoma-acinoides,https://www.wildflower.org/plants/result.php?id_plant=HEAC,https://plants.usda.gov/home/basicSearchResults?searchString=Hedeoma+acinoides,https://floranorthamerica.org/Special:Search?search=Hedeoma+acinoides,https://floranorthamerica.org/Hedeoma_acinoides,https://wetland-plants.sec.usace.army.mil/,https://websoilsurvey.nrcs.usda.gov/app/,https://edit.sc.egov.usda.gov/,https://www.epa.gov/eco-research/ecoregions,https://tpwd.texas.gov/landwater/land/programs/landscape-ecology/ems/,Upland Woodland; Shallow Upland Prairie
Hedeoma reverchonii,Hedeoma reverchonii,93,Hedeoma reverchonii,Hedeoma reverchonii,Reverchon's False Pennyroyal,Woodland and karst upland systems,Karst Outcrops,limestone/caliche/calcareous; rocky/ledge/slope; dry upland; sunny open,low-water sun; central Texas limestone/rocky microhabitat likely,,,High,No,Publish now,Literature-supported microregion assignment; field/GIS confirmation can be added in a later release.,"LBJ/USDA/FNA/USACE support species habitat traits; NRCS/EPA/TPWD links support site/soil/ecoregion/vegetation validation, not species identity.",v1-online-public-draft,2026-05-27,hedeoma-reverchonii,https://www.wildflower.org/plants/result.php?id_plant=HERE3,https://plants.usda.gov/home/basicSearchResults?searchString=Hedeoma+reverchonii,https://floranorthamerica.org/Special:Search?search=Hedeoma+reverchonii,https://floranorthamerica.org/Hedeoma_reverchonii,https://wetland-plants.sec.usace.army.mil/,https://websoilsurvey.nrcs.usda.gov/app/,https://edit.sc.egov.usda.gov/,https://www.epa.gov/eco-research/ecoregions,https://tpwd.texas.gov/landwater/land/programs/landscape-ecology/ems/,Shallow Upland Prairie
Helenium amarum,Helenium amarum,94,Helenium amarum,Helenium amarum,Southern Wild Hyacinth,Upland prairie and open grassland systems,Shallow Upland Prairie,sandy/loamy upland prairie or open field,sandy/loamy upland prairie or open field,Dry; Low; Part Shade,"Region: AGCP AK AW CB EMP GP HI MW NCNE WMVE Status: FACU FACU FACU FACU FACU FACU FACU | This information is derived from: U.S. Army Corps of Engineers. (2023). 2022 National Wetland Plant List, version 3.6. U.S. Army Engineer Research and Development Center, Vicksburg, MS. | https://wetland-plants.usace.army.mil/ | . | Click here | for map of regions.",High,No,Publish now,Literature-supported microregion assignment; field/GIS confirmation can be added in a later release.,"LBJ/USDA/FNA/USACE support species habitat traits; NRCS/EPA/TPWD links support site/soil/ecoregion/vegetation validation, not species identity.",v1-online-public-draft,2026-05-27,helenium-amarum,https://www.wildflower.org/plants/result.php?id_plant=HEAM,https://plants.usda.gov/home/basicSearchResults?searchString=Helenium+amarum,https://floranorthamerica.org/Special:Search?search=Helenium+amarum,https://floranorthamerica.org/Helenium_amarum,https://wetland-plants.sec.usace.army.mil/,https://websoilsurvey.nrcs.usda.gov/app/,https://edit.sc.egov.usda.gov/,https://www.epa.gov/eco-research/ecoregions,https://tpwd.texas.gov/landwater/land/programs/landscape-ecology/ems/,
Helenium autumnale,Helenium autumnale,95,Helenium autumnale,Helenium autumnale,"Common Sneezeweed, Fall Sneezeweed, Autumn Sneezeweed",Upland prairie and open grassland systems,Deep Clay Prairie,deep clay or calcareous clay prairie,deep clay or calcareous clay prairie,Moist; Medium; Sun; High,"Region: AGCP AK AW CB EMP GP HI MW NCNE WMVE Status: FACW FACW FACW FACW FACW FACW FACW | This information is derived from: U.S. Army Corps of Engineers. (2023). 2022 National Wetland Plant List, version 3.6. U.S. Army Engineer Research and Development Center, Vicksburg, MS. | https://wetland-plants.usace.army.mil/ | . | Click here | for map of regions.",Medium,Optional,Publish with caveat,"Usable for public draft release, but should remain flagged as provisional until optional spot-check or field/GIS support is added.","LBJ/USDA/FNA/USACE support species habitat traits; NRCS/EPA/TPWD links support site/soil/ecoregion/vegetation validation, not species identity.",v1-online-public-draft,2026-05-27,helenium-autumnale,https://www.wildflower.org/plants/result.php?id_plant=HEAU,https://plants.usda.gov/home/basicSearchResults?searchString=Helenium+autumnale,https://floranorthamerica.org/Special:Search?search=Helenium+autumnale,https://floranorthamerica.org/Helenium_autumnale,https://wetland-plants.sec.usace.army.mil/,https://websoilsurvey.nrcs.usda.gov/app/,https://edit.sc.egov.usda.gov/,https://www.epa.gov/eco-research/ecoregions,https://tpwd.texas.gov/landwater/land/programs/landscape-ecology/ems/,Shallow Upland Prairie
Helianthus maximiliani,Helianthus maximiliani,96,Helianthus maximiliani,Helianthus maximiliani,"Maximilian Sunflower, Max Sunflower",Upland prairie and open grassland systems,Shallow Upland Prairie,sandy/loamy upland prairie or open field,sandy/loamy upland prairie or open field,"Dry , Moist; Low; Sun","Region: AGCP AK AW CB EMP GP HI MW NCNE WMVE Status: UPL UPL UPL FACU UPL UPL UPL | This information is derived from: U.S. Army Corps of Engineers. (2023). 2022 National Wetland Plant List, version 3.6. U.S. Army Engineer Research and Development Center, Vicksburg, MS. | https://wetland-plants.usace.army.mil/ | . | Click here | for map of regions.",High,No,Publish now,Literature-supported microregion assignment; field/GIS confirmation can be added in a later release.,"LBJ/USDA/FNA/USACE support species habitat traits; NRCS/EPA/TPWD links support site/soil/ecoregion/vegetation validation, not species identity.",v1-online-public-draft,2026-05-27,helianthus-maximiliani,https://www.wildflower.org/plants/result.php?id_plant=HEMA2,https://plants.usda.gov/home/basicSearchResults?searchString=Helianthus+maximiliani,https://floranorthamerica.org/Special:Search?search=Helianthus+maximiliani,https://floranorthamerica.org/Helianthus_maximiliani,https://wetland-plants.sec.usace.army.mil/,https://websoilsurvey.nrcs.usda.gov/app/,https://edit.sc.egov.usda.gov/,https://www.epa.gov/eco-research/ecoregions,https://tpwd.texas.gov/landwater/land/programs/landscape-ecology/ems/,
Hibiscus laevis,Hibiscus laevis,97,Hibiscus laevis,Hibiscus laevis,"Halberdleaf Rosemallow, Halberdleaf Hibiscus, Scarlet Rose Mallow, Halberd-leaved Hibiscus, Halberd-leaved Rose-mallow","Aquatic, spring-run, and wetland systems",Aquatic / Spring Runs,marsh/swamp/wetland; limestone/caliche/calcareous; deep clay/swale; moist mesic; sunny open; shade/part shade,"marshes, high water, moist soils","Moist; High; Sun , Part Shade; Low","Region: AGCP AK AW CB EMP GP HI MW NCNE WMVE Status: OBL OBL OBL OBL OBL | This information is derived from: U.S. Army Corps of Engineers. (2023). 2022 National Wetland Plant List, version 3.6. U.S. Army Engineer Research and Development Center, Vicksburg, MS. | https://wetland-plants.usace.army.mil/ | . | Click here | for map of regions.",High,No,Publish now,Literature-supported microregion assignment; field/GIS confirmation can be added in a later release.,"LBJ/USDA/FNA/USACE support species habitat traits; NRCS/EPA/TPWD links support site/soil/ecoregion/vegetation validation, not species identity.",v1-online-public-draft,2026-05-27,hibiscus-laevis,https://www.wildflower.org/plants/result.php?id_plant=HILA2,https://plants.usda.gov/home/basicSearchResults?searchString=Hibiscus+laevis,https://floranorthamerica.org/Special:Search?search=Hibiscus+laevis,https://floranorthamerica.org/Hibiscus_laevis,https://wetland-plants.sec.usace.army.mil/,https://websoilsurvey.nrcs.usda.gov/app/,https://edit.sc.egov.usda.gov/,https://www.epa.gov/eco-research/ecoregions,https://tpwd.texas.gov/landwater/land/programs/landscape-ecology/ems/,Riparian Banks; Deep Clay Prairie
Hibiscus moscheutos,Hibiscus moscheutos,98,Hibiscus moscheutos,Hibiscus moscheutos,"Crimson-eyed Rose-mallow, Marshmallow Hibiscus","Aquatic, spring-run, and wetland systems",Aquatic / Spring Runs,marsh/swamp/wetland; woodland/wood edge; moist mesic; sunny open; shade/part shade,swampy forests/wet meadows/marshes,"Moist , Wet; High; Sun , Part Shade; Low","Region: AGCP AK AW CB EMP GP HI MW NCNE WMVE Status: OBL OBL OBL OBL OBL OBL OBL | This information is derived from: U.S. Army Corps of Engineers. (2023). 2022 National Wetland Plant List, version 3.6. U.S. Army Engineer Research and Development Center, Vicksburg, MS. | https://wetland-plants.usace.army.mil/ | . | Click here | for map of regions.",High,No,Publish now,Literature-supported microregion assignment; field/GIS confirmation can be added in a later release.,"LBJ/USDA/FNA/USACE support species habitat traits; NRCS/EPA/TPWD links support site/soil/ecoregion/vegetation validation, not species identity.",v1-online-public-draft,2026-05-27,hibiscus-moscheutos,https://www.wildflower.org/plants/result.php?id_plant=HIMO,https://plants.usda.gov/home/basicSearchResults?searchString=Hibiscus+moscheutos,https://floranorthamerica.org/Special:Search?search=Hibiscus+moscheutos,https://floranorthamerica.org/Hibiscus_moscheutos,https://wetland-plants.sec.usace.army.mil/,https://websoilsurvey.nrcs.usda.gov/app/,https://edit.sc.egov.usda.gov/,https://www.epa.gov/eco-research/ecoregions,https://tpwd.texas.gov/landwater/land/programs/landscape-ecology/ems/,Riparian Banks; Mesic Canyons & Seeps; Shallow Upland Prairie; Upland Woodland
Hydrocotyle umbellata,Hydrocotyle umbellata,99,Hydrocotyle umbellata,Hydrocotyle umbellata,"Manyflower Marsh-pennywort, Many-flowered Marsh-pennywort, Marsh Pennywort, Water Pennywort, Money Plant","Aquatic, spring-run, and wetland systems",Aquatic / Spring Runs,pond/lake margin or shallow open water,pond/lake margin or shallow open water,"Moist , Wet; Medium; Sun , Part Shade , Shade","Region: AGCP AK AW CB EMP GP HI MW NCNE WMVE Status: OBL OBL OBL OBL OBL OBL OBL OBL | This information is derived from: U.S. Army Corps of Engineers. (2023). 2022 National Wetland Plant List, version 3.6. U.S. Army Engineer Research and Development Center, Vicksburg, MS. | https://wetland-plants.usace.army.mil/ | . | Click here | for map of regions.",High,No,Publish now,Literature-supported microregion assignment; field/GIS confirmation can be added in a later release.,"LBJ/USDA/FNA/USACE support species habitat traits; NRCS/EPA/TPWD links support site/soil/ecoregion/vegetation validation, not species identity.",v1-online-public-draft,2026-05-27,hydrocotyle-umbellata,https://www.wildflower.org/plants/result.php?id_plant=HYUM,https://plants.usda.gov/home/basicSearchResults?searchString=Hydrocotyle+umbellata,https://floranorthamerica.org/Special:Search?search=Hydrocotyle+umbellata,https://floranorthamerica.org/Hydrocotyle_umbellata,https://wetland-plants.sec.usace.army.mil/,https://websoilsurvey.nrcs.usda.gov/app/,https://edit.sc.egov.usda.gov/,https://www.epa.gov/eco-research/ecoregions,https://tpwd.texas.gov/landwater/land/programs/landscape-ecology/ems/,Upland Woodland
Ipomopsis rubra,Ipomopsis rubra,100,Ipomopsis rubra,Ipomopsis rubra,"Standing Cypress, Texas Plume, Red Texas Star, Red Gilia",Upland prairie and open grassland systems,Shallow Upland Prairie,sandy/loamy upland prairie or open field,sandy/loamy upland prairie or open field,"Dry; Medium; Sun , Part Shade",,High,No,Publish now,Literature-supported microregion assignment; field/GIS confirmation can be added in a later release.,"LBJ/USDA/FNA/USACE support species habitat traits; NRCS/EPA/TPWD links support site/soil/ecoregion/vegetation validation, not species identity.",v1-online-public-draft,2026-05-27,ipomopsis-rubra,https://www.wildflower.org/plants/result.php?id_plant=IPRU2,https://plants.usda.gov/home/basicSearchResults?searchString=Ipomopsis+rubra,https://floranorthamerica.org/Special:Search?search=Ipomopsis+rubra,https://floranorthamerica.org/Ipomopsis_rubra,https://wetland-plants.sec.usace.army.mil/,https://websoilsurvey.nrcs.usda.gov/app/,https://edit.sc.egov.usda.gov/,https://www.epa.gov/eco-research/ecoregions,https://tpwd.texas.gov/landwater/land/programs/landscape-ecology/ems/,Karst Outcrops; Upland Woodland
Justicia americana,Justicia americana,101,Justicia americana,Justicia americana,"American Water-willow, Water-willow","Aquatic, spring-run, and wetland systems",Aquatic / Spring Runs,"marsh, swamp, bog, or wetland margin","marsh, swamp, bog, or wetland margin","Moist , Wet; Medium; Sun , Part Shade; Medium","Region: AGCP AK AW CB EMP GP HI MW NCNE WMVE Status: OBL OBL OBL OBL OBL OBL | This information is derived from: U.S. Army Corps of Engineers. (2023). 2022 National Wetland Plant List, version 3.6. U.S. Army Engineer Research and Development Center, Vicksburg, MS. | https://wetland-plants.usace.army.mil/ | . | Click here | for map of regions.",High,No,Publish now,Literature-supported microregion assignment; field/GIS confirmation can be added in a later release.,"LBJ/USDA/FNA/USACE support species habitat traits; NRCS/EPA/TPWD links support site/soil/ecoregion/vegetation validation, not species identity.",v1-online-public-draft,2026-05-27,justicia-americana,https://www.wildflower.org/plants/result.php?id_plant=JUAM,https://plants.usda.gov/home/basicSearchResults?searchString=Justicia+americana,https://floranorthamerica.org/Special:Search?search=Justicia+americana,https://floranorthamerica.org/Justicia_americana,https://wetland-plants.sec.usace.army.mil/,https://websoilsurvey.nrcs.usda.gov/app/,https://edit.sc.egov.usda.gov/,https://www.epa.gov/eco-research/ecoregions,https://tpwd.texas.gov/landwater/land/programs/landscape-ecology/ems/,
Liatris punctata var. mucronata,Liatris punctata var. mucronata,102,Liatris punctata var. mucronata,Liatris punctata var. mucronata,Gayfeather,Woodland and karst upland systems,Karst Outcrops,gravelly calcareous slope or terrace,gravelly calcareous slope or terrace,Dry; Low; Sun; High; High,,High,No,Publish now,Literature-supported microregion assignment; field/GIS confirmation can be added in a later release.,"LBJ/USDA/FNA/USACE support species habitat traits; NRCS/EPA/TPWD links support site/soil/ecoregion/vegetation validation, not species identity.",v1-online-public-draft,2026-05-27,liatris-punctata-var-mucronata,https://www.wildflower.org/plants/result.php?id_plant=LIPUM2,https://plants.usda.gov/home/basicSearchResults?searchString=Liatris+punctata+var.+mucronata,https://floranorthamerica.org/Special:Search?search=Liatris+punctata+var.+mucronata,https://floranorthamerica.org/Liatris_punctata_var_mucronata,https://wetland-plants.sec.usace.army.mil/,https://websoilsurvey.nrcs.usda.gov/app/,https://edit.sc.egov.usda.gov/,https://www.epa.gov/eco-research/ecoregions,https://tpwd.texas.gov/landwater/land/programs/landscape-ecology/ems/,
Lindheimera texana,Lindheimera texana,103,Lindheimera texana,Lindheimera texana,"Texas Yellowstar, Texas Star, Texas Yellow-star, Lindheimer Daisy",Upland prairie and open grassland systems,Shallow Upland Prairie,sandy/loamy upland prairie or open field,sandy/loamy upland prairie or open field,Dry; Low; Sun,,High,No,Publish now,Literature-supported microregion assignment; field/GIS confirmation can be added in a later release.,"LBJ/USDA/FNA/USACE support species habitat traits; NRCS/EPA/TPWD links support site/soil/ecoregion/vegetation validation, not species identity.",v1-online-public-draft,2026-05-27,lindheimera-texana,https://www.wildflower.org/plants/result.php?id_plant=LITE3,https://plants.usda.gov/home/basicSearchResults?searchString=Lindheimera+texana,https://floranorthamerica.org/Special:Search?search=Lindheimera+texana,https://floranorthamerica.org/Lindheimera_texana,https://wetland-plants.sec.usace.army.mil/,https://websoilsurvey.nrcs.usda.gov/app/,https://edit.sc.egov.usda.gov/,https://www.epa.gov/eco-research/ecoregions,https://tpwd.texas.gov/landwater/land/programs/landscape-ecology/ems/,
Lobelia cardinalis,Lobelia cardinalis,104,Lobelia cardinalis,Lobelia cardinalis,Cardinal Flower,Upland prairie and open grassland systems,Shallow Upland Prairie,sandy/loamy upland prairie or open field,sandy/loamy upland prairie or open field,"Moist , Wet; Medium , High; Sun , Part Shade , Shade; Medium; Low","Region: AGCP AK AW CB EMP GP HI MW NCNE WMVE Status: FACW OBL FACW FACW OBL OBL FACW | This information is derived from: U.S. Army Corps of Engineers. (2023). 2022 National Wetland Plant List, version 3.6. U.S. Army Engineer Research and Development Center, Vicksburg, MS. | https://wetland-plants.usace.army.mil/ | . | Click here | for map of regions.",High,No,Publish now,Literature-supported microregion assignment; field/GIS confirmation can be added in a later release.,"LBJ/USDA/FNA/USACE support species habitat traits; NRCS/EPA/TPWD links support site/soil/ecoregion/vegetation validation, not species identity.",v1-online-public-draft,2026-05-27,lobelia-cardinalis,https://www.wildflower.org/plants/result.php?id_plant=LOCA2,https://plants.usda.gov/home/basicSearchResults?searchString=Lobelia+cardinalis,https://floranorthamerica.org/Special:Search?search=Lobelia+cardinalis,https://floranorthamerica.org/Lobelia_cardinalis,https://wetland-plants.sec.usace.army.mil/,https://websoilsurvey.nrcs.usda.gov/app/,https://edit.sc.egov.usda.gov/,https://www.epa.gov/eco-research/ecoregions,https://tpwd.texas.gov/landwater/land/programs/landscape-ecology/ems/,
Ludwigia octovalvis,Ludwigia octovalvis,105,Ludwigia octovalvis,Ludwigia octovalvis,"Mexican Primrose-willow, Narrow-leaf Water Primrose, Seedbox, Mexican Primrose Willow","Aquatic, spring-run, and wetland systems",Aquatic / Spring Runs,"marsh, swamp, bog, or wetland margin","marsh, swamp, bog, or wetland margin","Moist; Medium; Sun , Part Shade","Region: AGCP AK AW CB EMP GP HI MW NCNE WMVE Status: OBL OBL OBL OBL OBL OBL | This information is derived from: U.S. Army Corps of Engineers. (2023). 2022 National Wetland Plant List, version 3.6. U.S. Army Engineer Research and Development Center, Vicksburg, MS. | https://wetland-plants.usace.army.mil/ | . | Click here | for map of regions.",Medium,Optional,Publish with caveat,"Usable for public draft release, but should remain flagged as provisional until optional spot-check or field/GIS support is added.","LBJ/USDA/FNA/USACE support species habitat traits; NRCS/EPA/TPWD links support site/soil/ecoregion/vegetation validation, not species identity.",v1-online-public-draft,2026-05-27,ludwigia-octovalvis,https://www.wildflower.org/plants/result.php?id_plant=LUOC,https://plants.usda.gov/home/basicSearchResults?searchString=Ludwigia+octovalvis,https://floranorthamerica.org/Special:Search?search=Ludwigia+octovalvis,https://floranorthamerica.org/Ludwigia_octovalvis,https://wetland-plants.sec.usace.army.mil/,https://websoilsurvey.nrcs.usda.gov/app/,https://edit.sc.egov.usda.gov/,https://www.epa.gov/eco-research/ecoregions,https://tpwd.texas.gov/landwater/land/programs/landscape-ecology/ems/,Upland Woodland
Lupinus texensis,Lupinus texensis,106,Lupinus texensis,Lupinus texensis,"Texas Bluebonnet, Bluebonnet, Texas Lupine, Buffalo Clover, Wolf Flower",Woodland and karst upland systems,Karst Outcrops,limestone/caliche/calcareous; prairie/open field; deep clay/swale; disturbed/roadside/ditch; dry upland; moist mesic; sunny open,limestone/chalky dry prairies/open fields/roadsides,Dry; Low; Sun; High,,High,No,Publish now,Literature-supported microregion assignment; field/GIS confirmation can be added in a later release.,"LBJ/USDA/FNA/USACE support species habitat traits; NRCS/EPA/TPWD links support site/soil/ecoregion/vegetation validation, not species identity.",v1-online-public-draft,2026-05-27,lupinus-texensis,https://www.wildflower.org/plants/result.php?id_plant=LUTE,https://plants.usda.gov/home/basicSearchResults?searchString=Lupinus+texensis,https://floranorthamerica.org/Special:Search?search=Lupinus+texensis,https://floranorthamerica.org/Lupinus_texensis,https://wetland-plants.sec.usace.army.mil/,https://websoilsurvey.nrcs.usda.gov/app/,https://edit.sc.egov.usda.gov/,https://www.epa.gov/eco-research/ecoregions,https://tpwd.texas.gov/landwater/land/programs/landscape-ecology/ems/,Shallow Upland Prairie; Deep Clay Prairie; Ecotone / Edge Thicket
Marshallia caespitosa,Marshallia caespitosa,107,Marshallia caespitosa,Marshallia caespitosa,"Barbara's-buttons, Puffballs, White Barbara's-buttons, Barbara's Buttons",Upland prairie and open grassland systems,Shallow Upland Prairie,sandy/loamy upland prairie or open field,sandy/loamy upland prairie or open field,"Dry; Low; Sun , Part Shade","Region: AGCP AK AW CB EMP GP HI MW NCNE WMVE Status: FACU FACU FAC UPL | This information is derived from: U.S. Army Corps of Engineers. (2023). 2022 National Wetland Plant List, version 3.6. U.S. Army Engineer Research and Development Center, Vicksburg, MS. | https://wetland-plants.usace.army.mil/ | . | Click here | for map of regions.",High,No,Publish now,Literature-supported microregion assignment; field/GIS confirmation can be added in a later release.,"LBJ/USDA/FNA/USACE support species habitat traits; NRCS/EPA/TPWD links support site/soil/ecoregion/vegetation validation, not species identity.",v1-online-public-draft,2026-05-27,marshallia-caespitosa,https://www.wildflower.org/plants/result.php?id_plant=MACA7,https://plants.usda.gov/home/basicSearchResults?searchString=Marshallia+caespitosa,https://floranorthamerica.org/Special:Search?search=Marshallia+caespitosa,https://floranorthamerica.org/Marshallia_caespitosa,https://wetland-plants.sec.usace.army.mil/,https://websoilsurvey.nrcs.usda.gov/app/,https://edit.sc.egov.usda.gov/,https://www.epa.gov/eco-research/ecoregions,https://tpwd.texas.gov/landwater/land/programs/landscape-ecology/ems/,Karst Outcrops
Melampodium leucanthum,Melampodium leucanthum,108,Melampodium leucanthum,Melampodium leucanthum,"Blackfoot Daisy, Rock Daisy, Plains Blackfoot, Arnica",Woodland and karst upland systems,Karst Outcrops,gravelly calcareous slope or terrace,gravelly calcareous slope or terrace,"Dry; Low; Sun , Part Shade",,Medium,Optional,Publish with caveat,"Usable for public draft release, but should remain flagged as provisional until optional spot-check or field/GIS support is added.","LBJ/USDA/FNA/USACE support species habitat traits; NRCS/EPA/TPWD links support site/soil/ecoregion/vegetation validation, not species identity.",v1-online-public-draft,2026-05-27,melampodium-leucanthum,https://www.wildflower.org/plants/result.php?id_plant=MELE2,https://plants.usda.gov/home/basicSearchResults?searchString=Melampodium+leucanthum,https://floranorthamerica.org/Special:Search?search=Melampodium+leucanthum,https://floranorthamerica.org/Melampodium_leucanthum,https://wetland-plants.sec.usace.army.mil/,https://websoilsurvey.nrcs.usda.gov/app/,https://edit.sc.egov.usda.gov/,https://www.epa.gov/eco-research/ecoregions,https://tpwd.texas.gov/landwater/land/programs/landscape-ecology/ems/,Shallow Upland Prairie
Menodora longiflora,Menodora longiflora,109,Menodora longiflora,Menodora longiflora,"Showy Menodora, Longflower menodora",Woodland and karst upland systems,Karst Outcrops,stream/river bank; ravine/canyon/depression; limestone/caliche/calcareous; deep clay/swale; dry upland; moist mesic; shade/part shade,canyons and stream/river banks; limestone/calcareous soils,Dry; Low; Part Shade,,High,No,Publish now,Literature-supported microregion assignment; field/GIS confirmation can be added in a later release.,"LBJ/USDA/FNA/USACE support species habitat traits; NRCS/EPA/TPWD links support site/soil/ecoregion/vegetation validation, not species identity.",v1-online-public-draft,2026-05-27,menodora-longiflora,https://www.wildflower.org/plants/result.php?id_plant=MELO2,https://plants.usda.gov/home/basicSearchResults?searchString=Menodora+longiflora,https://floranorthamerica.org/Special:Search?search=Menodora+longiflora,https://floranorthamerica.org/Menodora_longiflora,https://wetland-plants.sec.usace.army.mil/,https://websoilsurvey.nrcs.usda.gov/app/,https://edit.sc.egov.usda.gov/,https://www.epa.gov/eco-research/ecoregions,https://tpwd.texas.gov/landwater/land/programs/landscape-ecology/ems/,Riparian Banks; Mesic Canyons & Seeps; Shallow Upland Prairie
Monarda citriodora,Monarda citriodora,110,Monarda citriodora,Monarda citriodora,"Lemon Beebalm, Purple Horsemint, Lemon Mint, Plains Horsemint, Lemon Horsemint, Horsemint, Purple Lemon Mint",Upland prairie and open grassland systems,Shallow Upland Prairie,dry upland prairie slope,dry upland prairie slope,"Dry; Low; Sun , Part Shade",,High,No,Publish now,Literature-supported microregion assignment; field/GIS confirmation can be added in a later release.,"LBJ/USDA/FNA/USACE support species habitat traits; NRCS/EPA/TPWD links support site/soil/ecoregion/vegetation validation, not species identity.",v1-online-public-draft,2026-05-27,monarda-citriodora,https://www.wildflower.org/plants/result.php?id_plant=MOCI,https://plants.usda.gov/home/basicSearchResults?searchString=Monarda+citriodora,https://floranorthamerica.org/Special:Search?search=Monarda+citriodora,https://floranorthamerica.org/Monarda_citriodora,https://wetland-plants.sec.usace.army.mil/,https://websoilsurvey.nrcs.usda.gov/app/,https://edit.sc.egov.usda.gov/,https://www.epa.gov/eco-research/ecoregions,https://tpwd.texas.gov/landwater/land/programs/landscape-ecology/ems/,
Monarda fistulosa,Monarda fistulosa,111,Monarda fistulosa,Monarda fistulosa,Wild Bergamot,Upland prairie and open grassland systems,Shallow Upland Prairie,sandy/loamy upland prairie or open field,sandy/loamy upland prairie or open field,"Dry , Moist; Medium; Sun , Part Shade; Medium; Medium","Region: AGCP AK AW CB EMP GP HI MW NCNE WMVE Status: FACU FACU UPL UPL FACU FACU FACU | This information is derived from: U.S. Army Corps of Engineers. (2023). 2022 National Wetland Plant List, version 3.6. U.S. Army Engineer Research and Development Center, Vicksburg, MS. | https://wetland-plants.usace.army.mil/ | . | Click here | for map of regions.",High,No,Publish now,Literature-supported microregion assignment; field/GIS confirmation can be added in a later release.,"LBJ/USDA/FNA/USACE support species habitat traits; NRCS/EPA/TPWD links support site/soil/ecoregion/vegetation validation, not species identity.",v1-online-public-draft,2026-05-27,monarda-fistulosa,https://www.wildflower.org/plants/result.php?id_plant=MOFI,https://plants.usda.gov/home/basicSearchResults?searchString=Monarda+fistulosa,https://floranorthamerica.org/Special:Search?search=Monarda+fistulosa,https://floranorthamerica.org/Monarda_fistulosa,https://wetland-plants.sec.usace.army.mil/,https://websoilsurvey.nrcs.usda.gov/app/,https://edit.sc.egov.usda.gov/,https://www.epa.gov/eco-research/ecoregions,https://tpwd.texas.gov/landwater/land/programs/landscape-ecology/ems/,
Monarda punctata,Monarda punctata,112,Monarda punctata,Monarda punctata,Spotted Beebalm,Upland prairie and open grassland systems,Shallow Upland Prairie,sandy/loamy upland prairie or open field,sandy/loamy upland prairie or open field,Dry; Low; Sun,"Region: AGCP AK AW CB EMP GP HI MW NCNE WMVE Status: FACU UPL UPL UPL UPL UPL UPL | This information is derived from: U.S. Army Corps of Engineers. (2023). 2022 National Wetland Plant List, version 3.6. U.S. Army Engineer Research and Development Center, Vicksburg, MS. | https://wetland-plants.usace.army.mil/ | . | Click here | for map of regions.",High,No,Publish now,Literature-supported microregion assignment; field/GIS confirmation can be added in a later release.,"LBJ/USDA/FNA/USACE support species habitat traits; NRCS/EPA/TPWD links support site/soil/ecoregion/vegetation validation, not species identity.",v1-online-public-draft,2026-05-27,monarda-punctata,https://www.wildflower.org/plants/result.php?id_plant=MOPU,https://plants.usda.gov/home/basicSearchResults?searchString=Monarda+punctata,https://floranorthamerica.org/Special:Search?search=Monarda+punctata,https://floranorthamerica.org/Monarda_punctata,https://wetland-plants.sec.usace.army.mil/,https://websoilsurvey.nrcs.usda.gov/app/,https://edit.sc.egov.usda.gov/,https://www.epa.gov/eco-research/ecoregions,https://tpwd.texas.gov/landwater/land/programs/landscape-ecology/ems/,
Nemophila phacelioides,Nemophila phacelioides,113,Nemophila phacelioides,Nemophila phacelioides,"Texas Baby Blue Eyes, Large-flower Baby-blue-eyes, Baby Blue-eyes, Flannel Breeches",Upland prairie and open grassland systems,Shallow Upland Prairie,sandy/loamy upland prairie or open field,sandy/loamy upland prairie or open field,Dry; Medium; Part Shade,,High,No,Publish now,Literature-supported microregion assignment; field/GIS confirmation can be added in a later release.,"LBJ/USDA/FNA/USACE support species habitat traits; NRCS/EPA/TPWD links support site/soil/ecoregion/vegetation validation, not species identity.",v1-online-public-draft,2026-05-27,nemophila-phacelioides,https://www.wildflower.org/plants/result.php?id_plant=NEPH,https://plants.usda.gov/home/basicSearchResults?searchString=Nemophila+phacelioides,https://floranorthamerica.org/Special:Search?search=Nemophila+phacelioides,https://floranorthamerica.org/Nemophila_phacelioides,https://wetland-plants.sec.usace.army.mil/,https://websoilsurvey.nrcs.usda.gov/app/,https://edit.sc.egov.usda.gov/,https://www.epa.gov/eco-research/ecoregions,https://tpwd.texas.gov/landwater/land/programs/landscape-ecology/ems/,Shallow Upland Prairie; Deep Clay Prairie
Neptunia lutea,Neptunia lutea,114,Neptunia lutea,Neptunia lutea,"Yellow Sensitive Briar, Yellow Puff",Upland prairie and open grassland systems,Shallow Upland Prairie,dry upland; sunny open,"low-water sun, circumneutral soils",Sun,"Region: AGCP AK AW CB EMP GP HI MW NCNE WMVE Status: FACU FACU FACU FACU | This information is derived from: U.S. Army Corps of Engineers. (2023). 2022 National Wetland Plant List, version 3.6. U.S. Army Engineer Research and Development Center, Vicksburg, MS. | https://wetland-plants.usace.army.mil/ | . | Click here | for map of regions.",Medium,Optional,Publish with caveat,"Usable for public draft release, but should remain flagged as provisional until optional spot-check or field/GIS support is added.","LBJ/USDA/FNA/USACE support species habitat traits; NRCS/EPA/TPWD links support site/soil/ecoregion/vegetation validation, not species identity.",v1-online-public-draft,2026-05-27,neptunia-lutea,https://www.wildflower.org/plants/result.php?id_plant=NELU2,https://plants.usda.gov/home/basicSearchResults?searchString=Neptunia+lutea,https://floranorthamerica.org/Special:Search?search=Neptunia+lutea,https://floranorthamerica.org/Neptunia_lutea,https://wetland-plants.sec.usace.army.mil/,https://websoilsurvey.nrcs.usda.gov/app/,https://edit.sc.egov.usda.gov/,https://www.epa.gov/eco-research/ecoregions,https://tpwd.texas.gov/landwater/land/programs/landscape-ecology/ems/,Deep Clay Prairie; Upland Savanna
Oenothera jamesii,Oenothera jamesii,115,Oenothera jamesii,Oenothera jamesii,"Trumpet Evening-primrose, Trumpet Evening Primrose, River Primrose",Riparian and floodplain systems,Riparian Banks,stream/river bank,stream/river bank,Wet; Sun,"Region: AGCP AK AW CB EMP GP HI MW NCNE WMVE Status: FACW FACW FACW | This information is derived from: U.S. Army Corps of Engineers. (2023). 2022 National Wetland Plant List, version 3.6. U.S. Army Engineer Research and Development Center, Vicksburg, MS. | https://wetland-plants.usace.army.mil/ | . | Click here | for map of regions.",High,No,Publish now,Literature-supported microregion assignment; field/GIS confirmation can be added in a later release.,"LBJ/USDA/FNA/USACE support species habitat traits; NRCS/EPA/TPWD links support site/soil/ecoregion/vegetation validation, not species identity.",v1-online-public-draft,2026-05-27,oenothera-jamesii,https://www.wildflower.org/plants/result.php?id_plant=OEJA,https://plants.usda.gov/home/basicSearchResults?searchString=Oenothera+jamesii,https://floranorthamerica.org/Special:Search?search=Oenothera+jamesii,https://floranorthamerica.org/Oenothera_jamesii,https://wetland-plants.sec.usace.army.mil/,https://websoilsurvey.nrcs.usda.gov/app/,https://edit.sc.egov.usda.gov/,https://www.epa.gov/eco-research/ecoregions,https://tpwd.texas.gov/landwater/land/programs/landscape-ecology/ems/,
Oenothera lindheimeri,Oenothera lindheimeri,116,Oenothera lindheimeri,Oenothera lindheimeri,Pink Gaura,Upland prairie and open grassland systems,Shallow Upland Prairie,sandy/loamy upland prairie or open field,sandy/loamy upland prairie or open field,"Moist; Medium; Sun , Part Shade",,High,No,Publish now,Literature-supported microregion assignment; field/GIS confirmation can be added in a later release.,"LBJ/USDA/FNA/USACE support species habitat traits; NRCS/EPA/TPWD links support site/soil/ecoregion/vegetation validation, not species identity.",v1-online-public-draft,2026-05-27,oenothera-lindheimeri,https://www.wildflower.org/plants/result.php?id_plant=OELI2,https://plants.usda.gov/home/basicSearchResults?searchString=Oenothera+lindheimeri,https://floranorthamerica.org/Special:Search?search=Oenothera+lindheimeri,https://floranorthamerica.org/Oenothera_lindheimeri,https://wetland-plants.sec.usace.army.mil/,https://websoilsurvey.nrcs.usda.gov/app/,https://edit.sc.egov.usda.gov/,https://www.epa.gov/eco-research/ecoregions,https://tpwd.texas.gov/landwater/land/programs/landscape-ecology/ems/,Shallow Upland Prairie; Upland Woodland; Karst Outcrops; Aquatic / Spring Runs
Oenothera macrocarpa,Oenothera macrocarpa,117,Oenothera macrocarpa,Oenothera macrocarpa,"Missouri Primrose, Fluttermills",Woodland and karst upland systems,Karst Outcrops,limestone/caliche/calcareous; rocky/ledge/slope/ridge; prairie/open field/meadow; disturbed/roadside/ditch; dry upland; sunny open,"limestone glades/bluffs, rocky prairies/hillsides, roadsides",Dry; Low; Sun,,High,No,Publish now,Literature-supported microregion assignment; field/GIS confirmation can be added in a later release.,"LBJ/USDA/FNA/USACE support species habitat traits; NRCS/EPA/TPWD links support site/soil/ecoregion/vegetation validation, not species identity.",v1-online-public-draft,2026-05-27,oenothera-macrocarpa,https://www.wildflower.org/plants/result.php?id_plant=OEMA,https://plants.usda.gov/home/basicSearchResults?searchString=Oenothera+macrocarpa,https://floranorthamerica.org/Special:Search?search=Oenothera+macrocarpa,https://floranorthamerica.org/Oenothera_macrocarpa,https://wetland-plants.sec.usace.army.mil/,https://websoilsurvey.nrcs.usda.gov/app/,https://edit.sc.egov.usda.gov/,https://www.epa.gov/eco-research/ecoregions,https://tpwd.texas.gov/landwater/land/programs/landscape-ecology/ems/,Shallow Upland Prairie
Oenothera speciosa,Oenothera speciosa,118,Oenothera speciosa,Oenothera speciosa,"Pink Evening Primrose, Showy Evening Primrose, Mexican Evening Primrose, Showy Primrose, Pink Ladies, Buttercups, Pink Buttercups",Upland prairie and open grassland systems,Shallow Upland Prairie,dry upland prairie slope,dry upland prairie slope,"Dry , Moist; Low , Medium; Sun",,High,No,Publish now,Literature-supported microregion assignment; field/GIS confirmation can be added in a later release.,"LBJ/USDA/FNA/USACE support species habitat traits; NRCS/EPA/TPWD links support site/soil/ecoregion/vegetation validation, not species identity.",v1-online-public-draft,2026-05-27,oenothera-speciosa,https://www.wildflower.org/plants/result.php?id_plant=OESP2,https://plants.usda.gov/home/basicSearchResults?searchString=Oenothera+speciosa,https://floranorthamerica.org/Special:Search?search=Oenothera+speciosa,https://floranorthamerica.org/Oenothera_speciosa,https://wetland-plants.sec.usace.army.mil/,https://websoilsurvey.nrcs.usda.gov/app/,https://edit.sc.egov.usda.gov/,https://www.epa.gov/eco-research/ecoregions,https://tpwd.texas.gov/landwater/land/programs/landscape-ecology/ems/,
Onosmodium bejariense var. bejariense,Onosmodium bejariense var. bejariense,119,Onosmodium bejariense var. bejariense,Onosmodium bejariense var. bejariense,Marbleseed,Savanna and woodland-edge systems,Upland Savanna,woodland/wood edge; disturbed/roadside/ditch; sunny open,well-drained open woodland and roadside edge,Sun,,Medium-High,Optional,Publish with caveat,"Usable for public draft release, but should remain flagged as provisional until optional spot-check or field/GIS support is added.","LBJ/USDA/FNA/USACE support species habitat traits; NRCS/EPA/TPWD links support site/soil/ecoregion/vegetation validation, not species identity.",v1-online-public-draft,2026-05-27,onosmodium-bejariense-var-bejariense,https://www.wildflower.org/plants/result.php?id_plant=ONBEB,https://plants.usda.gov/home/basicSearchResults?searchString=Onosmodium+bejariense+var.+bejariense,https://floranorthamerica.org/Special:Search?search=Onosmodium+bejariense+var.+bejariense,https://floranorthamerica.org/Onosmodium_bejariense_var_bejariense,https://wetland-plants.sec.usace.army.mil/,https://websoilsurvey.nrcs.usda.gov/app/,https://edit.sc.egov.usda.gov/,https://www.epa.gov/eco-research/ecoregions,https://tpwd.texas.gov/landwater/land/programs/landscape-ecology/ems/,Upland Woodland; Ecotone / Edge Thicket; Shallow Upland Prairie
Packera obovata,Packera obovata,120,Packera obovata,Packera obovata,"Golden Groundsel, Roundleaf Groundsel, Roundleaf Ragwort",Woodland and karst upland systems,Karst Outcrops,rocky calcareous limestone outcrop,rocky calcareous limestone outcrop,"Moist; Low , Medium; Part Shade , Shade","Region: AGCP AK AW CB EMP GP HI MW NCNE WMVE Status: FACU FACU FACU FACU FACU FACU | This information is derived from: U.S. Army Corps of Engineers. (2023). 2022 National Wetland Plant List, version 3.6. U.S. Army Engineer Research and Development Center, Vicksburg, MS. | https://wetland-plants.usace.army.mil/ | . | Click here | for map of regions.",Medium,Optional,Publish with caveat,"Usable for public draft release, but should remain flagged as provisional until optional spot-check or field/GIS support is added.","LBJ/USDA/FNA/USACE support species habitat traits; NRCS/EPA/TPWD links support site/soil/ecoregion/vegetation validation, not species identity.",v1-online-public-draft,2026-05-27,packera-obovata,https://www.wildflower.org/plants/result.php?id_plant=PAOB6,https://plants.usda.gov/home/basicSearchResults?searchString=Packera+obovata,https://floranorthamerica.org/Special:Search?search=Packera+obovata,https://floranorthamerica.org/Packera_obovata,https://wetland-plants.sec.usace.army.mil/,https://websoilsurvey.nrcs.usda.gov/app/,https://edit.sc.egov.usda.gov/,https://www.epa.gov/eco-research/ecoregions,https://tpwd.texas.gov/landwater/land/programs/landscape-ecology/ems/,Shallow Upland Prairie
Penstemon cobaea,Penstemon cobaea,121,Penstemon cobaea,Penstemon cobaea,"Prairie Penstemon, Prairie Beardtongue, Foxglove Penstemon, Foxglove Beardtongue, False Foxglove, Large-flowered Penstemon, Large-flowered Beardtongue, Cobaea Penstemon, Cobaea Beardtongue, Wild Foxglove",Woodland and karst upland systems,Karst Outcrops,rocky calcareous limestone outcrop,rocky calcareous limestone outcrop,"Dry; Medium; Sun , Part Shade",,High,No,Publish now,Literature-supported microregion assignment; field/GIS confirmation can be added in a later release.,"LBJ/USDA/FNA/USACE support species habitat traits; NRCS/EPA/TPWD links support site/soil/ecoregion/vegetation validation, not species identity.",v1-online-public-draft,2026-05-27,penstemon-cobaea,https://www.wildflower.org/plants/result.php?id_plant=PECO4,https://plants.usda.gov/home/basicSearchResults?searchString=Penstemon+cobaea,https://floranorthamerica.org/Special:Search?search=Penstemon+cobaea,https://floranorthamerica.org/Penstemon_cobaea,https://wetland-plants.sec.usace.army.mil/,https://websoilsurvey.nrcs.usda.gov/app/,https://edit.sc.egov.usda.gov/,https://www.epa.gov/eco-research/ecoregions,https://tpwd.texas.gov/landwater/land/programs/landscape-ecology/ems/,Shallow Upland Prairie
Penstemon triflorus,Penstemon triflorus,122,Penstemon triflorus,Penstemon triflorus,"Hill Country Penstemon, Hill Country Beardtongue, Scarlet Penstemon, Scarlet Beardtongue, Heller's Penstemon, Heller's Beardtongue",Upland prairie and open grassland systems,Shallow Upland Prairie,sandy/loamy upland prairie or open field,sandy/loamy upland prairie or open field,Dry; Low; Sun,,High,No,Publish now,Literature-supported microregion assignment; field/GIS confirmation can be added in a later release.,"LBJ/USDA/FNA/USACE support species habitat traits; NRCS/EPA/TPWD links support site/soil/ecoregion/vegetation validation, not species identity.",v1-online-public-draft,2026-05-27,penstemon-triflorus,https://www.wildflower.org/plants/result.php?id_plant=PETR2,https://plants.usda.gov/home/basicSearchResults?searchString=Penstemon+triflorus,https://floranorthamerica.org/Special:Search?search=Penstemon+triflorus,https://floranorthamerica.org/Penstemon_triflorus,https://wetland-plants.sec.usace.army.mil/,https://websoilsurvey.nrcs.usda.gov/app/,https://edit.sc.egov.usda.gov/,https://www.epa.gov/eco-research/ecoregions,https://tpwd.texas.gov/landwater/land/programs/landscape-ecology/ems/,Karst Outcrops; Deep Clay Prairie
Phacelia congesta,Phacelia congesta,123,Phacelia congesta,Phacelia congesta,"Caterpillars, Blue Curls, Fiddleneck",Upland prairie and open grassland systems,Shallow Upland Prairie,dry upland prairie slope,dry upland prairie slope,"Dry; Medium; Sun , Part Shade",,High,No,Publish now,Literature-supported microregion assignment; field/GIS confirmation can be added in a later release.,"LBJ/USDA/FNA/USACE support species habitat traits; NRCS/EPA/TPWD links support site/soil/ecoregion/vegetation validation, not species identity.",v1-online-public-draft,2026-05-27,phacelia-congesta,https://www.wildflower.org/plants/result.php?id_plant=PHCO2,https://plants.usda.gov/home/basicSearchResults?searchString=Phacelia+congesta,https://floranorthamerica.org/Special:Search?search=Phacelia+congesta,https://floranorthamerica.org/Phacelia_congesta,https://wetland-plants.sec.usace.army.mil/,https://websoilsurvey.nrcs.usda.gov/app/,https://edit.sc.egov.usda.gov/,https://www.epa.gov/eco-research/ecoregions,https://tpwd.texas.gov/landwater/land/programs/landscape-ecology/ems/,Shallow Upland Prairie
Phlox drummondii,Phlox drummondii,124,Phlox drummondii,Phlox drummondii,"Annual Phlox, Drummond Phlox, Pride-of-Texas, Texas Pride",Upland prairie and open grassland systems,Shallow Upland Prairie,sandy/loamy upland prairie or open field,sandy/loamy upland prairie or open field,"Dry; Low; Sun , Part Shade",,High,No,Publish now,Literature-supported microregion assignment; field/GIS confirmation can be added in a later release.,"LBJ/USDA/FNA/USACE support species habitat traits; NRCS/EPA/TPWD links support site/soil/ecoregion/vegetation validation, not species identity.",v1-online-public-draft,2026-05-27,phlox-drummondii,https://www.wildflower.org/plants/result.php?id_plant=PHDR,https://plants.usda.gov/home/basicSearchResults?searchString=Phlox+drummondii,https://floranorthamerica.org/Special:Search?search=Phlox+drummondii,https://floranorthamerica.org/Phlox_drummondii,https://wetland-plants.sec.usace.army.mil/,https://websoilsurvey.nrcs.usda.gov/app/,https://edit.sc.egov.usda.gov/,https://www.epa.gov/eco-research/ecoregions,https://tpwd.texas.gov/landwater/land/programs/landscape-ecology/ems/,Upland Woodland
Phlox pilosa,Phlox pilosa,125,Phlox pilosa,Phlox pilosa,"Downy Phlox, Prairie Phlox, Fragrant Phlox",Upland prairie and open grassland systems,Shallow Upland Prairie,dry upland prairie slope,dry upland prairie slope,"Dry; Low; Sun , Part Shade","Region: AGCP AK AW CB EMP GP HI MW NCNE WMVE Status: FACU FAC FACU FACU FACU FACU | This information is derived from: U.S. Army Corps of Engineers. (2023). 2022 National Wetland Plant List, version 3.6. U.S. Army Engineer Research and Development Center, Vicksburg, MS. | https://wetland-plants.usace.army.mil/ | . | Click here | for map of regions.",High,No,Publish now,Literature-supported microregion assignment; field/GIS confirmation can be added in a later release.,"LBJ/USDA/FNA/USACE support species habitat traits; NRCS/EPA/TPWD links support site/soil/ecoregion/vegetation validation, not species identity.",v1-online-public-draft,2026-05-27,phlox-pilosa,https://www.wildflower.org/plants/result.php?id_plant=PHPI,https://plants.usda.gov/home/basicSearchResults?searchString=Phlox+pilosa,https://floranorthamerica.org/Special:Search?search=Phlox+pilosa,https://floranorthamerica.org/Phlox_pilosa,https://wetland-plants.sec.usace.army.mil/,https://websoilsurvey.nrcs.usda.gov/app/,https://edit.sc.egov.usda.gov/,https://www.epa.gov/eco-research/ecoregions,https://tpwd.texas.gov/landwater/land/programs/landscape-ecology/ems/,Upland Woodland
Phyla nodiflora,Phyla nodiflora,126,Phyla nodiflora,Phyla nodiflora,"Texas Frogfruit, Turkey Tangle Fogfruit, Frogfruit","Ecotone, thicket, and disturbance-edge systems",Ecotone / Edge Thicket,marsh/swamp/wetland; limestone/caliche/calcareous; prairie/open field; deep clay/swale; disturbed/roadside/ditch; dry upland; moist mesic; sunny open; shade/part shade,ditches/roadways/beaches/fields; wide tolerance,"Dry , Moist; Low , Medium; Sun , Part Shade; Medium","Region: AGCP AK AW CB EMP GP HI MW NCNE WMVE Status: FAC FACW FACW FACW FAC FAC FACW FAC | This information is derived from: U.S. Army Corps of Engineers. (2023). 2022 National Wetland Plant List, version 3.6. U.S. Army Engineer Research and Development Center, Vicksburg, MS. | https://wetland-plants.usace.army.mil/ | . | Click here | for map of regions.",Medium,Optional,Publish with caveat,"Usable for public draft release, but should remain flagged as provisional until optional spot-check or field/GIS support is added.","LBJ/USDA/FNA/USACE support species habitat traits; NRCS/EPA/TPWD links support site/soil/ecoregion/vegetation validation, not species identity.",v1-online-public-draft,2026-05-27,phyla-nodiflora,https://www.wildflower.org/plants/result.php?id_plant=PHNO2,https://plants.usda.gov/home/basicSearchResults?searchString=Phyla+nodiflora,https://floranorthamerica.org/Special:Search?search=Phyla+nodiflora,https://floranorthamerica.org/Phyla_nodiflora,https://wetland-plants.sec.usace.army.mil/,https://websoilsurvey.nrcs.usda.gov/app/,https://edit.sc.egov.usda.gov/,https://www.epa.gov/eco-research/ecoregions,https://tpwd.texas.gov/landwater/land/programs/landscape-ecology/ems/,Riparian Banks; Shallow Upland Prairie; Karst Outcrops; Deep Clay Prairie
Physostegia angustifolia,Physostegia angustifolia,127,Physostegia angustifolia,Physostegia angustifolia,Spring Obedient / Flase Dragon Head,Riparian and floodplain systems,Riparian Banks,moist mesic; sunny open; shade/part shade,moist sun/part shade; genus damp sunny places,,"Region: AGCP AK AW CB EMP GP HI MW NCNE WMVE Status: FACW FACW FACW FAC FACW | This information is derived from: U.S. Army Corps of Engineers. (2023). 2022 National Wetland Plant List, version 3.6. U.S. Army Engineer Research and Development Center, Vicksburg, MS. | https://wetland-plants.usace.army.mil/ | . | Click here | for map of regions.",Medium,Optional,Publish with caveat,"Usable for public draft release, but should remain flagged as provisional until optional spot-check or field/GIS support is added.","LBJ/USDA/FNA/USACE support species habitat traits; NRCS/EPA/TPWD links support site/soil/ecoregion/vegetation validation, not species identity.",v1-online-public-draft,2026-05-27,physostegia-angustifolia,https://www.wildflower.org/plants/result.php?id_plant=PHAN6,https://plants.usda.gov/home/basicSearchResults?searchString=Physostegia+angustifolia,https://floranorthamerica.org/Special:Search?search=Physostegia+angustifolia,https://floranorthamerica.org/Physostegia_angustifolia,https://wetland-plants.sec.usace.army.mil/,https://websoilsurvey.nrcs.usda.gov/app/,https://edit.sc.egov.usda.gov/,https://www.epa.gov/eco-research/ecoregions,https://tpwd.texas.gov/landwater/land/programs/landscape-ecology/ems/,Aquatic / Spring Runs; Deep Clay Prairie
Physostegia correllii,Physostegia correllii,128,Physostegia correllii,Physostegia correllii,Correll's False Dragonhead,Riparian and floodplain systems,Riparian Banks,stream/river bank; moist mesic; sunny open; shade/part shade,"streamside, wet",,"Region: AGCP AK AW CB EMP GP HI MW NCNE WMVE Status: OBL OBL | This information is derived from: U.S. Army Corps of Engineers. (2023). 2022 National Wetland Plant List, version 3.6. U.S. Army Engineer Research and Development Center, Vicksburg, MS. | https://wetland-plants.usace.army.mil/ | . | Click here | for map of regions.",High,No,Publish now,Literature-supported microregion assignment; field/GIS confirmation can be added in a later release.,"LBJ/USDA/FNA/USACE support species habitat traits; NRCS/EPA/TPWD links support site/soil/ecoregion/vegetation validation, not species identity.",v1-online-public-draft,2026-05-27,physostegia-correllii,https://www.wildflower.org/plants/result.php?id_plant=PHCO17,https://plants.usda.gov/home/basicSearchResults?searchString=Physostegia+correllii,https://floranorthamerica.org/Special:Search?search=Physostegia+correllii,https://floranorthamerica.org/Physostegia_correllii,https://wetland-plants.sec.usace.army.mil/,https://websoilsurvey.nrcs.usda.gov/app/,https://edit.sc.egov.usda.gov/,https://www.epa.gov/eco-research/ecoregions,https://tpwd.texas.gov/landwater/land/programs/landscape-ecology/ems/,Aquatic / Spring Runs
Physostegia virginiana,Physostegia virginiana,129,Physostegia virginiana,Physostegia virginiana,"Fall Obedient Plant, False Dragonhead, Virginia Lions-heart",Riparian and floodplain systems,Riparian Banks,stream/river bank; marsh/swamp/wetland; limestone/caliche/calcareous; prairie/open field; deep clay/swale; woodland/wood edge; moist mesic; sunny open; shade/part shade,river banks/wet thickets/swamps/low grounds,"Moist; Sun , Part Shade , Shade","Region: AGCP AK AW CB EMP GP HI MW NCNE WMVE Status: FACW FACW FAC FACW FACW FACW FACW | This information is derived from: U.S. Army Corps of Engineers. (2023). 2022 National Wetland Plant List, version 3.6. U.S. Army Engineer Research and Development Center, Vicksburg, MS. | https://wetland-plants.usace.army.mil/ | . | Click here | for map of regions.",High,No,Publish now,Literature-supported microregion assignment; field/GIS confirmation can be added in a later release.,"LBJ/USDA/FNA/USACE support species habitat traits; NRCS/EPA/TPWD links support site/soil/ecoregion/vegetation validation, not species identity.",v1-online-public-draft,2026-05-27,physostegia-virginiana,https://www.wildflower.org/plants/result.php?id_plant=PHVI8,https://plants.usda.gov/home/basicSearchResults?searchString=Physostegia+virginiana,https://floranorthamerica.org/Special:Search?search=Physostegia+virginiana,https://floranorthamerica.org/Physostegia_virginiana,https://wetland-plants.sec.usace.army.mil/,https://websoilsurvey.nrcs.usda.gov/app/,https://edit.sc.egov.usda.gov/,https://www.epa.gov/eco-research/ecoregions,https://tpwd.texas.gov/landwater/land/programs/landscape-ecology/ems/,Aquatic / Spring Runs; Deep Clay Prairie; Upland Woodland; Karst Outcrops
Pluchea odorata,Pluchea odorata,130,Pluchea odorata,Pluchea odorata,"Sweetscent, Saltmarsh Fleabane","Aquatic, spring-run, and wetland systems",Aquatic / Spring Runs,marsh/swamp/wetland; moist mesic; sunny open; shade/part shade,saline/brackish marsh,"Moist; Sun , Part Shade , Shade","Region: AGCP AK AW CB EMP GP HI MW NCNE WMVE Status: FACW FACW FACW FACW FACW FACW OBL FACW | This information is derived from: U.S. Army Corps of Engineers. (2023). 2022 National Wetland Plant List, version 3.6. U.S. Army Engineer Research and Development Center, Vicksburg, MS. | https://wetland-plants.usace.army.mil/ | . | Click here | for map of regions.",High,No,Publish now,Literature-supported microregion assignment; field/GIS confirmation can be added in a later release.,"LBJ/USDA/FNA/USACE support species habitat traits; NRCS/EPA/TPWD links support site/soil/ecoregion/vegetation validation, not species identity.",v1-online-public-draft,2026-05-27,pluchea-odorata,https://www.wildflower.org/plants/result.php?id_plant=PLOD,https://plants.usda.gov/home/basicSearchResults?searchString=Pluchea+odorata,https://floranorthamerica.org/Special:Search?search=Pluchea+odorata,https://floranorthamerica.org/Pluchea_odorata,https://wetland-plants.sec.usace.army.mil/,https://websoilsurvey.nrcs.usda.gov/app/,https://edit.sc.egov.usda.gov/,https://www.epa.gov/eco-research/ecoregions,https://tpwd.texas.gov/landwater/land/programs/landscape-ecology/ems/,Riparian Banks; Deep Clay Prairie
Pontederia cordata,Pontederia cordata,131,Pontederia cordata,Pontederia cordata,"Pickerelweed, Pickerel Rush","Aquatic, spring-run, and wetland systems",Aquatic / Spring Runs,pond/lake margin or shallow open water,pond/lake margin or shallow open water,"Moist , Wet; High; Sun , Part Shade; Medium","Region: AGCP AK AW CB EMP GP HI MW NCNE WMVE Status: OBL OBL OBL OBL OBL OBL OBL OBL | This information is derived from: U.S. Army Corps of Engineers. (2023). 2022 National Wetland Plant List, version 3.6. U.S. Army Engineer Research and Development Center, Vicksburg, MS. | https://wetland-plants.usace.army.mil/ | . | Click here | for map of regions.",High,No,Publish now,Literature-supported microregion assignment; field/GIS confirmation can be added in a later release.,"LBJ/USDA/FNA/USACE support species habitat traits; NRCS/EPA/TPWD links support site/soil/ecoregion/vegetation validation, not species identity.",v1-online-public-draft,2026-05-27,pontederia-cordata,https://www.wildflower.org/plants/result.php?id_plant=POCO14,https://plants.usda.gov/home/basicSearchResults?searchString=Pontederia+cordata,https://floranorthamerica.org/Special:Search?search=Pontederia+cordata,https://floranorthamerica.org/Pontederia_cordata,https://wetland-plants.sec.usace.army.mil/,https://websoilsurvey.nrcs.usda.gov/app/,https://edit.sc.egov.usda.gov/,https://www.epa.gov/eco-research/ecoregions,https://tpwd.texas.gov/landwater/land/programs/landscape-ecology/ems/,
Ranunculus macranthus,Ranunculus macranthus,132,Ranunculus macranthus,Ranunculus macranthus,Large Buttercup,Upland prairie and open grassland systems,Shallow Upland Prairie,sandy/loamy upland prairie or open field,sandy/loamy upland prairie or open field,Moist; Medium; Sun,"Region: AGCP AK AW CB EMP GP HI MW NCNE WMVE Status: FACW FACW | This information is derived from: U.S. Army Corps of Engineers. (2023). 2022 National Wetland Plant List, version 3.6. U.S. Army Engineer Research and Development Center, Vicksburg, MS. | https://wetland-plants.usace.army.mil/ | . | Click here | for map of regions.",High,No,Publish now,Literature-supported microregion assignment; field/GIS confirmation can be added in a later release.,"LBJ/USDA/FNA/USACE support species habitat traits; NRCS/EPA/TPWD links support site/soil/ecoregion/vegetation validation, not species identity.",v1-online-public-draft,2026-05-27,ranunculus-macranthus,https://www.wildflower.org/plants/result.php?id_plant=RAMA3,https://plants.usda.gov/home/basicSearchResults?searchString=Ranunculus+macranthus,https://floranorthamerica.org/Special:Search?search=Ranunculus+macranthus,https://floranorthamerica.org/Ranunculus_macranthus,https://wetland-plants.sec.usace.army.mil/,https://websoilsurvey.nrcs.usda.gov/app/,https://edit.sc.egov.usda.gov/,https://www.epa.gov/eco-research/ecoregions,https://tpwd.texas.gov/landwater/land/programs/landscape-ecology/ems/,
Ratibida columnifera,Ratibida columnifera,133,Ratibida columnifera,Ratibida columnifera,"Mexican Hat, Red-spike Mexican Hat, Upright Prairie Coneflower, Prairie Coneflower, Long-headed Coneflower, Thimbleflower",Upland prairie and open grassland systems,Shallow Upland Prairie,sandy/loamy upland prairie or open field,sandy/loamy upland prairie or open field,"Dry , Moist; Medium; Sun; High",,High,No,Publish now,Literature-supported microregion assignment; field/GIS confirmation can be added in a later release.,"LBJ/USDA/FNA/USACE support species habitat traits; NRCS/EPA/TPWD links support site/soil/ecoregion/vegetation validation, not species identity.",v1-online-public-draft,2026-05-27,ratibida-columnifera,https://www.wildflower.org/plants/result.php?id_plant=RACO3,https://plants.usda.gov/home/basicSearchResults?searchString=Ratibida+columnifera,https://floranorthamerica.org/Special:Search?search=Ratibida+columnifera,https://floranorthamerica.org/Ratibida_columnifera,https://wetland-plants.sec.usace.army.mil/,https://websoilsurvey.nrcs.usda.gov/app/,https://edit.sc.egov.usda.gov/,https://www.epa.gov/eco-research/ecoregions,https://tpwd.texas.gov/landwater/land/programs/landscape-ecology/ems/,
Rhynchospora colorata,Rhynchospora colorata,134,Rhynchospora colorata,Rhynchospora colorata,"Whitetop Sedge, White-topped Sedge, Starrush Whitetop, Star Sedge, Star Rush","Aquatic, spring-run, and wetland systems",Aquatic / Spring Runs,"marsh, swamp, bog, or wetland margin","marsh, swamp, bog, or wetland margin","Wet; Medium; Sun , Part Shade","Region: AGCP AK AW CB EMP GP HI MW NCNE WMVE Status: FACW FACW FACW FACW FAC | This information is derived from: U.S. Army Corps of Engineers. (2023). 2022 National Wetland Plant List, version 3.6. U.S. Army Engineer Research and Development Center, Vicksburg, MS. | https://wetland-plants.usace.army.mil/ | . | Click here | for map of regions.",High,No,Publish now,Literature-supported microregion assignment; field/GIS confirmation can be added in a later release.,"LBJ/USDA/FNA/USACE support species habitat traits; NRCS/EPA/TPWD links support site/soil/ecoregion/vegetation validation, not species identity.",v1-online-public-draft,2026-05-27,rhynchospora-colorata,https://www.wildflower.org/plants/result.php?id_plant=RHCO7,https://plants.usda.gov/home/basicSearchResults?searchString=Rhynchospora+colorata,https://floranorthamerica.org/Special:Search?search=Rhynchospora+colorata,https://floranorthamerica.org/Rhynchospora_colorata,https://wetland-plants.sec.usace.army.mil/,https://websoilsurvey.nrcs.usda.gov/app/,https://edit.sc.egov.usda.gov/,https://www.epa.gov/eco-research/ecoregions,https://tpwd.texas.gov/landwater/land/programs/landscape-ecology/ems/,
Rudbeckia hirta,Rudbeckia hirta,135,Rudbeckia hirta,Rudbeckia hirta,"Black-eyed Susan, Common Black-eyed Susan, Brown-eyed Susan, Blackeyed Susan",Upland prairie and open grassland systems,Shallow Upland Prairie,open dry upland prairie/grassland,open dry upland prairie/grassland,"Dry , Moist; Medium; Sun; High","Region: AGCP AK AW CB EMP GP HI MW NCNE WMVE Status: FACU FACU FACU FACU FACU FACU FACU | This information is derived from: U.S. Army Corps of Engineers. (2023). 2022 National Wetland Plant List, version 3.6. U.S. Army Engineer Research and Development Center, Vicksburg, MS. | https://wetland-plants.usace.army.mil/ | . | Click here | for map of regions.",High,No,Publish now,Literature-supported microregion assignment; field/GIS confirmation can be added in a later release.,"LBJ/USDA/FNA/USACE support species habitat traits; NRCS/EPA/TPWD links support site/soil/ecoregion/vegetation validation, not species identity.",v1-online-public-draft,2026-05-27,rudbeckia-hirta,https://www.wildflower.org/plants/result.php?id_plant=RUHI2,https://plants.usda.gov/home/basicSearchResults?searchString=Rudbeckia+hirta,https://floranorthamerica.org/Special:Search?search=Rudbeckia+hirta,https://floranorthamerica.org/Rudbeckia_hirta,https://wetland-plants.sec.usace.army.mil/,https://websoilsurvey.nrcs.usda.gov/app/,https://edit.sc.egov.usda.gov/,https://www.epa.gov/eco-research/ecoregions,https://tpwd.texas.gov/landwater/land/programs/landscape-ecology/ems/,
Ruellia humilis,Ruellia humilis,136,Ruellia humilis,Ruellia humilis,Prairie Petunia,"Ecotone, thicket, and disturbance-edge systems",Ecotone / Edge Thicket,limestone/caliche/calcareous; prairie/open field; woodland/wood edge; dry upland; moist mesic; shade/part shade,woodland edge/opening/thickets,Moist; Low; Part Shade; Low,"Region: AGCP AK AW CB EMP GP HI MW NCNE WMVE Status: FACU FACU FAC FACU FACU | This information is derived from: U.S. Army Corps of Engineers. (2023). 2022 National Wetland Plant List, version 3.6. U.S. Army Engineer Research and Development Center, Vicksburg, MS. | https://wetland-plants.usace.army.mil/ | . | Click here | for map of regions.",High,No,Publish now,Literature-supported microregion assignment; field/GIS confirmation can be added in a later release.,"LBJ/USDA/FNA/USACE support species habitat traits; NRCS/EPA/TPWD links support site/soil/ecoregion/vegetation validation, not species identity.",v1-online-public-draft,2026-05-27,ruellia-humilis,https://www.wildflower.org/plants/result.php?id_plant=RUHU,https://plants.usda.gov/home/basicSearchResults?searchString=Ruellia+humilis,https://floranorthamerica.org/Special:Search?search=Ruellia+humilis,https://floranorthamerica.org/Ruellia_humilis,https://wetland-plants.sec.usace.army.mil/,https://websoilsurvey.nrcs.usda.gov/app/,https://edit.sc.egov.usda.gov/,https://www.epa.gov/eco-research/ecoregions,https://tpwd.texas.gov/landwater/land/programs/landscape-ecology/ems/,Upland Woodland; Shallow Upland Prairie
Ruellia nudiflora,Ruellia nudiflora,137,Ruellia nudiflora,Ruellia nudiflora,"Violet Ruellia, Common Wild Petunia, Violet Wild Petunia, Wild Petunia, Hierba De La Calentura",Upland prairie and open grassland systems,Shallow Upland Prairie,sandy/loamy upland prairie or open field,sandy/loamy upland prairie or open field,"Dry , Moist; Low , Medium; Sun , Part Shade , Shade",,High,No,Publish now,Literature-supported microregion assignment; field/GIS confirmation can be added in a later release.,"LBJ/USDA/FNA/USACE support species habitat traits; NRCS/EPA/TPWD links support site/soil/ecoregion/vegetation validation, not species identity.",v1-online-public-draft,2026-05-27,ruellia-nudiflora,https://www.wildflower.org/plants/result.php?id_plant=RUNU,https://plants.usda.gov/home/basicSearchResults?searchString=Ruellia+nudiflora,https://floranorthamerica.org/Special:Search?search=Ruellia+nudiflora,https://floranorthamerica.org/Ruellia_nudiflora,https://wetland-plants.sec.usace.army.mil/,https://websoilsurvey.nrcs.usda.gov/app/,https://edit.sc.egov.usda.gov/,https://www.epa.gov/eco-research/ecoregions,https://tpwd.texas.gov/landwater/land/programs/landscape-ecology/ems/,
Sagittaria lancifolia,Sagittaria lancifolia,138,Sagittaria lancifolia,Sagittaria lancifolia,Lanceleaf Arrowhead,"Aquatic, spring-run, and wetland systems",Aquatic / Spring Runs,pond/lake margin or shallow open water,pond/lake margin or shallow open water,Wet; High; Sun,"Region: AGCP AK AW CB EMP GP HI MW NCNE WMVE Status: OBL OBL OBL OBL | This information is derived from: U.S. Army Corps of Engineers. (2023). 2022 National Wetland Plant List, version 3.6. U.S. Army Engineer Research and Development Center, Vicksburg, MS. | https://wetland-plants.usace.army.mil/ | . | Click here | for map of regions.",High,No,Publish now,Literature-supported microregion assignment; field/GIS confirmation can be added in a later release.,"LBJ/USDA/FNA/USACE support species habitat traits; NRCS/EPA/TPWD links support site/soil/ecoregion/vegetation validation, not species identity.",v1-online-public-draft,2026-05-27,sagittaria-lancifolia,https://www.wildflower.org/plants/result.php?id_plant=SALA,https://plants.usda.gov/home/basicSearchResults?searchString=Sagittaria+lancifolia,https://floranorthamerica.org/Special:Search?search=Sagittaria+lancifolia,https://floranorthamerica.org/Sagittaria_lancifolia,https://wetland-plants.sec.usace.army.mil/,https://websoilsurvey.nrcs.usda.gov/app/,https://edit.sc.egov.usda.gov/,https://www.epa.gov/eco-research/ecoregions,https://tpwd.texas.gov/landwater/land/programs/landscape-ecology/ems/,
Sagittaria platyphylla,Sagittaria platyphylla,139,Sagittaria platyphylla,Sagittaria platyphylla,Delta Arrowhead,"Aquatic, spring-run, and wetland systems",Aquatic / Spring Runs,"marsh, swamp, bog, or wetland margin","marsh, swamp, bog, or wetland margin",Wet; High; Part Shade; Medium,"Region: AGCP AK AW CB EMP GP HI MW NCNE WMVE Status: OBL OBL OBL OBL OBL OBL | This information is derived from: U.S. Army Corps of Engineers. (2023). 2022 National Wetland Plant List, version 3.6. U.S. Army Engineer Research and Development Center, Vicksburg, MS. | https://wetland-plants.usace.army.mil/ | . | Click here | for map of regions.",Medium,Optional,Publish with caveat,"Usable for public draft release, but should remain flagged as provisional until optional spot-check or field/GIS support is added.","LBJ/USDA/FNA/USACE support species habitat traits; NRCS/EPA/TPWD links support site/soil/ecoregion/vegetation validation, not species identity.",v1-online-public-draft,2026-05-27,sagittaria-platyphylla,https://www.wildflower.org/plants/result.php?id_plant=SAPL,https://plants.usda.gov/home/basicSearchResults?searchString=Sagittaria+platyphylla,https://floranorthamerica.org/Special:Search?search=Sagittaria+platyphylla,https://floranorthamerica.org/Sagittaria_platyphylla,https://wetland-plants.sec.usace.army.mil/,https://websoilsurvey.nrcs.usda.gov/app/,https://edit.sc.egov.usda.gov/,https://www.epa.gov/eco-research/ecoregions,https://tpwd.texas.gov/landwater/land/programs/landscape-ecology/ems/,Upland Woodland
Salvia azurea,Salvia azurea,140,Salvia azurea,Salvia azurea,"Pitcher Sage, Blue Sage",Upland prairie and open grassland systems,Shallow Upland Prairie,sandy/loamy upland prairie or open field,sandy/loamy upland prairie or open field,Dry; Low; Part Shade,,High,No,Publish now,Literature-supported microregion assignment; field/GIS confirmation can be added in a later release.,"LBJ/USDA/FNA/USACE support species habitat traits; NRCS/EPA/TPWD links support site/soil/ecoregion/vegetation validation, not species identity.",v1-online-public-draft,2026-05-27,salvia-azurea,https://www.wildflower.org/plants/result.php?id_plant=SAAZ,https://plants.usda.gov/home/basicSearchResults?searchString=Salvia+azurea,https://floranorthamerica.org/Special:Search?search=Salvia+azurea,https://floranorthamerica.org/Salvia_azurea,https://wetland-plants.sec.usace.army.mil/,https://websoilsurvey.nrcs.usda.gov/app/,https://edit.sc.egov.usda.gov/,https://www.epa.gov/eco-research/ecoregions,https://tpwd.texas.gov/landwater/land/programs/landscape-ecology/ems/,
Salvia coccinea,Salvia coccinea,141,Salvia coccinea,Salvia coccinea,"Scarlet Sage, Tropical Sage, Blood Sage, Red Sage, Indian Fire",Upland prairie and open grassland systems,Shallow Upland Prairie,sandy/loamy upland prairie or open field,sandy/loamy upland prairie or open field,"Dry , Moist; Medium; Sun , Part Shade , Shade",,High,No,Publish now,Literature-supported microregion assignment; field/GIS confirmation can be added in a later release.,"LBJ/USDA/FNA/USACE support species habitat traits; NRCS/EPA/TPWD links support site/soil/ecoregion/vegetation validation, not species identity.",v1-online-public-draft,2026-05-27,salvia-coccinea,https://www.wildflower.org/plants/result.php?id_plant=SACO5,https://plants.usda.gov/home/basicSearchResults?searchString=Salvia+coccinea,https://floranorthamerica.org/Special:Search?search=Salvia+coccinea,https://floranorthamerica.org/Salvia_coccinea,https://wetland-plants.sec.usace.army.mil/,https://websoilsurvey.nrcs.usda.gov/app/,https://edit.sc.egov.usda.gov/,https://www.epa.gov/eco-research/ecoregions,https://tpwd.texas.gov/landwater/land/programs/landscape-ecology/ems/,Shallow Upland Prairie
Salvia engelmannii,Salvia engelmannii,142,Salvia engelmannii,Salvia engelmannii,"Engelmann's Sage, Engelmann's Salvia",Woodland and karst upland systems,Karst Outcrops,rocky calcareous limestone outcrop,rocky calcareous limestone outcrop,"Dry , Moist; Low; Sun , Part Shade",,High,No,Publish now,Literature-supported microregion assignment; field/GIS confirmation can be added in a later release.,"LBJ/USDA/FNA/USACE support species habitat traits; NRCS/EPA/TPWD links support site/soil/ecoregion/vegetation validation, not species identity.",v1-online-public-draft,2026-05-27,salvia-engelmannii,https://www.wildflower.org/plants/result.php?id_plant=SAEN2,https://plants.usda.gov/home/basicSearchResults?searchString=Salvia+engelmannii,https://floranorthamerica.org/Special:Search?search=Salvia+engelmannii,https://floranorthamerica.org/Salvia_engelmannii,https://wetland-plants.sec.usace.army.mil/,https://websoilsurvey.nrcs.usda.gov/app/,https://edit.sc.egov.usda.gov/,https://www.epa.gov/eco-research/ecoregions,https://tpwd.texas.gov/landwater/land/programs/landscape-ecology/ems/,
Salvia farinacea,Salvia farinacea,143,Salvia farinacea,Salvia farinacea,"Mealy Blue Sage, Mealy Sage, Mealycup Sage",Upland prairie and open grassland systems,Shallow Upland Prairie,sandy/loamy upland prairie or open field,sandy/loamy upland prairie or open field,Dry; Low; Sun,,High,No,Publish now,Literature-supported microregion assignment; field/GIS confirmation can be added in a later release.,"LBJ/USDA/FNA/USACE support species habitat traits; NRCS/EPA/TPWD links support site/soil/ecoregion/vegetation validation, not species identity.",v1-online-public-draft,2026-05-27,salvia-farinacea,https://www.wildflower.org/plants/result.php?id_plant=SAFA2,https://plants.usda.gov/home/basicSearchResults?searchString=Salvia+farinacea,https://floranorthamerica.org/Special:Search?search=Salvia+farinacea,https://floranorthamerica.org/Salvia_farinacea,https://wetland-plants.sec.usace.army.mil/,https://websoilsurvey.nrcs.usda.gov/app/,https://edit.sc.egov.usda.gov/,https://www.epa.gov/eco-research/ecoregions,https://tpwd.texas.gov/landwater/land/programs/landscape-ecology/ems/,Karst Outcrops
Salvia lyrata,Salvia lyrata,144,Salvia lyrata,Salvia lyrata,"Lyreleaf Sage, Cancer Weed",Upland prairie and open grassland systems,Shallow Upland Prairie,sandy/loamy upland prairie or open field,sandy/loamy upland prairie or open field,"Dry , Moist; Low , Medium; Sun , Part Shade , Shade; Medium","Region: AGCP AK AW CB EMP GP HI MW NCNE WMVE Status: FACU FACU FAC FACW FACW | This information is derived from: U.S. Army Corps of Engineers. (2023). 2022 National Wetland Plant List, version 3.6. U.S. Army Engineer Research and Development Center, Vicksburg, MS. | https://wetland-plants.usace.army.mil/ | . | Click here | for map of regions.",High,No,Publish now,Literature-supported microregion assignment; field/GIS confirmation can be added in a later release.,"LBJ/USDA/FNA/USACE support species habitat traits; NRCS/EPA/TPWD links support site/soil/ecoregion/vegetation validation, not species identity.",v1-online-public-draft,2026-05-27,salvia-lyrata,https://www.wildflower.org/plants/result.php?id_plant=SALY2,https://plants.usda.gov/home/basicSearchResults?searchString=Salvia+lyrata,https://floranorthamerica.org/Special:Search?search=Salvia+lyrata,https://floranorthamerica.org/Salvia_lyrata,https://wetland-plants.sec.usace.army.mil/,https://websoilsurvey.nrcs.usda.gov/app/,https://edit.sc.egov.usda.gov/,https://www.epa.gov/eco-research/ecoregions,https://tpwd.texas.gov/landwater/land/programs/landscape-ecology/ems/,Shallow Upland Prairie; Upland Woodland
Salvia pentstemonoides,Salvia pentstemonoides,145,Salvia pentstemonoides,Salvia pentstemonoides,Big Red Sage,Woodland and karst upland systems,Mesic Canyons & Seeps,stream/river bank; ravine/canyon/depression/arroyo; limestone/caliche/calcareous; deep clay/swale; moist mesic; sunny open; shade/part shade,"moist alkaline limestone/clay ravines, depressions, ditches, and stream/river banks","Moist; Medium; Sun , Part Shade","Region: AGCP AK AW CB EMP GP HI MW NCNE WMVE Status: FACW | This information is derived from: U.S. Army Corps of Engineers. (2023). 2022 National Wetland Plant List, version 3.6. U.S. Army Engineer Research and Development Center, Vicksburg, MS. | https://wetland-plants.usace.army.mil/ | . | Click here | for map of regions.",High,No,Publish now,Literature-supported microregion assignment; field/GIS confirmation can be added in a later release.,"LBJ/USDA/FNA/USACE support species habitat traits; NRCS/EPA/TPWD links support site/soil/ecoregion/vegetation validation, not species identity.",v1-online-public-draft,2026-05-27,salvia-pentstemonoides,https://www.wildflower.org/plants/result.php?id_plant=SAPE15,https://plants.usda.gov/home/basicSearchResults?searchString=Salvia+pentstemonoides,https://floranorthamerica.org/Special:Search?search=Salvia+pentstemonoides,https://floranorthamerica.org/Salvia_pentstemonoides,https://wetland-plants.sec.usace.army.mil/,https://websoilsurvey.nrcs.usda.gov/app/,https://edit.sc.egov.usda.gov/,https://www.epa.gov/eco-research/ecoregions,https://tpwd.texas.gov/landwater/land/programs/landscape-ecology/ems/,Riparian Banks; Karst Outcrops; Deep Clay Prairie
Salvia roemeriana,Salvia roemeriana,146,Salvia roemeriana,Salvia roemeriana,Cedar Sage,Woodland and karst upland systems,Upland Woodland,limestone/caliche/calcareous; rocky/ledge/slope; deep clay/swale; woodland/wood edge; dry upland; moist mesic; shade/part shade,"cedar/oak woods, shade, rocky limestone, juniper leaf mulch",Dry; Low; Part Shade,,High,No,Publish now,Literature-supported microregion assignment; field/GIS confirmation can be added in a later release.,"LBJ/USDA/FNA/USACE support species habitat traits; NRCS/EPA/TPWD links support site/soil/ecoregion/vegetation validation, not species identity.",v1-online-public-draft,2026-05-27,salvia-roemeriana,https://www.wildflower.org/plants/result.php?id_plant=SARO3,https://plants.usda.gov/home/basicSearchResults?searchString=Salvia+roemeriana,https://floranorthamerica.org/Special:Search?search=Salvia+roemeriana,https://floranorthamerica.org/Salvia_roemeriana,https://wetland-plants.sec.usace.army.mil/,https://websoilsurvey.nrcs.usda.gov/app/,https://edit.sc.egov.usda.gov/,https://www.epa.gov/eco-research/ecoregions,https://tpwd.texas.gov/landwater/land/programs/landscape-ecology/ems/,Karst Outcrops; Mesic Canyons & Seeps; Shallow Upland Prairie
Salvia texana,Salvia texana,147,Salvia texana,Salvia texana,"Texas Sage, Blue Sage",Woodland and karst upland systems,Karst Outcrops,limestone/caliche/calcareous; rocky/ledge/slope; prairie/open field; deep clay/swale; woodland/wood edge; dry upland; moist mesic; sunny open; shade/part shade,limestone prairies/hillsides/slopes/ledges,"Dry; Low; Sun , Part Shade; High",,High,No,Publish now,Literature-supported microregion assignment; field/GIS confirmation can be added in a later release.,"LBJ/USDA/FNA/USACE support species habitat traits; NRCS/EPA/TPWD links support site/soil/ecoregion/vegetation validation, not species identity.",v1-online-public-draft,2026-05-27,salvia-texana,https://www.wildflower.org/plants/result.php?id_plant=SATE3,https://plants.usda.gov/home/basicSearchResults?searchString=Salvia+texana,https://floranorthamerica.org/Special:Search?search=Salvia+texana,https://floranorthamerica.org/Salvia_texana,https://wetland-plants.sec.usace.army.mil/,https://websoilsurvey.nrcs.usda.gov/app/,https://edit.sc.egov.usda.gov/,https://www.epa.gov/eco-research/ecoregions,https://tpwd.texas.gov/landwater/land/programs/landscape-ecology/ems/,Shallow Upland Prairie; Upland Savanna
Saururus cernuus,Saururus cernuus,148,Saururus cernuus,Saururus cernuus,"Lizard's Tail, Lizard Tail, Breastweed, Water Dragon","Aquatic, spring-run, and wetland systems",Aquatic / Spring Runs,pond/lake margin or shallow open water,pond/lake margin or shallow open water,"Moist , Wet; High; Part Shade , Shade","Region: AGCP AK AW CB EMP GP HI MW NCNE WMVE Status: OBL OBL OBL OBL OBL | This information is derived from: U.S. Army Corps of Engineers. (2023). 2022 National Wetland Plant List, version 3.6. U.S. Army Engineer Research and Development Center, Vicksburg, MS. | https://wetland-plants.usace.army.mil/ | . | Click here | for map of regions.",High,No,Publish now,Literature-supported microregion assignment; field/GIS confirmation can be added in a later release.,"LBJ/USDA/FNA/USACE support species habitat traits; NRCS/EPA/TPWD links support site/soil/ecoregion/vegetation validation, not species identity.",v1-online-public-draft,2026-05-27,saururus-cernuus,https://www.wildflower.org/plants/result.php?id_plant=SACE,https://plants.usda.gov/home/basicSearchResults?searchString=Saururus+cernuus,https://floranorthamerica.org/Special:Search?search=Saururus+cernuus,https://floranorthamerica.org/Saururus_cernuus,https://wetland-plants.sec.usace.army.mil/,https://websoilsurvey.nrcs.usda.gov/app/,https://edit.sc.egov.usda.gov/,https://www.epa.gov/eco-research/ecoregions,https://tpwd.texas.gov/landwater/land/programs/landscape-ecology/ems/,Upland Woodland
Scutellaria ovata,Scutellaria ovata,149,Scutellaria ovata,Scutellaria ovata,"Heartleaf Skullcap, Heart-leaf Skullcap",Upland prairie and open grassland systems,Shallow Upland Prairie,dry upland prairie slope,dry upland prairie slope,"Moist; Part Shade , Shade","Region: AGCP AK AW CB EMP GP HI MW NCNE WMVE Status: UPL FACU FACU FACU FACU | This information is derived from: U.S. Army Corps of Engineers. (2023). 2022 National Wetland Plant List, version 3.6. U.S. Army Engineer Research and Development Center, Vicksburg, MS. | https://wetland-plants.usace.army.mil/ | . | Click here | for map of regions.",High,No,Publish now,Literature-supported microregion assignment; field/GIS confirmation can be added in a later release.,"LBJ/USDA/FNA/USACE support species habitat traits; NRCS/EPA/TPWD links support site/soil/ecoregion/vegetation validation, not species identity.",v1-online-public-draft,2026-05-27,scutellaria-ovata,https://www.wildflower.org/plants/result.php?id_plant=SCOV,https://plants.usda.gov/home/basicSearchResults?searchString=Scutellaria+ovata,https://floranorthamerica.org/Special:Search?search=Scutellaria+ovata,https://floranorthamerica.org/Scutellaria_ovata,https://wetland-plants.sec.usace.army.mil/,https://websoilsurvey.nrcs.usda.gov/app/,https://edit.sc.egov.usda.gov/,https://www.epa.gov/eco-research/ecoregions,https://tpwd.texas.gov/landwater/land/programs/landscape-ecology/ems/,Ecotone / Edge Thicket; Karst Outcrops
Scutellaria wrightii,Scutellaria wrightii,150,Scutellaria wrightii,Scutellaria wrightii,"Wright's Skullcap, Bushy Skullcap, Shrubby Skullcap",Upland prairie and open grassland systems,Shallow Upland Prairie,sandy/loamy upland prairie or open field,sandy/loamy upland prairie or open field,"Dry , Moist; Low; Sun , Part Shade",,High,No,Publish now,Literature-supported microregion assignment; field/GIS confirmation can be added in a later release.,"LBJ/USDA/FNA/USACE support species habitat traits; NRCS/EPA/TPWD links support site/soil/ecoregion/vegetation validation, not species identity.",v1-online-public-draft,2026-05-27,scutellaria-wrightii,https://www.wildflower.org/plants/result.php?id_plant=SCWR2,https://plants.usda.gov/home/basicSearchResults?searchString=Scutellaria+wrightii,https://floranorthamerica.org/Special:Search?search=Scutellaria+wrightii,https://floranorthamerica.org/Scutellaria_wrightii,https://wetland-plants.sec.usace.army.mil/,https://websoilsurvey.nrcs.usda.gov/app/,https://edit.sc.egov.usda.gov/,https://www.epa.gov/eco-research/ecoregions,https://tpwd.texas.gov/landwater/land/programs/landscape-ecology/ems/,Upland Woodland
Senna roemeriana,Senna roemeriana,151,Senna roemeriana,Senna roemeriana,"Twoleaf Senna, Two Leaved Senna",Upland prairie and open grassland systems,Shallow Upland Prairie,limestone/caliche/calcareous; prairie/open field; deep clay/swale; woodland/wood edge; dry upland; moist mesic; shade/part shade,"fields/open woods, well-drained limestone, dry caliche/clay",Dry; Low; Part Shade,,High,No,Publish now,Literature-supported microregion assignment; field/GIS confirmation can be added in a later release.,"LBJ/USDA/FNA/USACE support species habitat traits; NRCS/EPA/TPWD links support site/soil/ecoregion/vegetation validation, not species identity.",v1-online-public-draft,2026-05-27,senna-roemeriana,https://www.wildflower.org/plants/result.php?id_plant=SERO8,https://plants.usda.gov/home/basicSearchResults?searchString=Senna+roemeriana,https://floranorthamerica.org/Special:Search?search=Senna+roemeriana,https://floranorthamerica.org/Senna_roemeriana,https://wetland-plants.sec.usace.army.mil/,https://websoilsurvey.nrcs.usda.gov/app/,https://edit.sc.egov.usda.gov/,https://www.epa.gov/eco-research/ecoregions,https://tpwd.texas.gov/landwater/land/programs/landscape-ecology/ems/,Karst Outcrops; Upland Woodland; Deep Clay Prairie
Silphium albiflorum,Silphium albiflorum,152,Silphium albiflorum,Silphium albiflorum,"White Rosinweed, White-flowered Rosinweed, Compass Plant",Upland prairie and open grassland systems,Shallow Upland Prairie,dry upland prairie slope,dry upland prairie slope,Dry; Low; Sun,,High,No,Publish now,Literature-supported microregion assignment; field/GIS confirmation can be added in a later release.,"LBJ/USDA/FNA/USACE support species habitat traits; NRCS/EPA/TPWD links support site/soil/ecoregion/vegetation validation, not species identity.",v1-online-public-draft,2026-05-27,silphium-albiflorum,https://www.wildflower.org/plants/result.php?id_plant=SIAL,https://plants.usda.gov/home/basicSearchResults?searchString=Silphium+albiflorum,https://floranorthamerica.org/Special:Search?search=Silphium+albiflorum,https://floranorthamerica.org/Silphium_albiflorum,https://wetland-plants.sec.usace.army.mil/,https://websoilsurvey.nrcs.usda.gov/app/,https://edit.sc.egov.usda.gov/,https://www.epa.gov/eco-research/ecoregions,https://tpwd.texas.gov/landwater/land/programs/landscape-ecology/ems/,Karst Outcrops
Sisyrinchium angustifolium,Sisyrinchium angustifolium,153,Sisyrinchium angustifolium,Sisyrinchium angustifolium,"Narrowleaf Blue-eyed Grass, Narrow-leaf Blue-eyed-grass, Bermuda Blue-eyed Grass, Blue-eyed Grass",Upland prairie and open grassland systems,Shallow Upland Prairie,open dry upland prairie/grassland,open dry upland prairie/grassland,"Moist , Wet; Medium; Sun , Part Shade; Low","Region: AGCP AK AW CB EMP GP HI MW NCNE WMVE Status: FACW FACW FACW FAC FAC | This information is derived from: U.S. Army Corps of Engineers. (2023). 2022 National Wetland Plant List, version 3.6. U.S. Army Engineer Research and Development Center, Vicksburg, MS. | https://wetland-plants.usace.army.mil/ | . | Click here | for map of regions.",High,No,Publish now,Literature-supported microregion assignment; field/GIS confirmation can be added in a later release.,"LBJ/USDA/FNA/USACE support species habitat traits; NRCS/EPA/TPWD links support site/soil/ecoregion/vegetation validation, not species identity.",v1-online-public-draft,2026-05-27,sisyrinchium-angustifolium,https://www.wildflower.org/plants/result.php?id_plant=SIAN3,https://plants.usda.gov/home/basicSearchResults?searchString=Sisyrinchium+angustifolium,https://floranorthamerica.org/Special:Search?search=Sisyrinchium+angustifolium,https://floranorthamerica.org/Sisyrinchium_angustifolium,https://wetland-plants.sec.usace.army.mil/,https://websoilsurvey.nrcs.usda.gov/app/,https://edit.sc.egov.usda.gov/,https://www.epa.gov/eco-research/ecoregions,https://tpwd.texas.gov/landwater/land/programs/landscape-ecology/ems/,Shallow Upland Prairie
Solanum triquetrum,Solanum triquetrum,154,Solanum triquetrum,Solanum triquetrum,"Texas Nightshade, Hierba Mora","Ecotone, thicket, and disturbance-edge systems",Ecotone / Edge Thicket,woodland/wood edge; disturbed/roadside/ditch; sunny open; shade/part shade,"disturbed open ground, brush/woodland edges, and partial shade contexts",,,High,Optional,Publish with caveat,"Usable for public draft release, but should remain flagged as provisional until optional spot-check or field/GIS support is added.","LBJ/USDA/FNA/USACE support species habitat traits; NRCS/EPA/TPWD links support site/soil/ecoregion/vegetation validation, not species identity.",v1-online-public-draft,2026-05-27,solanum-triquetrum,https://www.wildflower.org/plants/result.php?id_plant=SOTR2,https://plants.usda.gov/home/basicSearchResults?searchString=Solanum+triquetrum,https://floranorthamerica.org/Special:Search?search=Solanum+triquetrum,https://floranorthamerica.org/Solanum_triquetrum,https://wetland-plants.sec.usace.army.mil/,https://websoilsurvey.nrcs.usda.gov/app/,https://edit.sc.egov.usda.gov/,https://www.epa.gov/eco-research/ecoregions,https://tpwd.texas.gov/landwater/land/programs/landscape-ecology/ems/,Upland Woodland; Shallow Upland Prairie
Solidago altissima,Solidago altissima,155,Solidago altissima,Solidago altissima,"Tall Goldenrod, Late Goldenrod, Canadian Goldenrod, Canada Goldenrod",Upland prairie and open grassland systems,Shallow Upland Prairie,sandy/loamy upland prairie or open field,sandy/loamy upland prairie or open field,"Moist; Medium; Sun , Part Shade; Medium","Region: AGCP AK AW CB EMP GP HI MW NCNE WMVE Status: FACU FACU FACU FACU UPL FACU FACU FACU | This information is derived from: U.S. Army Corps of Engineers. (2023). 2022 National Wetland Plant List, version 3.6. U.S. Army Engineer Research and Development Center, Vicksburg, MS. | https://wetland-plants.usace.army.mil/ | . | Click here | for map of regions.",High,No,Publish now,Literature-supported microregion assignment; field/GIS confirmation can be added in a later release.,"LBJ/USDA/FNA/USACE support species habitat traits; NRCS/EPA/TPWD links support site/soil/ecoregion/vegetation validation, not species identity.",v1-online-public-draft,2026-05-27,solidago-altissima,https://www.wildflower.org/plants/result.php?id_plant=SOAL6,https://plants.usda.gov/home/basicSearchResults?searchString=Solidago+altissima,https://floranorthamerica.org/Special:Search?search=Solidago+altissima,https://floranorthamerica.org/Solidago_altissima,https://wetland-plants.sec.usace.army.mil/,https://websoilsurvey.nrcs.usda.gov/app/,https://edit.sc.egov.usda.gov/,https://www.epa.gov/eco-research/ecoregions,https://tpwd.texas.gov/landwater/land/programs/landscape-ecology/ems/,Shallow Upland Prairie
Solidago nemoralis,Solidago nemoralis,156,Solidago nemoralis,Solidago nemoralis,"Gray Goldenrod, Prairie Goldenrod, Oldfield Goldenrod, Grayleaf Goldenrod, Gray-leaved Goldenrod, Dyersweed Goldenrod, Dwarf Goldenrod, Field Goldenrod",Upland prairie and open grassland systems,Shallow Upland Prairie,sandy/loamy upland prairie or open field,sandy/loamy upland prairie or open field,"Dry; Medium; Sun , Part Shade , Shade; Medium",,High,No,Publish now,Literature-supported microregion assignment; field/GIS confirmation can be added in a later release.,"LBJ/USDA/FNA/USACE support species habitat traits; NRCS/EPA/TPWD links support site/soil/ecoregion/vegetation validation, not species identity.",v1-online-public-draft,2026-05-27,solidago-nemoralis,https://www.wildflower.org/plants/result.php?id_plant=SONE,https://plants.usda.gov/home/basicSearchResults?searchString=Solidago+nemoralis,https://floranorthamerica.org/Special:Search?search=Solidago+nemoralis,https://floranorthamerica.org/Solidago_nemoralis,https://wetland-plants.sec.usace.army.mil/,https://websoilsurvey.nrcs.usda.gov/app/,https://edit.sc.egov.usda.gov/,https://www.epa.gov/eco-research/ecoregions,https://tpwd.texas.gov/landwater/land/programs/landscape-ecology/ems/,
Symphyotrichum ericoides,Symphyotrichum ericoides,157,Symphyotrichum ericoides,Symphyotrichum ericoides,"White Heath Aster, Heath Aster",Upland prairie and open grassland systems,Shallow Upland Prairie,dry upland; moist mesic; sunny open,"dry, low-water, full sun heath aster",Dry; Sun; High,"Region: AGCP AK AW CB EMP GP HI MW NCNE WMVE Status: UPL FAC FACU FACU FACU FACU FAC | This information is derived from: U.S. Army Corps of Engineers. (2023). 2022 National Wetland Plant List, version 3.6. U.S. Army Engineer Research and Development Center, Vicksburg, MS. | https://wetland-plants.usace.army.mil/ | . | Click here | for map of regions.",Medium,Optional,Publish with caveat,"Usable for public draft release, but should remain flagged as provisional until optional spot-check or field/GIS support is added.","LBJ/USDA/FNA/USACE support species habitat traits; NRCS/EPA/TPWD links support site/soil/ecoregion/vegetation validation, not species identity.",v1-online-public-draft,2026-05-27,symphyotrichum-ericoides,https://www.wildflower.org/plants/result.php?id_plant=SYER,https://plants.usda.gov/home/basicSearchResults?searchString=Symphyotrichum+ericoides,https://floranorthamerica.org/Special:Search?search=Symphyotrichum+ericoides,https://floranorthamerica.org/Symphyotrichum_ericoides,https://wetland-plants.sec.usace.army.mil/,https://websoilsurvey.nrcs.usda.gov/app/,https://edit.sc.egov.usda.gov/,https://www.epa.gov/eco-research/ecoregions,https://tpwd.texas.gov/landwater/land/programs/landscape-ecology/ems/,Deep Clay Prairie; Upland Savanna
Symphyotrichum oblongifolium,Symphyotrichum oblongifolium,158,Symphyotrichum oblongifolium,Symphyotrichum oblongifolium,"Aromatic Aster, Aromatic American Aster, Fall Aster, Wild Blue Aster, Shale Aster",Upland prairie and open grassland systems,Shallow Upland Prairie,sandy/loamy upland prairie or open field,sandy/loamy upland prairie or open field,"Dry , Moist; Low; Sun , Part Shade",,High,No,Publish now,Literature-supported microregion assignment; field/GIS confirmation can be added in a later release.,"LBJ/USDA/FNA/USACE support species habitat traits; NRCS/EPA/TPWD links support site/soil/ecoregion/vegetation validation, not species identity.",v1-online-public-draft,2026-05-27,symphyotrichum-oblongifolium,https://www.wildflower.org/plants/result.php?id_plant=SYOB,https://plants.usda.gov/home/basicSearchResults?searchString=Symphyotrichum+oblongifolium,https://floranorthamerica.org/Special:Search?search=Symphyotrichum+oblongifolium,https://floranorthamerica.org/Symphyotrichum_oblongifolium,https://wetland-plants.sec.usace.army.mil/,https://websoilsurvey.nrcs.usda.gov/app/,https://edit.sc.egov.usda.gov/,https://www.epa.gov/eco-research/ecoregions,https://tpwd.texas.gov/landwater/land/programs/landscape-ecology/ems/,Karst Outcrops
Symphyotrichum praealtum,Symphyotrichum praealtum,159,Symphyotrichum praealtum,Symphyotrichum praealtum,Willowleaf Aster,Savanna and woodland-edge systems,Upland Savanna,"open woodland, savanna, or brushy prairie transition","open woodland, savanna, or brushy prairie transition","Moist; Sun , Part Shade , Shade","Region: AGCP AK AW CB EMP GP HI MW NCNE WMVE Status: FACW OBL FACW FACW FACW FACW OBL | This information is derived from: U.S. Army Corps of Engineers. (2023). 2022 National Wetland Plant List, version 3.6. U.S. Army Engineer Research and Development Center, Vicksburg, MS. | https://wetland-plants.usace.army.mil/ | . | Click here | for map of regions.",Medium,Optional,Publish with caveat,"Usable for public draft release, but should remain flagged as provisional until optional spot-check or field/GIS support is added.","LBJ/USDA/FNA/USACE support species habitat traits; NRCS/EPA/TPWD links support site/soil/ecoregion/vegetation validation, not species identity.",v1-online-public-draft,2026-05-27,symphyotrichum-praealtum,https://www.wildflower.org/plants/result.php?id_plant=SYPR5,https://plants.usda.gov/home/basicSearchResults?searchString=Symphyotrichum+praealtum,https://floranorthamerica.org/Special:Search?search=Symphyotrichum+praealtum,https://floranorthamerica.org/Symphyotrichum_praealtum,https://wetland-plants.sec.usace.army.mil/,https://websoilsurvey.nrcs.usda.gov/app/,https://edit.sc.egov.usda.gov/,https://www.epa.gov/eco-research/ecoregions,https://tpwd.texas.gov/landwater/land/programs/landscape-ecology/ems/,Upland Savanna
Tetraneuris scaposa,Tetraneuris scaposa,160,Tetraneuris scaposa,Tetraneuris scaposa,"Four-nerve Daisy, Hymenoxys, Stemmy Four-nerve Daisy, Yellow Daisy, Bitterweed",Woodland and karst upland systems,Karst Outcrops,rocky calcareous limestone outcrop,rocky calcareous limestone outcrop,Dry; Low; Part Shade,,Medium,Optional,Publish with caveat,"Usable for public draft release, but should remain flagged as provisional until optional spot-check or field/GIS support is added.","LBJ/USDA/FNA/USACE support species habitat traits; NRCS/EPA/TPWD links support site/soil/ecoregion/vegetation validation, not species identity.",v1-online-public-draft,2026-05-27,tetraneuris-scaposa,https://www.wildflower.org/plants/result.php?id_plant=TESC2,https://plants.usda.gov/home/basicSearchResults?searchString=Tetraneuris+scaposa,https://floranorthamerica.org/Special:Search?search=Tetraneuris+scaposa,https://floranorthamerica.org/Tetraneuris_scaposa,https://wetland-plants.sec.usace.army.mil/,https://websoilsurvey.nrcs.usda.gov/app/,https://edit.sc.egov.usda.gov/,https://www.epa.gov/eco-research/ecoregions,https://tpwd.texas.gov/landwater/land/programs/landscape-ecology/ems/,Shallow Upland Prairie
Teucrium canadense,Teucrium canadense,161,Teucrium canadense,Teucrium canadense,"American Germander, Canada Germander, Canadian Germander, Germander, Hairy Germander, Wood Sage",Upland prairie and open grassland systems,Shallow Upland Prairie,sandy/loamy upland prairie or open field,sandy/loamy upland prairie or open field,Moist; High; Part Shade; Medium,"Region: AGCP AK AW CB EMP GP HI MW NCNE WMVE Status: FACW FACW FACW FACW FACW FACW FAC | This information is derived from: U.S. Army Corps of Engineers. (2023). 2022 National Wetland Plant List, version 3.6. U.S. Army Engineer Research and Development Center, Vicksburg, MS. | https://wetland-plants.usace.army.mil/ | . | Click here | for map of regions.",High,No,Publish now,Literature-supported microregion assignment; field/GIS confirmation can be added in a later release.,"LBJ/USDA/FNA/USACE support species habitat traits; NRCS/EPA/TPWD links support site/soil/ecoregion/vegetation validation, not species identity.",v1-online-public-draft,2026-05-27,teucrium-canadense,https://www.wildflower.org/plants/result.php?id_plant=TECA3,https://plants.usda.gov/home/basicSearchResults?searchString=Teucrium+canadense,https://floranorthamerica.org/Special:Search?search=Teucrium+canadense,https://floranorthamerica.org/Teucrium_canadense,https://wetland-plants.sec.usace.army.mil/,https://websoilsurvey.nrcs.usda.gov/app/,https://edit.sc.egov.usda.gov/,https://www.epa.gov/eco-research/ecoregions,https://tpwd.texas.gov/landwater/land/programs/landscape-ecology/ems/,Karst Outcrops
Teucrium cubense,Teucrium cubense,162,Teucrium cubense,Teucrium cubense,Small Coastal Germander,Upland prairie and open grassland systems,Shallow Upland Prairie,open dry upland prairie/grassland,open dry upland prairie/grassland,Dry; Low; Sun,"Region: AGCP AK AW CB EMP GP HI MW NCNE WMVE Status: FACW FACW FAC FACW | This information is derived from: U.S. Army Corps of Engineers. (2023). 2022 National Wetland Plant List, version 3.6. U.S. Army Engineer Research and Development Center, Vicksburg, MS. | https://wetland-plants.usace.army.mil/ | . | Click here | for map of regions.",Medium,Optional,Publish with caveat,"Usable for public draft release, but should remain flagged as provisional until optional spot-check or field/GIS support is added.","LBJ/USDA/FNA/USACE support species habitat traits; NRCS/EPA/TPWD links support site/soil/ecoregion/vegetation validation, not species identity.",v1-online-public-draft,2026-05-27,teucrium-cubense,https://www.wildflower.org/plants/result.php?id_plant=TECU,https://plants.usda.gov/home/basicSearchResults?searchString=Teucrium+cubense,https://floranorthamerica.org/Special:Search?search=Teucrium+cubense,https://floranorthamerica.org/Teucrium_cubense,https://wetland-plants.sec.usace.army.mil/,https://websoilsurvey.nrcs.usda.gov/app/,https://edit.sc.egov.usda.gov/,https://www.epa.gov/eco-research/ecoregions,https://tpwd.texas.gov/landwater/land/programs/landscape-ecology/ems/,
Thelesperma simplicifolium,Thelesperma simplicifolium,163,Thelesperma simplicifolium,Thelesperma simplicifolium,"Navajo Tea, Slender greenthread",Upland prairie and open grassland systems,Shallow Upland Prairie,sandy/loamy upland prairie or open field,sandy/loamy upland prairie or open field,Dry; Low; Sun,,High,No,Publish now,Literature-supported microregion assignment; field/GIS confirmation can be added in a later release.,"LBJ/USDA/FNA/USACE support species habitat traits; NRCS/EPA/TPWD links support site/soil/ecoregion/vegetation validation, not species identity.",v1-online-public-draft,2026-05-27,thelesperma-simplicifolium,https://www.wildflower.org/plants/result.php?id_plant=THSI,https://plants.usda.gov/home/basicSearchResults?searchString=Thelesperma+simplicifolium,https://floranorthamerica.org/Special:Search?search=Thelesperma+simplicifolium,https://floranorthamerica.org/Thelesperma_simplicifolium,https://wetland-plants.sec.usace.army.mil/,https://websoilsurvey.nrcs.usda.gov/app/,https://edit.sc.egov.usda.gov/,https://www.epa.gov/eco-research/ecoregions,https://tpwd.texas.gov/landwater/land/programs/landscape-ecology/ems/,Shallow Upland Prairie
Tinantia anomala,Tinantia anomala,164,Tinantia anomala,Tinantia anomala,False Dayflower,Woodland and karst upland systems,Karst Outcrops,gravelly calcareous slope or terrace,gravelly calcareous slope or terrace,"Moist; Low , Medium; Part Shade",,High,No,Publish now,Literature-supported microregion assignment; field/GIS confirmation can be added in a later release.,"LBJ/USDA/FNA/USACE support species habitat traits; NRCS/EPA/TPWD links support site/soil/ecoregion/vegetation validation, not species identity.",v1-online-public-draft,2026-05-27,tinantia-anomala,https://www.wildflower.org/plants/result.php?id_plant=TIAN,https://plants.usda.gov/home/basicSearchResults?searchString=Tinantia+anomala,https://floranorthamerica.org/Special:Search?search=Tinantia+anomala,https://floranorthamerica.org/Tinantia_anomala,https://wetland-plants.sec.usace.army.mil/,https://websoilsurvey.nrcs.usda.gov/app/,https://edit.sc.egov.usda.gov/,https://www.epa.gov/eco-research/ecoregions,https://tpwd.texas.gov/landwater/land/programs/landscape-ecology/ems/,Upland Woodland
Tradescantia gigantea,Tradescantia gigantea,165,Tradescantia gigantea,Tradescantia gigantea,"Spiderwort, Giant spiderwort",Upland prairie and open grassland systems,Shallow Upland Prairie,sandy/loamy upland prairie or open field,sandy/loamy upland prairie or open field,"Moist; Medium; Sun , Part Shade",,High,No,Publish now,Literature-supported microregion assignment; field/GIS confirmation can be added in a later release.,"LBJ/USDA/FNA/USACE support species habitat traits; NRCS/EPA/TPWD links support site/soil/ecoregion/vegetation validation, not species identity.",v1-online-public-draft,2026-05-27,tradescantia-gigantea,https://www.wildflower.org/plants/result.php?id_plant=TRGI,https://plants.usda.gov/home/basicSearchResults?searchString=Tradescantia+gigantea,https://floranorthamerica.org/Special:Search?search=Tradescantia+gigantea,https://floranorthamerica.org/Tradescantia_gigantea,https://wetland-plants.sec.usace.army.mil/,https://websoilsurvey.nrcs.usda.gov/app/,https://edit.sc.egov.usda.gov/,https://www.epa.gov/eco-research/ecoregions,https://tpwd.texas.gov/landwater/land/programs/landscape-ecology/ems/,
Tradescantia humilis,Tradescantia humilis,166,Tradescantia humilis,Tradescantia humilis,Texas Spiderwort,Upland prairie and open grassland systems,Shallow Upland Prairie,dry upland; sunny open; shade/part shade,low-water sun/part shade spiderwort,,,Medium,Optional,Publish with caveat,"Usable for public draft release, but should remain flagged as provisional until optional spot-check or field/GIS support is added.","LBJ/USDA/FNA/USACE support species habitat traits; NRCS/EPA/TPWD links support site/soil/ecoregion/vegetation validation, not species identity.",v1-online-public-draft,2026-05-27,tradescantia-humilis,https://www.wildflower.org/plants/result.php?id_plant=TRHU,https://plants.usda.gov/home/basicSearchResults?searchString=Tradescantia+humilis,https://floranorthamerica.org/Special:Search?search=Tradescantia+humilis,https://floranorthamerica.org/Tradescantia_humilis,https://wetland-plants.sec.usace.army.mil/,https://websoilsurvey.nrcs.usda.gov/app/,https://edit.sc.egov.usda.gov/,https://www.epa.gov/eco-research/ecoregions,https://tpwd.texas.gov/landwater/land/programs/landscape-ecology/ems/,Upland Savanna; Upland Woodland
Tradescantia occidentalis,Tradescantia occidentalis,167,Tradescantia occidentalis,Tradescantia occidentalis,"Prairie Spiderwort, Western Spiderwort, Spiderwort",Upland prairie and open grassland systems,Shallow Upland Prairie,sandy/loamy upland prairie or open field,sandy/loamy upland prairie or open field,"Dry; Low; Sun , Part Shade","Region: AGCP AK AW CB EMP GP HI MW NCNE WMVE Status: UPL FACU UPL UPL UPL UPL FACU | This information is derived from: U.S. Army Corps of Engineers. (2023). 2022 National Wetland Plant List, version 3.6. U.S. Army Engineer Research and Development Center, Vicksburg, MS. | https://wetland-plants.usace.army.mil/ | . | Click here | for map of regions.",High,No,Publish now,Literature-supported microregion assignment; field/GIS confirmation can be added in a later release.,"LBJ/USDA/FNA/USACE support species habitat traits; NRCS/EPA/TPWD links support site/soil/ecoregion/vegetation validation, not species identity.",v1-online-public-draft,2026-05-27,tradescantia-occidentalis,https://www.wildflower.org/plants/result.php?id_plant=TROC,https://plants.usda.gov/home/basicSearchResults?searchString=Tradescantia+occidentalis,https://floranorthamerica.org/Special:Search?search=Tradescantia+occidentalis,https://floranorthamerica.org/Tradescantia_occidentalis,https://wetland-plants.sec.usace.army.mil/,https://websoilsurvey.nrcs.usda.gov/app/,https://edit.sc.egov.usda.gov/,https://www.epa.gov/eco-research/ecoregions,https://tpwd.texas.gov/landwater/land/programs/landscape-ecology/ems/,
Verbena xutha,Verbena xutha,168,Verbena xutha,Verbena xutha,Gulf Vervain,Upland prairie and open grassland systems,Shallow Upland Prairie,sandy/loamy upland prairie or open field,sandy/loamy upland prairie or open field,"Dry , Moist; Low; Sun , Part Shade",,High,No,Publish now,Literature-supported microregion assignment; field/GIS confirmation can be added in a later release.,"LBJ/USDA/FNA/USACE support species habitat traits; NRCS/EPA/TPWD links support site/soil/ecoregion/vegetation validation, not species identity.",v1-online-public-draft,2026-05-27,verbena-xutha,https://www.wildflower.org/plants/result.php?id_plant=VEXU,https://plants.usda.gov/home/basicSearchResults?searchString=Verbena+xutha,https://floranorthamerica.org/Special:Search?search=Verbena+xutha,https://floranorthamerica.org/Verbena_xutha,https://wetland-plants.sec.usace.army.mil/,https://websoilsurvey.nrcs.usda.gov/app/,https://edit.sc.egov.usda.gov/,https://www.epa.gov/eco-research/ecoregions,https://tpwd.texas.gov/landwater/land/programs/landscape-ecology/ems/,Upland Woodland
Verbesina encelioides,Verbesina encelioides,169,Verbesina encelioides,Verbesina encelioides,"Cowpen Daisy, Golden Crownbeard, Butter Daisy","Ecotone, thicket, and disturbance-edge systems",Ecotone / Edge Thicket,limestone/caliche/calcareous; deep clay/swale; disturbed/roadside/ditch; dry upland; moist mesic; sunny open,disturbed dry areas; sand/loam/clay/limestone,Dry; Low; Sun; Medium,"Region: AGCP AK AW CB EMP GP HI MW NCNE WMVE Status: FAC FACU FACU FACU FAC FACU FAC FAC FACU | This information is derived from: U.S. Army Corps of Engineers. (2023). 2022 National Wetland Plant List, version 3.6. U.S. Army Engineer Research and Development Center, Vicksburg, MS. | https://wetland-plants.usace.army.mil/ | . | Click here | for map of regions.",High,No,Publish now,Literature-supported microregion assignment; field/GIS confirmation can be added in a later release.,"LBJ/USDA/FNA/USACE support species habitat traits; NRCS/EPA/TPWD links support site/soil/ecoregion/vegetation validation, not species identity.",v1-online-public-draft,2026-05-27,verbesina-encelioides,https://www.wildflower.org/plants/result.php?id_plant=VEEN,https://plants.usda.gov/home/basicSearchResults?searchString=Verbesina+encelioides,https://floranorthamerica.org/Special:Search?search=Verbesina+encelioides,https://floranorthamerica.org/Verbesina_encelioides,https://wetland-plants.sec.usace.army.mil/,https://websoilsurvey.nrcs.usda.gov/app/,https://edit.sc.egov.usda.gov/,https://www.epa.gov/eco-research/ecoregions,https://tpwd.texas.gov/landwater/land/programs/landscape-ecology/ems/,Shallow Upland Prairie; Karst Outcrops; Deep Clay Prairie
Verbesina virginica,Verbesina virginica,170,Verbesina virginica,Verbesina virginica,"Frostweed, White Crownbeard, Iceplant, Iceweed, Virginia Crownbeard, Indian Tobacco, Richweed, Squawweed",Upland prairie and open grassland systems,Shallow Upland Prairie,open dry upland prairie/grassland,open dry upland prairie/grassland,"Dry , Moist; Low , Medium; Part Shade , Shade","Region: AGCP AK AW CB EMP GP HI MW NCNE WMVE Status: FACU UPL FACU FACU | This information is derived from: U.S. Army Corps of Engineers. (2023). 2022 National Wetland Plant List, version 3.6. U.S. Army Engineer Research and Development Center, Vicksburg, MS. | https://wetland-plants.usace.army.mil/ | . | Click here | for map of regions.",High,No,Publish now,Literature-supported microregion assignment; field/GIS confirmation can be added in a later release.,"LBJ/USDA/FNA/USACE support species habitat traits; NRCS/EPA/TPWD links support site/soil/ecoregion/vegetation validation, not species identity.",v1-online-public-draft,2026-05-27,verbesina-virginica,https://www.wildflower.org/plants/result.php?id_plant=VEVI3,https://plants.usda.gov/home/basicSearchResults?searchString=Verbesina+virginica,https://floranorthamerica.org/Special:Search?search=Verbesina+virginica,https://floranorthamerica.org/Verbesina_virginica,https://wetland-plants.sec.usace.army.mil/,https://websoilsurvey.nrcs.usda.gov/app/,https://edit.sc.egov.usda.gov/,https://www.epa.gov/eco-research/ecoregions,https://tpwd.texas.gov/landwater/land/programs/landscape-ecology/ems/,Upland Woodland
Vernonia baldwinii,Vernonia baldwinii,171,Vernonia baldwinii,Vernonia baldwinii,"Western Ironweed, Baldwin's Ironweed, Ironweed",Upland prairie and open grassland systems,Shallow Upland Prairie,sandy/loamy upland prairie or open field,sandy/loamy upland prairie or open field,Moist; Low; Sun,"Region: AGCP AK AW CB EMP GP HI MW NCNE WMVE Status: UPL UPL FACU UPL UPL FACU | This information is derived from: U.S. Army Corps of Engineers. (2023). 2022 National Wetland Plant List, version 3.6. U.S. Army Engineer Research and Development Center, Vicksburg, MS. | https://wetland-plants.usace.army.mil/ | . | Click here | for map of regions.",High,No,Publish now,Literature-supported microregion assignment; field/GIS confirmation can be added in a later release.,"LBJ/USDA/FNA/USACE support species habitat traits; NRCS/EPA/TPWD links support site/soil/ecoregion/vegetation validation, not species identity.",v1-online-public-draft,2026-05-27,vernonia-baldwinii,https://www.wildflower.org/plants/result.php?id_plant=VEBA,https://plants.usda.gov/home/basicSearchResults?searchString=Vernonia+baldwinii,https://floranorthamerica.org/Special:Search?search=Vernonia+baldwinii,https://floranorthamerica.org/Vernonia_baldwinii,https://wetland-plants.sec.usace.army.mil/,https://websoilsurvey.nrcs.usda.gov/app/,https://edit.sc.egov.usda.gov/,https://www.epa.gov/eco-research/ecoregions,https://tpwd.texas.gov/landwater/land/programs/landscape-ecology/ems/,
Vernonia ×guadalupensis,Vernonia ×guadalupensis,172,Vernonia ×guadalupensis,Vernonia ×guadalupensis,Guadalupe Ironweed,"Ecotone, thicket, and disturbance-edge systems",Ecotone / Edge Thicket,moist prairie/thicket/open woodland or stream-edge ironweed context,moist prairie/thicket/open woodland or stream-edge ironweed context,"Water Req.: Medium | Sun/Shade Requirements: Sun | Growth Habitat: Herb | Bloom Time: Jun, Jul, Aug, Sep, Oct, Nov | Height: 2-4 ft | Width: 2-3 ft | Bloom Color: Purple | USA: TX",,Medium,Optional,Publish with caveat,"Usable for public draft release, but should remain flagged as provisional until optional spot-check or field/GIS support is added.","LBJ/USDA/FNA/USACE support species habitat traits; NRCS/EPA/TPWD links support site/soil/ecoregion/vegetation validation, not species identity.",v1-online-public-draft,2026-05-27,vernonia-guadalupensis,https://www.wildflower.org/plants/result.php?id_plant=VEGU,https://plants.usda.gov/plant-profile/VEGU,https://floranorthamerica.org/Special:Search?search=Vernonia+%C3%97guadalupensis,http://www.efloras.org/browse.aspx?flora_id=1&name_str=Vernonia%20%C3%97guadalupensis,https://wetland-plants.sec.usace.army.mil/,https://websoilsurvey.nrcs.usda.gov/app/,https://edit.sc.egov.usda.gov/,https://www.epa.gov/eco-research/ecoregions,https://tpwd.texas.gov/landwater/land/programs/landscape-ecology/ems/,Riparian Banks; Upland Woodland
Vernonia lindheimeri,Vernonia lindheimeri,173,Vernonia lindheimeri,Vernonia lindheimeri,Woolly Ironweed,Upland prairie and open grassland systems,Shallow Upland Prairie,sandy/loamy upland prairie or open field,sandy/loamy upland prairie or open field,Dry; Low; Sun,,High,No,Publish now,Literature-supported microregion assignment; field/GIS confirmation can be added in a later release.,"LBJ/USDA/FNA/USACE support species habitat traits; NRCS/EPA/TPWD links support site/soil/ecoregion/vegetation validation, not species identity.",v1-online-public-draft,2026-05-27,vernonia-lindheimeri,https://www.wildflower.org/plants/result.php?id_plant=VELI3,https://plants.usda.gov/home/basicSearchResults?searchString=Vernonia+lindheimeri,https://floranorthamerica.org/Special:Search?search=Vernonia+lindheimeri,https://floranorthamerica.org/Vernonia_lindheimeri,https://wetland-plants.sec.usace.army.mil/,https://websoilsurvey.nrcs.usda.gov/app/,https://edit.sc.egov.usda.gov/,https://www.epa.gov/eco-research/ecoregions,https://tpwd.texas.gov/landwater/land/programs/landscape-ecology/ems/,Deep Clay Prairie
Viola missouriensis,Viola missouriensis,174,Viola missouriensis,Viola missouriensis,Missouri Violet,Woodland and karst upland systems,Upland Woodland,upland woodland or shaded understory,upland woodland or shaded understory,"Moist; Medium; Part Shade , Shade; Low","Region: AGCP AK AW CB EMP GP HI MW NCNE WMVE Status: FAC FACW FACU FACW FACW FAC FACW | This information is derived from: U.S. Army Corps of Engineers. (2023). 2022 National Wetland Plant List, version 3.6. U.S. Army Engineer Research and Development Center, Vicksburg, MS. | https://wetland-plants.usace.army.mil/ | . | Click here | for map of regions.",Medium,Optional,Publish with caveat,"Usable for public draft release, but should remain flagged as provisional until optional spot-check or field/GIS support is added.","LBJ/USDA/FNA/USACE support species habitat traits; NRCS/EPA/TPWD links support site/soil/ecoregion/vegetation validation, not species identity.",v1-online-public-draft,2026-05-27,viola-missouriensis,https://www.wildflower.org/plants/result.php?id_plant=VIMI3,https://plants.usda.gov/home/basicSearchResults?searchString=Viola+missouriensis,https://floranorthamerica.org/Special:Search?search=Viola+missouriensis,https://floranorthamerica.org/Viola_missouriensis,https://wetland-plants.sec.usace.army.mil/,https://websoilsurvey.nrcs.usda.gov/app/,https://edit.sc.egov.usda.gov/,https://www.epa.gov/eco-research/ecoregions,https://tpwd.texas.gov/landwater/land/programs/landscape-ecology/ems/,Karst Outcrops; Shallow Upland Prairie
Rivina humilis,Rivina humilis,175,Rivina humilis,Rivina humilis,"Pigeonberry, Rouge Plant, Baby-peppers, Bloodberry",Upland prairie and open grassland systems,Shallow Upland Prairie,sandy/loamy upland prairie or open field,sandy/loamy upland prairie or open field,Moist; Medium; Part Shade,"Region: AGCP AK AW CB EMP GP HI MW NCNE WMVE Status: UPL FAC UPL UPL FAC UPL FAC FAC | This information is derived from: U.S. Army Corps of Engineers. (2023). 2022 National Wetland Plant List, version 3.6. U.S. Army Engineer Research and Development Center, Vicksburg, MS. | https://wetland-plants.usace.army.mil/ | . | Click here | for map of regions.",High,No,Publish now,Literature-supported microregion assignment; field/GIS confirmation can be added in a later release.,"LBJ/USDA/FNA/USACE support species habitat traits; NRCS/EPA/TPWD links support site/soil/ecoregion/vegetation validation, not species identity.",v1-online-public-draft,2026-05-27,rivina-humilis,https://www.wildflower.org/plants/result.php?id_plant=RIHU2,https://plants.usda.gov/home/basicSearchResults?searchString=Rivina+humilis,https://floranorthamerica.org/Special:Search?search=Rivina+humilis,https://floranorthamerica.org/Rivina_humilis,https://wetland-plants.sec.usace.army.mil/,https://websoilsurvey.nrcs.usda.gov/app/,https://edit.sc.egov.usda.gov/,https://www.epa.gov/eco-research/ecoregions,https://tpwd.texas.gov/landwater/land/programs/landscape-ecology/ems/,
Ageratina havanensis,Ageratina havanensis,176,Ageratina havanensis,Ageratina havanensis,"Shrubby Boneset, White Mistflower, White Shrub Mistflower, Havana Snakeroot",Woodland and karst upland systems,Karst Outcrops,"limestone ledge, cliff, or bluff","limestone ledge, cliff, or bluff","Dry; Sun , Part Shade",,High,No,Publish now,Literature-supported microregion assignment; field/GIS confirmation can be added in a later release.,"LBJ/USDA/FNA/USACE support species habitat traits; NRCS/EPA/TPWD links support site/soil/ecoregion/vegetation validation, not species identity.",v1-online-public-draft,2026-05-27,ageratina-havanensis,https://www.wildflower.org/plants/result.php?id_plant=AGHA4,https://plants.usda.gov/home/basicSearchResults?searchString=Ageratina+havanensis,https://floranorthamerica.org/Special:Search?search=Ageratina+havanensis,https://floranorthamerica.org/Ageratina_havanensis,https://wetland-plants.sec.usace.army.mil/,https://websoilsurvey.nrcs.usda.gov/app/,https://edit.sc.egov.usda.gov/,https://www.epa.gov/eco-research/ecoregions,https://tpwd.texas.gov/landwater/land/programs/landscape-ecology/ems/,Upland Woodland
Aloysia gratissima,Aloysia gratissima,177,Aloysia gratissima,Aloysia gratissima,"Whitebrush, Bee-brush, White-brush, Common Bee-brush, Beebrush, Privet Lippia",Woodland and karst upland systems,Karst Outcrops,"limestone ledge, cliff, or bluff","limestone ledge, cliff, or bluff","Moist; Medium; Sun , Part Shade",,High,No,Publish now,Literature-supported microregion assignment; field/GIS confirmation can be added in a later release.,"LBJ/USDA/FNA/USACE support species habitat traits; NRCS/EPA/TPWD links support site/soil/ecoregion/vegetation validation, not species identity.",v1-online-public-draft,2026-05-27,aloysia-gratissima,https://www.wildflower.org/plants/result.php?id_plant=ALGR2,https://plants.usda.gov/home/basicSearchResults?searchString=Aloysia+gratissima,https://floranorthamerica.org/Special:Search?search=Aloysia+gratissima,https://floranorthamerica.org/Aloysia_gratissima,https://wetland-plants.sec.usace.army.mil/,https://websoilsurvey.nrcs.usda.gov/app/,https://edit.sc.egov.usda.gov/,https://www.epa.gov/eco-research/ecoregions,https://tpwd.texas.gov/landwater/land/programs/landscape-ecology/ems/,Shallow Upland Prairie
Amorpha canescens,Amorpha canescens,178,Amorpha canescens,Amorpha canescens,Leadplant,Upland prairie and open grassland systems,Shallow Upland Prairie,sandy/loamy upland prairie or open field,sandy/loamy upland prairie or open field,"Dry; Low; Sun , Part Shade; High",,High,No,Publish now,Literature-supported microregion assignment; field/GIS confirmation can be added in a later release.,"LBJ/USDA/FNA/USACE support species habitat traits; NRCS/EPA/TPWD links support site/soil/ecoregion/vegetation validation, not species identity.",v1-online-public-draft,2026-05-27,amorpha-canescens,https://www.wildflower.org/plants/result.php?id_plant=AMCA6,https://plants.usda.gov/home/basicSearchResults?searchString=Amorpha+canescens,https://floranorthamerica.org/Special:Search?search=Amorpha+canescens,https://floranorthamerica.org/Amorpha_canescens,https://wetland-plants.sec.usace.army.mil/,https://websoilsurvey.nrcs.usda.gov/app/,https://edit.sc.egov.usda.gov/,https://www.epa.gov/eco-research/ecoregions,https://tpwd.texas.gov/landwater/land/programs/landscape-ecology/ems/,Shallow Upland Prairie; Karst Outcrops
Amorpha fruticosa,Amorpha fruticosa,179,Amorpha fruticosa,Amorpha fruticosa,"Indigo Bush, False Indigo Bush, False Indigo, Desert False Indigo",Upland prairie and open grassland systems,Shallow Upland Prairie,sandy/loamy upland prairie or open field,sandy/loamy upland prairie or open field,"Moist; Low; Sun , Part Shade; Medium","Region: AGCP AK AW CB EMP GP HI MW NCNE WMVE Status: FACW FACW FACW FACW FACW FACW FACW | This information is derived from: U.S. Army Corps of Engineers. (2023). 2022 National Wetland Plant List, version 3.6. U.S. Army Engineer Research and Development Center, Vicksburg, MS. | https://wetland-plants.usace.army.mil/ | . | Click here | for map of regions.",High,No,Publish now,Literature-supported microregion assignment; field/GIS confirmation can be added in a later release.,"LBJ/USDA/FNA/USACE support species habitat traits; NRCS/EPA/TPWD links support site/soil/ecoregion/vegetation validation, not species identity.",v1-online-public-draft,2026-05-27,amorpha-fruticosa,https://www.wildflower.org/plants/result.php?id_plant=AMFR,https://plants.usda.gov/home/basicSearchResults?searchString=Amorpha+fruticosa,https://floranorthamerica.org/Special:Search?search=Amorpha+fruticosa,https://floranorthamerica.org/Amorpha_fruticosa,https://wetland-plants.sec.usace.army.mil/,https://websoilsurvey.nrcs.usda.gov/app/,https://edit.sc.egov.usda.gov/,https://www.epa.gov/eco-research/ecoregions,https://tpwd.texas.gov/landwater/land/programs/landscape-ecology/ems/,Ecotone / Edge Thicket; Deep Clay Prairie; Mesic Canyons & Seeps
Amorpha roemeriana,Amorpha roemeriana,180,Amorpha roemeriana,Amorpha roemeriana,"Texas Indigo Bush, Roemer's false indigo",Upland prairie and open grassland systems,Shallow Upland Prairie,open dry upland prairie/grassland,open dry upland prairie/grassland,"Dry , Moist; Part Shade","Region: AGCP AK AW CB EMP GP HI MW NCNE WMVE Status: FACU FACU | This information is derived from: U.S. Army Corps of Engineers. (2023). 2022 National Wetland Plant List, version 3.6. U.S. Army Engineer Research and Development Center, Vicksburg, MS. | https://wetland-plants.usace.army.mil/ | . | Click here | for map of regions.",Medium,Optional,Publish with caveat,"Usable for public draft release, but should remain flagged as provisional until optional spot-check or field/GIS support is added.","LBJ/USDA/FNA/USACE support species habitat traits; NRCS/EPA/TPWD links support site/soil/ecoregion/vegetation validation, not species identity.",v1-online-public-draft,2026-05-27,amorpha-roemeriana,https://www.wildflower.org/plants/result.php?id_plant=AMRO2,https://plants.usda.gov/home/basicSearchResults?searchString=Amorpha+roemeriana,https://floranorthamerica.org/Special:Search?search=Amorpha+roemeriana,https://floranorthamerica.org/Amorpha_roemeriana,https://wetland-plants.sec.usace.army.mil/,https://websoilsurvey.nrcs.usda.gov/app/,https://edit.sc.egov.usda.gov/,https://www.epa.gov/eco-research/ecoregions,https://tpwd.texas.gov/landwater/land/programs/landscape-ecology/ems/,
Anisacanthus quadrifidus var. wrightii,Anisacanthus quadrifidus var. wrightii,181,Anisacanthus quadrifidus var. wrightii,Anisacanthus quadrifidus var. wrightii,Flame Acanthus,Woodland and karst upland systems,Karst Outcrops,stream/river bank; floodplain/bottomland; limestone/caliche/calcareous; rocky/ledge/slope/ridge; prairie/open field/meadow; dry upland; moist mesic; sunny open,"rocky stream banks/floodplains, shrublands, grasslands, caliche/limestone slopes","Dry , Moist; Low; Sun , Part Shade; High",,High,No,Publish now,Literature-supported microregion assignment; field/GIS confirmation can be added in a later release.,"LBJ/USDA/FNA/USACE support species habitat traits; NRCS/EPA/TPWD links support site/soil/ecoregion/vegetation validation, not species identity.",v1-online-public-draft,2026-05-27,anisacanthus-quadrifidus-var-wrightii,https://www.wildflower.org/plants/result.php?id_plant=ANQUW,https://plants.usda.gov/home/basicSearchResults?searchString=Anisacanthus+quadrifidus+var.+wrightii,https://floranorthamerica.org/Special:Search?search=Anisacanthus+quadrifidus+var.+wrightii,https://floranorthamerica.org/Anisacanthus_quadrifidus_var_wrightii,https://wetland-plants.sec.usace.army.mil/,https://websoilsurvey.nrcs.usda.gov/app/,https://edit.sc.egov.usda.gov/,https://www.epa.gov/eco-research/ecoregions,https://tpwd.texas.gov/landwater/land/programs/landscape-ecology/ems/,Riparian Banks; Shallow Upland Prairie; Upland Savanna
Bernardia myricifolia,Bernardia myricifolia,182,Bernardia myricifolia,Bernardia myricifolia,Mouse Ears,"Ecotone, thicket, and disturbance-edge systems",Ecotone / Edge Thicket,woodland/wood edge; dry upland; sunny open; shade/part shade,low-water sun/part shade shrub/edge context,,,Medium,Optional,Publish with caveat,"Usable for public draft release, but should remain flagged as provisional until optional spot-check or field/GIS support is added.","LBJ/USDA/FNA/USACE support species habitat traits; NRCS/EPA/TPWD links support site/soil/ecoregion/vegetation validation, not species identity.",v1-online-public-draft,2026-05-27,bernardia-myricifolia,https://www.wildflower.org/plants/result.php?id_plant=BEMY,https://plants.usda.gov/home/basicSearchResults?searchString=Bernardia+myricifolia,https://floranorthamerica.org/Special:Search?search=Bernardia+myricifolia,https://floranorthamerica.org/Bernardia_myricifolia,https://wetland-plants.sec.usace.army.mil/,https://websoilsurvey.nrcs.usda.gov/app/,https://edit.sc.egov.usda.gov/,https://www.epa.gov/eco-research/ecoregions,https://tpwd.texas.gov/landwater/land/programs/landscape-ecology/ems/,Shallow Upland Prairie; Upland Woodland
Callicarpa americana,Callicarpa americana,183,Callicarpa americana,Callicarpa americana,"American Beautyberry , French Mulberry",Woodland and karst upland systems,Upland Woodland,upland woodland or shaded understory,upland woodland or shaded understory,Moist; Low; Part Shade; Medium,"Region: AGCP AK AW CB EMP GP HI MW NCNE WMVE Status: FACU FACU FACU FACU | This information is derived from: U.S. Army Corps of Engineers. (2023). 2022 National Wetland Plant List, version 3.6. U.S. Army Engineer Research and Development Center, Vicksburg, MS. | https://wetland-plants.usace.army.mil/ | . | Click here | for map of regions.",High,No,Publish now,Literature-supported microregion assignment; field/GIS confirmation can be added in a later release.,"LBJ/USDA/FNA/USACE support species habitat traits; NRCS/EPA/TPWD links support site/soil/ecoregion/vegetation validation, not species identity.",v1-online-public-draft,2026-05-27,callicarpa-americana,https://www.wildflower.org/plants/result.php?id_plant=CAAM2,https://plants.usda.gov/home/basicSearchResults?searchString=Callicarpa+americana,https://floranorthamerica.org/Special:Search?search=Callicarpa+americana,https://floranorthamerica.org/Callicarpa_americana,https://wetland-plants.sec.usace.army.mil/,https://websoilsurvey.nrcs.usda.gov/app/,https://edit.sc.egov.usda.gov/,https://www.epa.gov/eco-research/ecoregions,https://tpwd.texas.gov/landwater/land/programs/landscape-ecology/ems/,Shallow Upland Prairie
Celtis ehrenbergiana,Celtis ehrenbergiana,184,Celtis ehrenbergiana,Celtis ehrenbergiana,Desert (Spiny) Hackberry,Upland prairie and open grassland systems,Shallow Upland Prairie,sandy/loamy upland prairie or open field,sandy/loamy upland prairie or open field,"Dry; Low; Sun , Part Shade; High",,High,No,Publish now,Literature-supported microregion assignment; field/GIS confirmation can be added in a later release.,"LBJ/USDA/FNA/USACE support species habitat traits; NRCS/EPA/TPWD links support site/soil/ecoregion/vegetation validation, not species identity.",v1-online-public-draft,2026-05-27,celtis-ehrenbergiana,https://www.wildflower.org/plants/result.php?id_plant=CEEH,https://plants.usda.gov/home/basicSearchResults?searchString=Celtis+ehrenbergiana,https://floranorthamerica.org/Special:Search?search=Celtis+ehrenbergiana,https://floranorthamerica.org/Celtis_ehrenbergiana,https://wetland-plants.sec.usace.army.mil/,https://websoilsurvey.nrcs.usda.gov/app/,https://edit.sc.egov.usda.gov/,https://www.epa.gov/eco-research/ecoregions,https://tpwd.texas.gov/landwater/land/programs/landscape-ecology/ems/,Karst Outcrops
Cephalanthus occidentalis,Cephalanthus occidentalis,185,Cephalanthus occidentalis,Cephalanthus occidentalis,"Common Buttonbush, Buttonbush, Button Willow, Honey Bells, Honeybells, Honey Balls, Honeyballs, Button-bush","Aquatic, spring-run, and wetland systems",Aquatic / Spring Runs,pond/lake margin or shallow open water,pond/lake margin or shallow open water,"Moist , Wet; High; Part Shade , Shade; Medium","Region: AGCP AK AW CB EMP GP HI MW NCNE WMVE Status: OBL OBL OBL OBL OBL OBL OBL | This information is derived from: U.S. Army Corps of Engineers. (2023). 2022 National Wetland Plant List, version 3.6. U.S. Army Engineer Research and Development Center, Vicksburg, MS. | https://wetland-plants.usace.army.mil/ | . | Click here | for map of regions.",High,No,Publish now,Literature-supported microregion assignment; field/GIS confirmation can be added in a later release.,"LBJ/USDA/FNA/USACE support species habitat traits; NRCS/EPA/TPWD links support site/soil/ecoregion/vegetation validation, not species identity.",v1-online-public-draft,2026-05-27,cephalanthus-occidentalis,https://www.wildflower.org/plants/result.php?id_plant=CEOC2,https://plants.usda.gov/home/basicSearchResults?searchString=Cephalanthus+occidentalis,https://floranorthamerica.org/Special:Search?search=Cephalanthus+occidentalis,https://floranorthamerica.org/Cephalanthus_occidentalis,https://wetland-plants.sec.usace.army.mil/,https://websoilsurvey.nrcs.usda.gov/app/,https://edit.sc.egov.usda.gov/,https://www.epa.gov/eco-research/ecoregions,https://tpwd.texas.gov/landwater/land/programs/landscape-ecology/ems/,Shallow Upland Prairie
Chloracantha spinosa,Chloracantha spinosa,186,Chloracantha spinosa,Chloracantha spinosa,"Spiny Chloracantha, Mexican Devil-weed",Riparian and floodplain systems,Riparian Banks,stream/river bank; marsh/swamp/wetland; seep/wet ledge; dry upland; moist mesic; sunny open; shade/part shade,dry habitats plus moist spots such as streambanks and seeps; tolerates saline sites,,"Region: AGCP AK AW CB EMP GP HI MW NCNE WMVE Status: FACW FAC FACW FAC | This information is derived from: U.S. Army Corps of Engineers. (2023). 2022 National Wetland Plant List, version 3.6. U.S. Army Engineer Research and Development Center, Vicksburg, MS. | https://wetland-plants.usace.army.mil/ | . | Click here | for map of regions.",High,No,Publish now,Literature-supported microregion assignment; field/GIS confirmation can be added in a later release.,"LBJ/USDA/FNA/USACE support species habitat traits; NRCS/EPA/TPWD links support site/soil/ecoregion/vegetation validation, not species identity.",v1-online-public-draft,2026-05-27,chloracantha-spinosa,https://www.wildflower.org/plants/result.php?id_plant=CHSP11,https://plants.usda.gov/home/basicSearchResults?searchString=Chloracantha+spinosa,https://floranorthamerica.org/Special:Search?search=Chloracantha+spinosa,https://floranorthamerica.org/Chloracantha_spinosa,https://wetland-plants.sec.usace.army.mil/,https://websoilsurvey.nrcs.usda.gov/app/,https://edit.sc.egov.usda.gov/,https://www.epa.gov/eco-research/ecoregions,https://tpwd.texas.gov/landwater/land/programs/landscape-ecology/ems/,Ecotone / Edge Thicket; Mesic Canyons & Seeps; Deep Clay Prairie
Colubrina texensis,Colubrina texensis,187 | 313,Colubrina texensis,Colubrina texensis,Texas Hogplum | Texas Hog Plum,Upland prairie and open grassland systems,Shallow Upland Prairie,sandy/loamy upland prairie or open field,sandy/loamy upland prairie or open field,Dry; Low; Part Shade,,High,No,Publish now,Literature-supported microregion assignment; field/GIS confirmation can be added in a later release.,"LBJ/USDA/FNA/USACE support species habitat traits; NRCS/EPA/TPWD links support site/soil/ecoregion/vegetation validation, not species identity.",v1-online-public-draft,2026-05-27,colubrina-texensis,https://www.wildflower.org/plants/result.php?id_plant=COTE6,https://plants.usda.gov/home/basicSearchResults?searchString=Colubrina+texensis,https://floranorthamerica.org/Special:Search?search=Colubrina+texensis,https://floranorthamerica.org/Colubrina_texensis,https://wetland-plants.sec.usace.army.mil/,https://websoilsurvey.nrcs.usda.gov/app/,https://edit.sc.egov.usda.gov/,https://www.epa.gov/eco-research/ecoregions,https://tpwd.texas.gov/landwater/land/programs/landscape-ecology/ems/,Karst Outcrops
Condalia hookeri,Condalia hookeri,188,Condalia hookeri,Condalia hookeri,Brasil,Upland prairie and open grassland systems,Shallow Upland Prairie,sandy/loamy upland prairie or open field,sandy/loamy upland prairie or open field,Dry; Low; Part Shade,,High,No,Publish now,Literature-supported microregion assignment; field/GIS confirmation can be added in a later release.,"LBJ/USDA/FNA/USACE support species habitat traits; NRCS/EPA/TPWD links support site/soil/ecoregion/vegetation validation, not species identity.",v1-online-public-draft,2026-05-27,condalia-hookeri,https://www.wildflower.org/plants/result.php?id_plant=COHO,https://plants.usda.gov/home/basicSearchResults?searchString=Condalia+hookeri,https://floranorthamerica.org/Special:Search?search=Condalia+hookeri,https://floranorthamerica.org/Condalia_hookeri,https://wetland-plants.sec.usace.army.mil/,https://websoilsurvey.nrcs.usda.gov/app/,https://edit.sc.egov.usda.gov/,https://www.epa.gov/eco-research/ecoregions,https://tpwd.texas.gov/landwater/land/programs/landscape-ecology/ems/,
Erythrina herbacea,Erythrina herbacea,189,Erythrina herbacea,Erythrina herbacea,Coral Bean,Upland prairie and open grassland systems,Shallow Upland Prairie,sandy/loamy upland prairie or open field,sandy/loamy upland prairie or open field,"Dry; Medium; Sun , Part Shade",,High,No,Publish now,Literature-supported microregion assignment; field/GIS confirmation can be added in a later release.,"LBJ/USDA/FNA/USACE support species habitat traits; NRCS/EPA/TPWD links support site/soil/ecoregion/vegetation validation, not species identity.",v1-online-public-draft,2026-05-27,erythrina-herbacea,https://www.wildflower.org/plants/result.php?id_plant=ERHE4,https://plants.usda.gov/home/basicSearchResults?searchString=Erythrina+herbacea,https://floranorthamerica.org/Special:Search?search=Erythrina+herbacea,https://floranorthamerica.org/Erythrina_herbacea,https://wetland-plants.sec.usace.army.mil/,https://websoilsurvey.nrcs.usda.gov/app/,https://edit.sc.egov.usda.gov/,https://www.epa.gov/eco-research/ecoregions,https://tpwd.texas.gov/landwater/land/programs/landscape-ecology/ems/,Upland Woodland
Eysenhardtia texana,Eysenhardtia texana,190,Eysenhardtia texana,Eysenhardtia texana,"Texas Kidneywood, Kidneywood, Bee Brush, Vara Dulce, Palo Dulce",Woodland and karst upland systems,Karst Outcrops,rocky calcareous limestone outcrop,rocky calcareous limestone outcrop,Dry; Low; Sun,,High,No,Publish now,Literature-supported microregion assignment; field/GIS confirmation can be added in a later release.,"LBJ/USDA/FNA/USACE support species habitat traits; NRCS/EPA/TPWD links support site/soil/ecoregion/vegetation validation, not species identity.",v1-online-public-draft,2026-05-27,eysenhardtia-texana,https://www.wildflower.org/plants/result.php?id_plant=EYTE,https://plants.usda.gov/home/basicSearchResults?searchString=Eysenhardtia+texana,https://floranorthamerica.org/Special:Search?search=Eysenhardtia+texana,https://floranorthamerica.org/Eysenhardtia_texana,https://wetland-plants.sec.usace.army.mil/,https://websoilsurvey.nrcs.usda.gov/app/,https://edit.sc.egov.usda.gov/,https://www.epa.gov/eco-research/ecoregions,https://tpwd.texas.gov/landwater/land/programs/landscape-ecology/ems/,
Forestiera pubescens,Forestiera pubescens,191,Forestiera pubescens,Forestiera pubescens,"Elbowbush, Stretchberry, Spring Herald, Desert Olive, Tanglewood, Devil's Elbow, Spring Goldenglow, New Mexico Privet, Texas Forsythia",Upland prairie and open grassland systems,Shallow Upland Prairie,open dry upland prairie/grassland,open dry upland prairie/grassland,"Dry , Moist; Low , Medium; Sun , Part Shade , Shade; Medium , High","Region: AGCP AK AW CB EMP GP HI MW NCNE WMVE Status: FACU FACU FACU FACU FACU FACU | This information is derived from: U.S. Army Corps of Engineers. (2023). 2022 National Wetland Plant List, version 3.6. U.S. Army Engineer Research and Development Center, Vicksburg, MS. | https://wetland-plants.usace.army.mil/ | . | Click here | for map of regions.",Medium,Optional,Publish with caveat,"Usable for public draft release, but should remain flagged as provisional until optional spot-check or field/GIS support is added.","LBJ/USDA/FNA/USACE support species habitat traits; NRCS/EPA/TPWD links support site/soil/ecoregion/vegetation validation, not species identity.",v1-online-public-draft,2026-05-27,forestiera-pubescens,https://www.wildflower.org/plants/result.php?id_plant=FOPU2,https://plants.usda.gov/home/basicSearchResults?searchString=Forestiera+pubescens,https://floranorthamerica.org/Special:Search?search=Forestiera+pubescens,https://floranorthamerica.org/Forestiera_pubescens,https://wetland-plants.sec.usace.army.mil/,https://websoilsurvey.nrcs.usda.gov/app/,https://edit.sc.egov.usda.gov/,https://www.epa.gov/eco-research/ecoregions,https://tpwd.texas.gov/landwater/land/programs/landscape-ecology/ems/,Shallow Upland Prairie
Frangula caroliniana,Frangula caroliniana,192,Frangula caroliniana,Frangula caroliniana,"Carolina Buckthorn, Carolina False Buckthorn, Yellow Buckthorn, Indian Cherry, Yellowwood",Riparian and floodplain systems,Riparian Banks,stream/river bank,stream/river bank,Moist; Part Shade,"Region: AGCP AK AW CB EMP GP HI MW NCNE WMVE Status: FACU FAC FACU FAC FAC | This information is derived from: U.S. Army Corps of Engineers. (2023). 2022 National Wetland Plant List, version 3.6. U.S. Army Engineer Research and Development Center, Vicksburg, MS. | https://wetland-plants.usace.army.mil/ | . | Click here | for map of regions.",High,No,Publish now,Literature-supported microregion assignment; field/GIS confirmation can be added in a later release.,"LBJ/USDA/FNA/USACE support species habitat traits; NRCS/EPA/TPWD links support site/soil/ecoregion/vegetation validation, not species identity.",v1-online-public-draft,2026-05-27,frangula-caroliniana,https://www.wildflower.org/plants/result.php?id_plant=FRCA13,https://plants.usda.gov/home/basicSearchResults?searchString=Frangula+caroliniana,https://floranorthamerica.org/Special:Search?search=Frangula+caroliniana,https://floranorthamerica.org/Frangula_caroliniana,https://wetland-plants.sec.usace.army.mil/,https://websoilsurvey.nrcs.usda.gov/app/,https://edit.sc.egov.usda.gov/,https://www.epa.gov/eco-research/ecoregions,https://tpwd.texas.gov/landwater/land/programs/landscape-ecology/ems/,Upland Woodland
Garrya ovata ssp. lindheimeri,Garrya ovata ssp. lindheimeri,193,Garrya ovata ssp. lindheimeri,Garrya ovata ssp. lindheimeri,"Mexican Silktassel, Lindheimer's Silktassel",Woodland and karst upland systems,Karst Outcrops,rocky calcareous limestone outcrop,rocky calcareous limestone outcrop,"Dry , Moist; Low; Part Shade",,Medium,Optional,Publish with caveat,"Usable for public draft release, but should remain flagged as provisional until optional spot-check or field/GIS support is added.","LBJ/USDA/FNA/USACE support species habitat traits; NRCS/EPA/TPWD links support site/soil/ecoregion/vegetation validation, not species identity.",v1-online-public-draft,2026-05-27,garrya-ovata-ssp-lindheimeri,https://www.wildflower.org/plants/result.php?id_plant=GAOVL,https://plants.usda.gov/home/basicSearchResults?searchString=Garrya+ovata+ssp.+lindheimeri,https://floranorthamerica.org/Special:Search?search=Garrya+ovata+ssp.+lindheimeri,https://floranorthamerica.org/Garrya_ovata_ssp_lindheimeri,https://wetland-plants.sec.usace.army.mil/,https://websoilsurvey.nrcs.usda.gov/app/,https://edit.sc.egov.usda.gov/,https://www.epa.gov/eco-research/ecoregions,https://tpwd.texas.gov/landwater/land/programs/landscape-ecology/ems/,Upland Woodland
Lantana urticoides,Lantana urticoides,194,Lantana urticoides,Lantana urticoides,"Texas Lantana, Calico Bush",Upland prairie and open grassland systems,Shallow Upland Prairie,sandy/loamy upland prairie or open field,sandy/loamy upland prairie or open field,Dry; Low; Sun,"Region: AGCP AK AW CB EMP GP HI MW NCNE WMVE Status: FACU FACU UPL FACU FACU FACU | This information is derived from: U.S. Army Corps of Engineers. (2023). 2022 National Wetland Plant List, version 3.6. U.S. Army Engineer Research and Development Center, Vicksburg, MS. | https://wetland-plants.usace.army.mil/ | . | Click here | for map of regions.",High,No,Publish now,Literature-supported microregion assignment; field/GIS confirmation can be added in a later release.,"LBJ/USDA/FNA/USACE support species habitat traits; NRCS/EPA/TPWD links support site/soil/ecoregion/vegetation validation, not species identity.",v1-online-public-draft,2026-05-27,lantana-urticoides,https://www.wildflower.org/plants/result.php?id_plant=LAUR2,https://plants.usda.gov/home/basicSearchResults?searchString=Lantana+urticoides,https://floranorthamerica.org/Special:Search?search=Lantana+urticoides,https://floranorthamerica.org/Lantana_urticoides,https://wetland-plants.sec.usace.army.mil/,https://websoilsurvey.nrcs.usda.gov/app/,https://edit.sc.egov.usda.gov/,https://www.epa.gov/eco-research/ecoregions,https://tpwd.texas.gov/landwater/land/programs/landscape-ecology/ems/,Ecotone / Edge Thicket; Karst Outcrops; Upland Woodland
Leucophyllum frutescens,Leucophyllum frutescens,195,Leucophyllum frutescens,Leucophyllum frutescens,"Cenizo, Purple Sage, Texas Ranger, Texas Barometer Bush, Texas Silverleaf, Texas Sage, Silverleaf",Upland prairie and open grassland systems,Shallow Upland Prairie,dry upland prairie slope,dry upland prairie slope,"Dry; Low; Sun , Part Shade",,Medium,Optional,Publish with caveat,"Usable for public draft release, but should remain flagged as provisional until optional spot-check or field/GIS support is added.","LBJ/USDA/FNA/USACE support species habitat traits; NRCS/EPA/TPWD links support site/soil/ecoregion/vegetation validation, not species identity.",v1-online-public-draft,2026-05-27,leucophyllum-frutescens,https://www.wildflower.org/plants/result.php?id_plant=LEFR3,https://plants.usda.gov/home/basicSearchResults?searchString=Leucophyllum+frutescens,https://floranorthamerica.org/Special:Search?search=Leucophyllum+frutescens,https://floranorthamerica.org/Leucophyllum_frutescens,https://wetland-plants.sec.usace.army.mil/,https://websoilsurvey.nrcs.usda.gov/app/,https://edit.sc.egov.usda.gov/,https://www.epa.gov/eco-research/ecoregions,https://tpwd.texas.gov/landwater/land/programs/landscape-ecology/ems/,Karst Outcrops
Lindera benzoin,Lindera benzoin,196,Lindera benzoin,Lindera benzoin,"Northern Spicebush, Spicebush, Wild Allspice",Upland prairie and open grassland systems,Shallow Upland Prairie,sandy/loamy upland prairie or open field,sandy/loamy upland prairie or open field,"Dry , Moist , Wet; Medium; Sun , Part Shade , Shade; Medium","Region: AGCP AK AW CB EMP GP HI MW NCNE WMVE Status: FACW FAC FACW FACW FACW | This information is derived from: U.S. Army Corps of Engineers. (2023). 2022 National Wetland Plant List, version 3.6. U.S. Army Engineer Research and Development Center, Vicksburg, MS. | https://wetland-plants.usace.army.mil/ | . | Click here | for map of regions.",Medium,Optional,Publish with caveat,"Usable for public draft release, but should remain flagged as provisional until optional spot-check or field/GIS support is added.","LBJ/USDA/FNA/USACE support species habitat traits; NRCS/EPA/TPWD links support site/soil/ecoregion/vegetation validation, not species identity.",v1-online-public-draft,2026-05-27,lindera-benzoin,https://www.wildflower.org/plants/result.php?id_plant=LIBE3,https://plants.usda.gov/home/basicSearchResults?searchString=Lindera+benzoin,https://floranorthamerica.org/Special:Search?search=Lindera+benzoin,https://floranorthamerica.org/Lindera_benzoin,https://wetland-plants.sec.usace.army.mil/,https://websoilsurvey.nrcs.usda.gov/app/,https://edit.sc.egov.usda.gov/,https://www.epa.gov/eco-research/ecoregions,https://tpwd.texas.gov/landwater/land/programs/landscape-ecology/ems/,Karst Outcrops
Mahonia swaseyi,Mahonia swaseyi,197,Mahonia swaseyi,Mahonia swaseyi,"Texas Barberry, Texas Oregon-grape",Woodland and karst upland systems,Karst Outcrops,rocky calcareous limestone outcrop,rocky calcareous limestone outcrop,Sun,,High,No,Publish now,Literature-supported microregion assignment; field/GIS confirmation can be added in a later release.,"LBJ/USDA/FNA/USACE support species habitat traits; NRCS/EPA/TPWD links support site/soil/ecoregion/vegetation validation, not species identity.",v1-online-public-draft,2026-05-27,mahonia-swaseyi,https://www.wildflower.org/plants/result.php?id_plant=MASW,https://plants.usda.gov/home/basicSearchResults?searchString=Mahonia+swaseyi,https://floranorthamerica.org/Special:Search?search=Mahonia+swaseyi,https://floranorthamerica.org/Mahonia_swaseyi,https://wetland-plants.sec.usace.army.mil/,https://websoilsurvey.nrcs.usda.gov/app/,https://edit.sc.egov.usda.gov/,https://www.epa.gov/eco-research/ecoregions,https://tpwd.texas.gov/landwater/land/programs/landscape-ecology/ems/,
Mahonia trifoliolata,Mahonia trifoliolata,198,Mahonia trifoliolata,Mahonia trifoliolata,"Agarita, Agarito, Algerita, Laredo Mahonia, Laredo Oregon-grape, Trifoliate Barberry, Wild Currant",Woodland and karst upland systems,Karst Outcrops,"limestone ledge, cliff, or bluff","limestone ledge, cliff, or bluff","Dry , Moist; Low; Sun , Part Shade",,High,No,Publish now,Literature-supported microregion assignment; field/GIS confirmation can be added in a later release.,"LBJ/USDA/FNA/USACE support species habitat traits; NRCS/EPA/TPWD links support site/soil/ecoregion/vegetation validation, not species identity.",v1-online-public-draft,2026-05-27,mahonia-trifoliolata,https://www.wildflower.org/plants/result.php?id_plant=MATR3,https://plants.usda.gov/home/basicSearchResults?searchString=Mahonia+trifoliolata,https://floranorthamerica.org/Special:Search?search=Mahonia+trifoliolata,https://floranorthamerica.org/Mahonia_trifoliolata,https://wetland-plants.sec.usace.army.mil/,https://websoilsurvey.nrcs.usda.gov/app/,https://edit.sc.egov.usda.gov/,https://www.epa.gov/eco-research/ecoregions,https://tpwd.texas.gov/landwater/land/programs/landscape-ecology/ems/,Shallow Upland Prairie
Malvaviscus arboreus var. drummondii,Malvaviscus arboreus var. drummondii,199,Malvaviscus arboreus var. drummondii,Malvaviscus arboreus var. drummondii,Turks Cap,Woodland and karst upland systems,Upland Woodland,stream/river bank; limestone/caliche/calcareous; rocky/ledge/slope; deep clay/swale; woodland/wood edge; dry upland; moist mesic; shade/part shade,streams/wood edges/wooded limestone slopes and ledges,"Dry , Moist; Medium; Part Shade , Shade",,Medium,Optional,Publish with caveat,"Usable for public draft release, but should remain flagged as provisional until optional spot-check or field/GIS support is added.","LBJ/USDA/FNA/USACE support species habitat traits; NRCS/EPA/TPWD links support site/soil/ecoregion/vegetation validation, not species identity.",v1-online-public-draft,2026-05-27,malvaviscus-arboreus-var-drummondii,https://www.wildflower.org/plants/result.php?id_plant=MAARD,https://plants.usda.gov/home/basicSearchResults?searchString=Malvaviscus+arboreus+var.+drummondii,https://floranorthamerica.org/Special:Search?search=Malvaviscus+arboreus+var.+drummondii,https://floranorthamerica.org/Malvaviscus_arboreus_var_drummondii,https://wetland-plants.sec.usace.army.mil/,https://websoilsurvey.nrcs.usda.gov/app/,https://edit.sc.egov.usda.gov/,https://www.epa.gov/eco-research/ecoregions,https://tpwd.texas.gov/landwater/land/programs/landscape-ecology/ems/,Riparian Banks; Karst Outcrops; Mesic Canyons & Seeps; Shallow Upland Prairie
Mimosa borealis,Mimosa borealis,200,Mimosa borealis,Mimosa borealis,"Fragrant Mimosa, Pink Mimosa",Woodland and karst upland systems,Karst Outcrops,rocky calcareous limestone outcrop,rocky calcareous limestone outcrop,"Dry; Low; Sun , Part Shade",,High,No,Publish now,Literature-supported microregion assignment; field/GIS confirmation can be added in a later release.,"LBJ/USDA/FNA/USACE support species habitat traits; NRCS/EPA/TPWD links support site/soil/ecoregion/vegetation validation, not species identity.",v1-online-public-draft,2026-05-27,mimosa-borealis,https://www.wildflower.org/plants/result.php?id_plant=MIBO2,https://plants.usda.gov/home/basicSearchResults?searchString=Mimosa+borealis,https://floranorthamerica.org/Special:Search?search=Mimosa+borealis,https://floranorthamerica.org/Mimosa_borealis,https://wetland-plants.sec.usace.army.mil/,https://websoilsurvey.nrcs.usda.gov/app/,https://edit.sc.egov.usda.gov/,https://www.epa.gov/eco-research/ecoregions,https://tpwd.texas.gov/landwater/land/programs/landscape-ecology/ems/,
Mimosa texana,Mimosa texana,201,Mimosa texana,Mimosa texana,Texas Mimosa,Upland prairie and open grassland systems,Shallow Upland Prairie,dry upland prairie slope,dry upland prairie slope,Dry; Low; Part Shade,,High,No,Publish now,Literature-supported microregion assignment; field/GIS confirmation can be added in a later release.,"LBJ/USDA/FNA/USACE support species habitat traits; NRCS/EPA/TPWD links support site/soil/ecoregion/vegetation validation, not species identity.",v1-online-public-draft,2026-05-27,mimosa-texana,https://www.wildflower.org/plants/result.php?id_plant=MITE6,https://plants.usda.gov/home/basicSearchResults?searchString=Mimosa+texana,https://floranorthamerica.org/Special:Search?search=Mimosa+texana,https://floranorthamerica.org/Mimosa_texana,https://wetland-plants.sec.usace.army.mil/,https://websoilsurvey.nrcs.usda.gov/app/,https://edit.sc.egov.usda.gov/,https://www.epa.gov/eco-research/ecoregions,https://tpwd.texas.gov/landwater/land/programs/landscape-ecology/ems/,Deep Clay Prairie; Karst Outcrops
Pavonia lasiopetala,Pavonia lasiopetala,202,Pavonia lasiopetala,Pavonia lasiopetala,"Rock Rose, Rose Pavonia, Rose Mallow, Pavonia",Upland prairie and open grassland systems,Shallow Upland Prairie,dry upland prairie slope,dry upland prairie slope,"Dry; Low; Sun , Part Shade; High",,High,No,Publish now,Literature-supported microregion assignment; field/GIS confirmation can be added in a later release.,"LBJ/USDA/FNA/USACE support species habitat traits; NRCS/EPA/TPWD links support site/soil/ecoregion/vegetation validation, not species identity.",v1-online-public-draft,2026-05-27,pavonia-lasiopetala,https://www.wildflower.org/plants/result.php?id_plant=PALA13,https://plants.usda.gov/home/basicSearchResults?searchString=Pavonia+lasiopetala,https://floranorthamerica.org/Special:Search?search=Pavonia+lasiopetala,https://floranorthamerica.org/Pavonia_lasiopetala,https://wetland-plants.sec.usace.army.mil/,https://websoilsurvey.nrcs.usda.gov/app/,https://edit.sc.egov.usda.gov/,https://www.epa.gov/eco-research/ecoregions,https://tpwd.texas.gov/landwater/land/programs/landscape-ecology/ems/,Upland Woodland
Philadelphus texensis,Philadelphus texensis,203,Philadelphus texensis,Philadelphus texensis,Texas Mock Orange,Upland prairie and open grassland systems,Shallow Upland Prairie,sandy/loamy upland prairie or open field,sandy/loamy upland prairie or open field,Dry; Low; Part Shade,,High,No,Publish now,Literature-supported microregion assignment; field/GIS confirmation can be added in a later release.,"LBJ/USDA/FNA/USACE support species habitat traits; NRCS/EPA/TPWD links support site/soil/ecoregion/vegetation validation, not species identity.",v1-online-public-draft,2026-05-27,philadelphus-texensis,https://www.wildflower.org/plants/result.php?id_plant=PHTE3,https://plants.usda.gov/home/basicSearchResults?searchString=Philadelphus+texensis,https://floranorthamerica.org/Special:Search?search=Philadelphus+texensis,https://floranorthamerica.org/Philadelphus_texensis,https://wetland-plants.sec.usace.army.mil/,https://websoilsurvey.nrcs.usda.gov/app/,https://edit.sc.egov.usda.gov/,https://www.epa.gov/eco-research/ecoregions,https://tpwd.texas.gov/landwater/land/programs/landscape-ecology/ems/,Karst Outcrops; Deep Clay Prairie
Rhus aromatica,Rhus aromatica,204,Rhus aromatica,Rhus aromatica,"Fragrant Sumac, Aromatic Sumac, Lemon Sumac, Polecat Bush",Upland prairie and open grassland systems,Shallow Upland Prairie,sandy/loamy upland prairie or open field,sandy/loamy upland prairie or open field,"Dry , Moist; Low; Sun , Part Shade , Shade","Region: AGCP AK AW CB EMP GP HI MW NCNE WMVE Status: UPL FACU UPL UPL UPL UPL UPL | This information is derived from: U.S. Army Corps of Engineers. (2023). 2022 National Wetland Plant List, version 3.6. U.S. Army Engineer Research and Development Center, Vicksburg, MS. | https://wetland-plants.usace.army.mil/ | . | Click here | for map of regions.",High,No,Publish now,Literature-supported microregion assignment; field/GIS confirmation can be added in a later release.,"LBJ/USDA/FNA/USACE support species habitat traits; NRCS/EPA/TPWD links support site/soil/ecoregion/vegetation validation, not species identity.",v1-online-public-draft,2026-05-27,rhus-aromatica,https://www.wildflower.org/plants/result.php?id_plant=RHAR4,https://plants.usda.gov/home/basicSearchResults?searchString=Rhus+aromatica,https://floranorthamerica.org/Special:Search?search=Rhus+aromatica,https://floranorthamerica.org/Rhus_aromatica,https://wetland-plants.sec.usace.army.mil/,https://websoilsurvey.nrcs.usda.gov/app/,https://edit.sc.egov.usda.gov/,https://www.epa.gov/eco-research/ecoregions,https://tpwd.texas.gov/landwater/land/programs/landscape-ecology/ems/,
Rhus microphylla,Rhus microphylla,205,Rhus microphylla,Rhus microphylla,Littleleaf Sumac,Woodland and karst upland systems,Karst Outcrops,rocky calcareous limestone outcrop,rocky calcareous limestone outcrop,Dry; Low; Part Shade; High,,Medium,Optional,Publish with caveat,"Usable for public draft release, but should remain flagged as provisional until optional spot-check or field/GIS support is added.","LBJ/USDA/FNA/USACE support species habitat traits; NRCS/EPA/TPWD links support site/soil/ecoregion/vegetation validation, not species identity.",v1-online-public-draft,2026-05-27,rhus-microphylla,https://www.wildflower.org/plants/result.php?id_plant=RHMI3,https://plants.usda.gov/home/basicSearchResults?searchString=Rhus+microphylla,https://floranorthamerica.org/Special:Search?search=Rhus+microphylla,https://floranorthamerica.org/Rhus_microphylla,https://wetland-plants.sec.usace.army.mil/,https://websoilsurvey.nrcs.usda.gov/app/,https://edit.sc.egov.usda.gov/,https://www.epa.gov/eco-research/ecoregions,https://tpwd.texas.gov/landwater/land/programs/landscape-ecology/ems/,Shallow Upland Prairie
Rhus virens,Rhus virens,206,Rhus virens,Rhus virens,"Evergreen Sumac, Tobacco Sumac, Lambrisco, Lentrisco",Woodland and karst upland systems,Karst Outcrops,"limestone ledge, cliff, or bluff","limestone ledge, cliff, or bluff","Dry; Low; Sun , Part Shade; High",,High,No,Publish now,Literature-supported microregion assignment; field/GIS confirmation can be added in a later release.,"LBJ/USDA/FNA/USACE support species habitat traits; NRCS/EPA/TPWD links support site/soil/ecoregion/vegetation validation, not species identity.",v1-online-public-draft,2026-05-27,rhus-virens,https://www.wildflower.org/plants/result.php?id_plant=RHVI3,https://plants.usda.gov/home/basicSearchResults?searchString=Rhus+virens,https://floranorthamerica.org/Special:Search?search=Rhus+virens,https://floranorthamerica.org/Rhus_virens,https://wetland-plants.sec.usace.army.mil/,https://websoilsurvey.nrcs.usda.gov/app/,https://edit.sc.egov.usda.gov/,https://www.epa.gov/eco-research/ecoregions,https://tpwd.texas.gov/landwater/land/programs/landscape-ecology/ems/,Shallow Upland Prairie
Sambucus nigra ssp. canadensis,Sambucus nigra ssp. canadensis,207,Sambucus nigra ssp. canadensis,Sambucus nigra ssp. canadensis,Common Elderberry,Riparian and floodplain systems,Riparian Banks,alluvial floodplain or creek terrace,alluvial floodplain or creek terrace,Wet; Medium; Part Shade; Medium,,Medium,Optional,Publish with caveat,"Usable for public draft release, but should remain flagged as provisional until optional spot-check or field/GIS support is added.","LBJ/USDA/FNA/USACE support species habitat traits; NRCS/EPA/TPWD links support site/soil/ecoregion/vegetation validation, not species identity.",v1-online-public-draft,2026-05-27,sambucus-nigra-ssp-canadensis,https://www.wildflower.org/plants/result.php?id_plant=SANIC4,https://plants.usda.gov/home/basicSearchResults?searchString=Sambucus+nigra+ssp.+canadensis,https://floranorthamerica.org/Special:Search?search=Sambucus+nigra+ssp.+canadensis,https://floranorthamerica.org/Sambucus_nigra_ssp_canadensis,https://wetland-plants.sec.usace.army.mil/,https://websoilsurvey.nrcs.usda.gov/app/,https://edit.sc.egov.usda.gov/,https://www.epa.gov/eco-research/ecoregions,https://tpwd.texas.gov/landwater/land/programs/landscape-ecology/ems/,Ecotone / Edge Thicket; Shallow Upland Prairie; Aquatic / Spring Runs; Upland Woodland
Symphoricarpos orbiculatus,Symphoricarpos orbiculatus,208,Symphoricarpos orbiculatus,Symphoricarpos orbiculatus,"Coralberry, Indian Currant, Buckbrush",Upland prairie and open grassland systems,Shallow Upland Prairie,sandy/loamy upland prairie or open field,sandy/loamy upland prairie or open field,"Dry , Moist; Low , Medium; Part Shade , Shade; Low","Region: AGCP AK AW CB EMP GP HI MW NCNE WMVE Status: FACU UPL FACU FACU FACU FACU UPL | This information is derived from: U.S. Army Corps of Engineers. (2023). 2022 National Wetland Plant List, version 3.6. U.S. Army Engineer Research and Development Center, Vicksburg, MS. | https://wetland-plants.usace.army.mil/ | . | Click here | for map of regions.",High,No,Publish now,Literature-supported microregion assignment; field/GIS confirmation can be added in a later release.,"LBJ/USDA/FNA/USACE support species habitat traits; NRCS/EPA/TPWD links support site/soil/ecoregion/vegetation validation, not species identity.",v1-online-public-draft,2026-05-27,symphoricarpos-orbiculatus,https://www.wildflower.org/plants/result.php?id_plant=SYOR,https://plants.usda.gov/home/basicSearchResults?searchString=Symphoricarpos+orbiculatus,https://floranorthamerica.org/Special:Search?search=Symphoricarpos+orbiculatus,https://floranorthamerica.org/Symphoricarpos_orbiculatus,https://wetland-plants.sec.usace.army.mil/,https://websoilsurvey.nrcs.usda.gov/app/,https://edit.sc.egov.usda.gov/,https://www.epa.gov/eco-research/ecoregions,https://tpwd.texas.gov/landwater/land/programs/landscape-ecology/ems/,
Tecoma stans,Tecoma stans,209,Tecoma stans,Tecoma stans,Yellow Bells,Woodland and karst upland systems,Karst Outcrops,ravine/canyon/depression/arroyo; limestone/caliche/calcareous; rocky/ledge/slope/ridge; dry upland; sunny open; shade/part shade,"dry rocky limestone hillsides, slopes, and canyons","Dry; Low; Sun , Part Shade; High; High","Region: AGCP AK AW CB EMP GP HI MW NCNE WMVE Status: UPL UPL UPL UPL FACU UPL | This information is derived from: U.S. Army Corps of Engineers. (2023). 2022 National Wetland Plant List, version 3.6. U.S. Army Engineer Research and Development Center, Vicksburg, MS. | https://wetland-plants.usace.army.mil/ | . | Click here | for map of regions.",High,No,Publish now,Literature-supported microregion assignment; field/GIS confirmation can be added in a later release.,"LBJ/USDA/FNA/USACE support species habitat traits; NRCS/EPA/TPWD links support site/soil/ecoregion/vegetation validation, not species identity.",v1-online-public-draft,2026-05-27,tecoma-stans,https://www.wildflower.org/plants/result.php?id_plant=TEST,https://plants.usda.gov/home/basicSearchResults?searchString=Tecoma+stans,https://floranorthamerica.org/Special:Search?search=Tecoma+stans,https://floranorthamerica.org/Tecoma_stans,https://wetland-plants.sec.usace.army.mil/,https://websoilsurvey.nrcs.usda.gov/app/,https://edit.sc.egov.usda.gov/,https://www.epa.gov/eco-research/ecoregions,https://tpwd.texas.gov/landwater/land/programs/landscape-ecology/ems/,Mesic Canyons & Seeps; Shallow Upland Prairie
Viguiera dentata,Viguiera dentata,210,Viguiera dentata,Viguiera dentata,Toothleaf goldeneye,Upland prairie and open grassland systems,Shallow Upland Prairie,sandy/loamy upland prairie or open field,sandy/loamy upland prairie or open field,Dry; Medium; Part Shade,,High,No,Publish now,Literature-supported microregion assignment; field/GIS confirmation can be added in a later release.,"LBJ/USDA/FNA/USACE support species habitat traits; NRCS/EPA/TPWD links support site/soil/ecoregion/vegetation validation, not species identity.",v1-online-public-draft,2026-05-27,viguiera-dentata,https://www.wildflower.org/plants/result.php?id_plant=VIDE3,https://plants.usda.gov/home/basicSearchResults?searchString=Viguiera+dentata,https://floranorthamerica.org/Special:Search?search=Viguiera+dentata,https://floranorthamerica.org/Viguiera_dentata,https://wetland-plants.sec.usace.army.mil/,https://websoilsurvey.nrcs.usda.gov/app/,https://edit.sc.egov.usda.gov/,https://www.epa.gov/eco-research/ecoregions,https://tpwd.texas.gov/landwater/land/programs/landscape-ecology/ems/,Karst Outcrops
Senna lindheimeriana,Senna lindheimeriana,211,Senna lindheimeriana,Senna lindheimeriana,"Lindheimer's Senna, Velvet Leaf Senna, Velvetleaf Senna, Velvet-leaf Wild Sensitive-plant, Puppy-dog Ears",Upland prairie and open grassland systems,Shallow Upland Prairie,sandy/loamy upland prairie or open field,sandy/loamy upland prairie or open field,"Dry; Low; Sun , Part Shade",,High,No,Publish now,Literature-supported microregion assignment; field/GIS confirmation can be added in a later release.,"LBJ/USDA/FNA/USACE support species habitat traits; NRCS/EPA/TPWD links support site/soil/ecoregion/vegetation validation, not species identity.",v1-online-public-draft,2026-05-27,senna-lindheimeriana,https://www.wildflower.org/plants/result.php?id_plant=SELI4,https://plants.usda.gov/home/basicSearchResults?searchString=Senna+lindheimeriana,https://floranorthamerica.org/Special:Search?search=Senna+lindheimeriana,https://floranorthamerica.org/Senna_lindheimeriana,https://wetland-plants.sec.usace.army.mil/,https://websoilsurvey.nrcs.usda.gov/app/,https://edit.sc.egov.usda.gov/,https://www.epa.gov/eco-research/ecoregions,https://tpwd.texas.gov/landwater/land/programs/landscape-ecology/ems/,Karst Outcrops
Cornus drummondii,Cornus drummondii,212,Cornus drummondii,Cornus drummondii,"Roughleaf Dogwood, Drummond's Dogwood, Rough-leaf Dogwood",Woodland and karst upland systems,Karst Outcrops,rocky calcareous limestone outcrop,rocky calcareous limestone outcrop,"Dry , Moist; Low; Part Shade , Shade; Low","Region: AGCP AK AW CB EMP GP HI MW NCNE WMVE Status: FAC FAC FAC FAC FAC | This information is derived from: U.S. Army Corps of Engineers. (2023). 2022 National Wetland Plant List, version 3.6. U.S. Army Engineer Research and Development Center, Vicksburg, MS. | https://wetland-plants.usace.army.mil/ | . | Click here | for map of regions.",Medium,Optional,Publish with caveat,"Usable for public draft release, but should remain flagged as provisional until optional spot-check or field/GIS support is added.","LBJ/USDA/FNA/USACE support species habitat traits; NRCS/EPA/TPWD links support site/soil/ecoregion/vegetation validation, not species identity.",v1-online-public-draft,2026-05-27,cornus-drummondii,https://www.wildflower.org/plants/result.php?id_plant=CODR,https://plants.usda.gov/home/basicSearchResults?searchString=Cornus+drummondii,https://floranorthamerica.org/Special:Search?search=Cornus+drummondii,https://floranorthamerica.org/Cornus_drummondii,https://wetland-plants.sec.usace.army.mil/,https://websoilsurvey.nrcs.usda.gov/app/,https://edit.sc.egov.usda.gov/,https://www.epa.gov/eco-research/ecoregions,https://tpwd.texas.gov/landwater/land/programs/landscape-ecology/ems/,Shallow Upland Prairie; Aquatic / Spring Runs; Upland Woodland
Dermatophyllum secundiflorum,Dermatophyllum secundiflorum,213,Dermatophyllum secundiflorum,Dermatophyllum secundiflorum,Texas Mountain Laurel,Woodland and karst upland systems,Karst Outcrops,rocky calcareous limestone outcrop,rocky calcareous limestone outcrop,"Dry , Moist; Low , Medium; Sun , Part Shade; High; High",,Medium,Optional,Publish with caveat,"Usable for public draft release, but should remain flagged as provisional until optional spot-check or field/GIS support is added.","LBJ/USDA/FNA/USACE support species habitat traits; NRCS/EPA/TPWD links support site/soil/ecoregion/vegetation validation, not species identity.",v1-online-public-draft,2026-05-27,dermatophyllum-secundiflorum,https://www.wildflower.org/plants/result.php?id_plant=DESE5,https://plants.usda.gov/home/basicSearchResults?searchString=Dermatophyllum+secundiflorum,https://floranorthamerica.org/Special:Search?search=Dermatophyllum+secundiflorum,https://floranorthamerica.org/Dermatophyllum_secundiflorum,https://wetland-plants.sec.usace.army.mil/,https://websoilsurvey.nrcs.usda.gov/app/,https://edit.sc.egov.usda.gov/,https://www.epa.gov/eco-research/ecoregions,https://tpwd.texas.gov/landwater/land/programs/landscape-ecology/ems/,Shallow Upland Prairie
Ilex decidua,Ilex decidua,214,Ilex decidua,Ilex decidua,"Possumhaw, Possumhaw Holly, Deciduous Holly, Meadow Holly, Prairie Holly, Swamp Holly, Welk Holly, Deciduous Yaupon, Bearberry, Winterberry",Upland prairie and open grassland systems,Shallow Upland Prairie,sandy/loamy upland prairie or open field,sandy/loamy upland prairie or open field,"Moist; Medium; Sun , Part Shade; Low","Region: AGCP AK AW CB EMP GP HI MW NCNE WMVE Status: FACW FACW FAC FACW | This information is derived from: U.S. Army Corps of Engineers. (2023). 2022 National Wetland Plant List, version 3.6. U.S. Army Engineer Research and Development Center, Vicksburg, MS. | https://wetland-plants.usace.army.mil/ | . | Click here | for map of regions.",Medium,Optional,Publish with caveat,"Usable for public draft release, but should remain flagged as provisional until optional spot-check or field/GIS support is added.","LBJ/USDA/FNA/USACE support species habitat traits; NRCS/EPA/TPWD links support site/soil/ecoregion/vegetation validation, not species identity.",v1-online-public-draft,2026-05-27,ilex-decidua,https://www.wildflower.org/plants/result.php?id_plant=ILDE,https://plants.usda.gov/home/basicSearchResults?searchString=Ilex+decidua,https://floranorthamerica.org/Special:Search?search=Ilex+decidua,https://floranorthamerica.org/Ilex_decidua,https://wetland-plants.sec.usace.army.mil/,https://websoilsurvey.nrcs.usda.gov/app/,https://edit.sc.egov.usda.gov/,https://www.epa.gov/eco-research/ecoregions,https://tpwd.texas.gov/landwater/land/programs/landscape-ecology/ems/,Deep Clay Prairie; Upland Woodland; Riparian Banks; Karst Outcrops
Ilex vomitoria,Ilex vomitoria,215,Ilex vomitoria,Ilex vomitoria,"Yaupon, Yaupon Holly, Cassina",Woodland and karst upland systems,Upland Woodland,limestone/caliche/calcareous; deep clay/swale; woodland/wood edge; dry upland; moist mesic; sunny open; shade/part shade,woods/hammocks/sandy pinelands/limestone uplands; broad woody habitat,"Dry , Moist; Low; Sun , Part Shade , Shade; Low","Region: AGCP AK AW CB EMP GP HI MW NCNE WMVE Status: FAC FAC FAC | This information is derived from: U.S. Army Corps of Engineers. (2023). 2022 National Wetland Plant List, version 3.6. U.S. Army Engineer Research and Development Center, Vicksburg, MS. | https://wetland-plants.usace.army.mil/ | . | Click here | for map of regions.",Medium,Optional,Publish with caveat,"Usable for public draft release, but should remain flagged as provisional until optional spot-check or field/GIS support is added.","LBJ/USDA/FNA/USACE support species habitat traits; NRCS/EPA/TPWD links support site/soil/ecoregion/vegetation validation, not species identity.",v1-online-public-draft,2026-05-27,ilex-vomitoria,https://www.wildflower.org/plants/result.php?id_plant=ILVO,https://plants.usda.gov/home/basicSearchResults?searchString=Ilex+vomitoria,https://floranorthamerica.org/Special:Search?search=Ilex+vomitoria,https://floranorthamerica.org/Ilex_vomitoria,https://wetland-plants.sec.usace.army.mil/,https://websoilsurvey.nrcs.usda.gov/app/,https://edit.sc.egov.usda.gov/,https://www.epa.gov/eco-research/ecoregions,https://tpwd.texas.gov/landwater/land/programs/landscape-ecology/ems/,Karst Outcrops; Riparian Banks; Ecotone / Edge Thicket; Shallow Upland Prairie
Leucaena retusa,Leucaena retusa,216,Leucaena retusa,Leucaena retusa,"Goldenball Leadtree, Littleleaf Leadtree, Little Leucaena, Lemonball, Wahoo Tree",Woodland and karst upland systems,Karst Outcrops,rocky calcareous limestone outcrop,rocky calcareous limestone outcrop,Dry; Low; Part Shade; High,,High,No,Publish now,Literature-supported microregion assignment; field/GIS confirmation can be added in a later release.,"LBJ/USDA/FNA/USACE support species habitat traits; NRCS/EPA/TPWD links support site/soil/ecoregion/vegetation validation, not species identity.",v1-online-public-draft,2026-05-27,leucaena-retusa,https://www.wildflower.org/plants/result.php?id_plant=LERE5,https://plants.usda.gov/home/basicSearchResults?searchString=Leucaena+retusa,https://floranorthamerica.org/Special:Search?search=Leucaena+retusa,https://floranorthamerica.org/Leucaena_retusa,https://wetland-plants.sec.usace.army.mil/,https://websoilsurvey.nrcs.usda.gov/app/,https://edit.sc.egov.usda.gov/,https://www.epa.gov/eco-research/ecoregions,https://tpwd.texas.gov/landwater/land/programs/landscape-ecology/ems/,Shallow Upland Prairie
Prunus angustifolia,Prunus angustifolia,217,Prunus angustifolia,Prunus angustifolia,"Chickasaw Plum, Sandhill Plum",Upland prairie and open grassland systems,Shallow Upland Prairie,sandy/loamy upland prairie or open field,sandy/loamy upland prairie or open field,"Dry; Low , Medium; Sun , Part Shade; High",,High,No,Publish now,Literature-supported microregion assignment; field/GIS confirmation can be added in a later release.,"LBJ/USDA/FNA/USACE support species habitat traits; NRCS/EPA/TPWD links support site/soil/ecoregion/vegetation validation, not species identity.",v1-online-public-draft,2026-05-27,prunus-angustifolia,https://www.wildflower.org/plants/result.php?id_plant=PRAN3,https://plants.usda.gov/home/basicSearchResults?searchString=Prunus+angustifolia,https://floranorthamerica.org/Special:Search?search=Prunus+angustifolia,https://floranorthamerica.org/Prunus_angustifolia,https://wetland-plants.sec.usace.army.mil/,https://websoilsurvey.nrcs.usda.gov/app/,https://edit.sc.egov.usda.gov/,https://www.epa.gov/eco-research/ecoregions,https://tpwd.texas.gov/landwater/land/programs/landscape-ecology/ems/,Shallow Upland Prairie
Rhus lanceolata,Rhus lanceolata,218,Rhus lanceolata,Rhus lanceolata,"Prairie Flameleaf Sumac, Flameleaf Sumac, Prairie Sumac, Lance-leaf Sumac, Lance-leaved Sumac, Texas Sumac, Tree Sumac, Limestone Sumac, Prairie Shining Sumac",Upland prairie and open grassland systems,Shallow Upland Prairie,sandy/loamy upland prairie or open field,sandy/loamy upland prairie or open field,"Dry; Low , Medium; Sun; High",,High,No,Publish now,Literature-supported microregion assignment; field/GIS confirmation can be added in a later release.,"LBJ/USDA/FNA/USACE support species habitat traits; NRCS/EPA/TPWD links support site/soil/ecoregion/vegetation validation, not species identity.",v1-online-public-draft,2026-05-27,rhus-lanceolata,https://www.wildflower.org/plants/result.php?id_plant=RHLA3,https://plants.usda.gov/home/basicSearchResults?searchString=Rhus+lanceolata,https://floranorthamerica.org/Special:Search?search=Rhus+lanceolata,https://floranorthamerica.org/Rhus_lanceolata,https://wetland-plants.sec.usace.army.mil/,https://websoilsurvey.nrcs.usda.gov/app/,https://edit.sc.egov.usda.gov/,https://www.epa.gov/eco-research/ecoregions,https://tpwd.texas.gov/landwater/land/programs/landscape-ecology/ems/,
Sambucus nigra,Sambucus nigra,219,Sambucus nigra,Sambucus nigra,Black Elderberry,Riparian and floodplain systems,Riparian Banks,stream/river bank; floodplain/bottomland; woodland/wood edge; moist mesic; sunny open; shade/part shade,"moist low woods, stream edges, bottomlands, thickets",,"Region: AGCP AK AW CB EMP GP HI MW NCNE WMVE Status: FACW FACU FAC FAC FAC FACU FAC FACW FAC | This information is derived from: U.S. Army Corps of Engineers. (2023). 2022 National Wetland Plant List, version 3.6. U.S. Army Engineer Research and Development Center, Vicksburg, MS. | https://wetland-plants.usace.army.mil/ | . | Click here | for map of regions.",High,No,Publish now,Literature-supported microregion assignment; field/GIS confirmation can be added in a later release.,"LBJ/USDA/FNA/USACE support species habitat traits; NRCS/EPA/TPWD links support site/soil/ecoregion/vegetation validation, not species identity.",v1-online-public-draft,2026-05-27,sambucus-nigra,https://www.wildflower.org/plants/result.php?id_plant=SANI4,https://plants.usda.gov/home/basicSearchResults?searchString=Sambucus+nigra,https://floranorthamerica.org/Special:Search?search=Sambucus+nigra,https://floranorthamerica.org/Sambucus_nigra,https://wetland-plants.sec.usace.army.mil/,https://websoilsurvey.nrcs.usda.gov/app/,https://edit.sc.egov.usda.gov/,https://www.epa.gov/eco-research/ecoregions,https://tpwd.texas.gov/landwater/land/programs/landscape-ecology/ems/,Mesic Canyons & Seeps; Ecotone / Edge Thicket
Senegalia greggii,Senegalia greggii,220,Senegalia greggii,Senegalia greggii,"Gregg Acacia, Gregg's Acacia, Gregg Catclaw Acacia, Gregg's Catclaw Acacia, Gregg Catclaw, Gregg's Catclaw, Texas Catclaw Acacia, Texas Catclaw, Long-flowered Catclaw Acacia, Longflower Catclaw Acacia, Long-flowered Catclaw, Longflower Catclaw, Catclaw Acacia, Catclaw, Devil's Claw, Uña De Gato",Woodland and karst upland systems,Karst Outcrops,rocky calcareous limestone outcrop,rocky calcareous limestone outcrop,Dry; Low; Sun; High,"Region: AGCP AK AW CB EMP GP HI MW NCNE WMVE Status: FACU UPL FACU | This information is derived from: U.S. Army Corps of Engineers. (2023). 2022 National Wetland Plant List, version 3.6. U.S. Army Engineer Research and Development Center, Vicksburg, MS. | https://wetland-plants.usace.army.mil/ | . | Click here | for map of regions.",Medium,Optional,Publish with caveat,"Usable for public draft release, but should remain flagged as provisional until optional spot-check or field/GIS support is added.","LBJ/USDA/FNA/USACE support species habitat traits; NRCS/EPA/TPWD links support site/soil/ecoregion/vegetation validation, not species identity.",v1-online-public-draft,2026-05-27,senegalia-greggii,https://www.wildflower.org/plants/result.php?id_plant=SEGR4,https://plants.usda.gov/home/basicSearchResults?searchString=Senegalia+greggii,https://floranorthamerica.org/Special:Search?search=Senegalia+greggii,https://floranorthamerica.org/Senegalia_greggii,https://wetland-plants.sec.usace.army.mil/,https://websoilsurvey.nrcs.usda.gov/app/,https://edit.sc.egov.usda.gov/,https://www.epa.gov/eco-research/ecoregions,https://tpwd.texas.gov/landwater/land/programs/landscape-ecology/ems/,Shallow Upland Prairie
Senegalia wrightii,Senegalia wrightii,221,Senegalia wrightii,Senegalia wrightii,"Wright Acacia, Wright's Acacia, Catclaw Acacia, Catclaw",Woodland and karst upland systems,Karst Outcrops,rocky calcareous limestone outcrop,rocky calcareous limestone outcrop,"Dry; Low; Sun , Part Shade; High",,Medium,Optional,Publish with caveat,"Usable for public draft release, but should remain flagged as provisional until optional spot-check or field/GIS support is added.","LBJ/USDA/FNA/USACE support species habitat traits; NRCS/EPA/TPWD links support site/soil/ecoregion/vegetation validation, not species identity.",v1-online-public-draft,2026-05-27,senegalia-wrightii,https://www.wildflower.org/plants/result.php?id_plant=SEWR4,https://plants.usda.gov/home/basicSearchResults?searchString=Senegalia+wrightii,https://floranorthamerica.org/Special:Search?search=Senegalia+wrightii,https://floranorthamerica.org/Senegalia_wrightii,https://wetland-plants.sec.usace.army.mil/,https://websoilsurvey.nrcs.usda.gov/app/,https://edit.sc.egov.usda.gov/,https://www.epa.gov/eco-research/ecoregions,https://tpwd.texas.gov/landwater/land/programs/landscape-ecology/ems/,Shallow Upland Prairie; Riparian Banks
Vachellia farnesiana,Vachellia farnesiana,222,Vachellia farnesiana,Vachellia farnesiana,"Huisache, Texas Huisache, Sweet Acacia, Perfume Acacia, Mealy Acacia, Mealy Wattle, Cassie",Upland prairie and open grassland systems,Shallow Upland Prairie,sandy/loamy upland prairie or open field,sandy/loamy upland prairie or open field,Dry; Low; Sun; High; High,"Region: AGCP AK AW CB EMP GP HI MW NCNE WMVE Status: FACU FACU FACU FACU UPL FACU | This information is derived from: U.S. Army Corps of Engineers. (2023). 2022 National Wetland Plant List, version 3.6. U.S. Army Engineer Research and Development Center, Vicksburg, MS. | https://wetland-plants.usace.army.mil/ | . | Click here | for map of regions.",High,No,Publish now,Literature-supported microregion assignment; field/GIS confirmation can be added in a later release.,"LBJ/USDA/FNA/USACE support species habitat traits; NRCS/EPA/TPWD links support site/soil/ecoregion/vegetation validation, not species identity.",v1-online-public-draft,2026-05-27,vachellia-farnesiana,https://www.wildflower.org/plants/result.php?id_plant=VAFA,https://plants.usda.gov/home/basicSearchResults?searchString=Vachellia+farnesiana,https://floranorthamerica.org/Special:Search?search=Vachellia+farnesiana,https://floranorthamerica.org/Vachellia_farnesiana,https://wetland-plants.sec.usace.army.mil/,https://websoilsurvey.nrcs.usda.gov/app/,https://edit.sc.egov.usda.gov/,https://www.epa.gov/eco-research/ecoregions,https://tpwd.texas.gov/landwater/land/programs/landscape-ecology/ems/,Karst Outcrops; Deep Clay Prairie
Viburnum rufidulum,Viburnum rufidulum,223,Viburnum rufidulum,Viburnum rufidulum,"Rusty Blackhaw Viburnum, Rusty Blackhaw, Southern Blackhaw, Blackhaw, Bluehaw, Downy Viburnum, Southern Nannyberry, Rusty Nannyberry, Nannyberry",Upland prairie and open grassland systems,Shallow Upland Prairie,sandy/loamy upland prairie or open field,sandy/loamy upland prairie or open field,Dry; Low; Part Shade,"Region: AGCP AK AW CB EMP GP HI MW NCNE WMVE Status: UPL FACU UPL FACU FACU | This information is derived from: U.S. Army Corps of Engineers. (2023). 2022 National Wetland Plant List, version 3.6. U.S. Army Engineer Research and Development Center, Vicksburg, MS. | https://wetland-plants.usace.army.mil/ | . | Click here | for map of regions.",High,No,Publish now,Literature-supported microregion assignment; field/GIS confirmation can be added in a later release.,"LBJ/USDA/FNA/USACE support species habitat traits; NRCS/EPA/TPWD links support site/soil/ecoregion/vegetation validation, not species identity.",v1-online-public-draft,2026-05-27,viburnum-rufidulum,https://www.wildflower.org/plants/result.php?id_plant=VIRU,https://plants.usda.gov/home/basicSearchResults?searchString=Viburnum+rufidulum,https://floranorthamerica.org/Special:Search?search=Viburnum+rufidulum,https://floranorthamerica.org/Viburnum_rufidulum,https://wetland-plants.sec.usace.army.mil/,https://websoilsurvey.nrcs.usda.gov/app/,https://edit.sc.egov.usda.gov/,https://www.epa.gov/eco-research/ecoregions,https://tpwd.texas.gov/landwater/land/programs/landscape-ecology/ems/,Riparian Banks
Abutilon fruticosum,Abutilon fruticosum,224,Abutilon fruticosum,Abutilon fruticosum,"Indian Mallow, Texas Indian Mallow",Woodland and karst upland systems,Karst Outcrops,"limestone ledge, cliff, or bluff","limestone ledge, cliff, or bluff",Dry; Low; Sun,,Medium,Optional,Publish with caveat,"Usable for public draft release, but should remain flagged as provisional until optional spot-check or field/GIS support is added.","LBJ/USDA/FNA/USACE support species habitat traits; NRCS/EPA/TPWD links support site/soil/ecoregion/vegetation validation, not species identity.",v1-online-public-draft,2026-05-27,abutilon-fruticosum,https://www.wildflower.org/plants/result.php?id_plant=ABFR3,https://plants.usda.gov/home/basicSearchResults?searchString=Abutilon+fruticosum,https://floranorthamerica.org/Special:Search?search=Abutilon+fruticosum,https://floranorthamerica.org/Abutilon_fruticosum,https://wetland-plants.sec.usace.army.mil/,https://websoilsurvey.nrcs.usda.gov/app/,https://edit.sc.egov.usda.gov/,https://www.epa.gov/eco-research/ecoregions,https://tpwd.texas.gov/landwater/land/programs/landscape-ecology/ems/,Shallow Upland Prairie
Chrysactinia mexicana,Chrysactinia mexicana,225,Chrysactinia mexicana,Chrysactinia mexicana,Damianita,Woodland and karst upland systems,Karst Outcrops,rocky calcareous limestone outcrop,rocky calcareous limestone outcrop,Dry; Low; Sun; High,,High,No,Publish now,Literature-supported microregion assignment; field/GIS confirmation can be added in a later release.,"LBJ/USDA/FNA/USACE support species habitat traits; NRCS/EPA/TPWD links support site/soil/ecoregion/vegetation validation, not species identity.",v1-online-public-draft,2026-05-27,chrysactinia-mexicana,https://www.wildflower.org/plants/result.php?id_plant=CHME3,https://plants.usda.gov/home/basicSearchResults?searchString=Chrysactinia+mexicana,https://floranorthamerica.org/Special:Search?search=Chrysactinia+mexicana,https://floranorthamerica.org/Chrysactinia_mexicana,https://wetland-plants.sec.usace.army.mil/,https://websoilsurvey.nrcs.usda.gov/app/,https://edit.sc.egov.usda.gov/,https://www.epa.gov/eco-research/ecoregions,https://tpwd.texas.gov/landwater/land/programs/landscape-ecology/ems/,
Dalea frutescens,Dalea frutescens,226,Dalea frutescens,Dalea frutescens,"Black Dalea, Black Prairie Clover",Upland prairie and open grassland systems,Shallow Upland Prairie,sandy/loamy upland prairie or open field,sandy/loamy upland prairie or open field,Dry; Low; Sun,,High,No,Publish now,Literature-supported microregion assignment; field/GIS confirmation can be added in a later release.,"LBJ/USDA/FNA/USACE support species habitat traits; NRCS/EPA/TPWD links support site/soil/ecoregion/vegetation validation, not species identity.",v1-online-public-draft,2026-05-27,dalea-frutescens,https://www.wildflower.org/plants/result.php?id_plant=DAFR2,https://plants.usda.gov/home/basicSearchResults?searchString=Dalea+frutescens,https://floranorthamerica.org/Special:Search?search=Dalea+frutescens,https://floranorthamerica.org/Dalea_frutescens,https://wetland-plants.sec.usace.army.mil/,https://websoilsurvey.nrcs.usda.gov/app/,https://edit.sc.egov.usda.gov/,https://www.epa.gov/eco-research/ecoregions,https://tpwd.texas.gov/landwater/land/programs/landscape-ecology/ems/,Karst Outcrops
Penstemon baccharifolius,Penstemon baccharifolius,227,Penstemon baccharifolius,Penstemon baccharifolius,"Rock Penstemon, Rock Beardtongue, Cut-leaf Penstemon, Cut-leaf Beardtongue, Baccharis-leaf Penstemon, Baccharis-leaf Beardtongue",Woodland and karst upland systems,Karst Outcrops,"limestone ledge, cliff, or bluff","limestone ledge, cliff, or bluff","Dry; Low; Sun , Part Shade","Region: AGCP AK AW CB EMP GP HI MW NCNE WMVE Status: FACU FACU | This information is derived from: U.S. Army Corps of Engineers. (2023). 2022 National Wetland Plant List, version 3.6. U.S. Army Engineer Research and Development Center, Vicksburg, MS. | https://wetland-plants.usace.army.mil/ | . | Click here | for map of regions.",High,No,Publish now,Literature-supported microregion assignment; field/GIS confirmation can be added in a later release.,"LBJ/USDA/FNA/USACE support species habitat traits; NRCS/EPA/TPWD links support site/soil/ecoregion/vegetation validation, not species identity.",v1-online-public-draft,2026-05-27,penstemon-baccharifolius,https://www.wildflower.org/plants/result.php?id_plant=PEBA,https://plants.usda.gov/home/basicSearchResults?searchString=Penstemon+baccharifolius,https://floranorthamerica.org/Special:Search?search=Penstemon+baccharifolius,https://floranorthamerica.org/Penstemon_baccharifolius,https://wetland-plants.sec.usace.army.mil/,https://websoilsurvey.nrcs.usda.gov/app/,https://edit.sc.egov.usda.gov/,https://www.epa.gov/eco-research/ecoregions,https://tpwd.texas.gov/landwater/land/programs/landscape-ecology/ems/,
Perityle lindheimeri,Perityle lindheimeri,228,Perityle lindheimeri,Perityle lindheimeri,"Rocky Daisy, Lindheimer's rock daisy",Woodland and karst upland systems,Karst Outcrops,dry upland; moist mesic; sunny open; shade/part shade,rock daisy; low water dry-moist sun/part shade,,,Medium,Optional,Publish with caveat,"Usable for public draft release, but should remain flagged as provisional until optional spot-check or field/GIS support is added.","LBJ/USDA/FNA/USACE support species habitat traits; NRCS/EPA/TPWD links support site/soil/ecoregion/vegetation validation, not species identity.",v1-online-public-draft,2026-05-27,perityle-lindheimeri,https://www.wildflower.org/plants/result.php?id_plant=PELI3,https://plants.usda.gov/home/basicSearchResults?searchString=Perityle+lindheimeri,https://floranorthamerica.org/Special:Search?search=Perityle+lindheimeri,https://floranorthamerica.org/Perityle_lindheimeri,https://wetland-plants.sec.usace.army.mil/,https://websoilsurvey.nrcs.usda.gov/app/,https://edit.sc.egov.usda.gov/,https://www.epa.gov/eco-research/ecoregions,https://tpwd.texas.gov/landwater/land/programs/landscape-ecology/ems/,Shallow Upland Prairie
Salvia ballotiflora,Salvia ballotiflora,229,Salvia ballotiflora,Salvia ballotiflora,Shrubby Blue Sage,Woodland and karst upland systems,Karst Outcrops,gravelly calcareous slope or terrace,gravelly calcareous slope or terrace,"Dry; Low; Sun , Part Shade",,High,No,Publish now,Literature-supported microregion assignment; field/GIS confirmation can be added in a later release.,"LBJ/USDA/FNA/USACE support species habitat traits; NRCS/EPA/TPWD links support site/soil/ecoregion/vegetation validation, not species identity.",v1-online-public-draft,2026-05-27,salvia-ballotiflora,https://www.wildflower.org/plants/result.php?id_plant=SABA5,https://plants.usda.gov/home/basicSearchResults?searchString=Salvia+ballotiflora,https://floranorthamerica.org/Special:Search?search=Salvia+ballotiflora,https://floranorthamerica.org/Salvia_ballotiflora,https://wetland-plants.sec.usace.army.mil/,https://websoilsurvey.nrcs.usda.gov/app/,https://edit.sc.egov.usda.gov/,https://www.epa.gov/eco-research/ecoregions,https://tpwd.texas.gov/landwater/land/programs/landscape-ecology/ems/,
Salvia greggii,Salvia greggii,230,Salvia greggii,Salvia greggii,"Autumn Sage, Cherry Sage, Gregg Salvia",Upland prairie and open grassland systems,Shallow Upland Prairie,dry upland prairie slope,dry upland prairie slope,Dry; Low; Sun; High,,High,No,Publish now,Literature-supported microregion assignment; field/GIS confirmation can be added in a later release.,"LBJ/USDA/FNA/USACE support species habitat traits; NRCS/EPA/TPWD links support site/soil/ecoregion/vegetation validation, not species identity.",v1-online-public-draft,2026-05-27,salvia-greggii,https://www.wildflower.org/plants/result.php?id_plant=SAGR4,https://plants.usda.gov/home/basicSearchResults?searchString=Salvia+greggii,https://floranorthamerica.org/Special:Search?search=Salvia+greggii,https://floranorthamerica.org/Salvia_greggii,https://wetland-plants.sec.usace.army.mil/,https://websoilsurvey.nrcs.usda.gov/app/,https://edit.sc.egov.usda.gov/,https://www.epa.gov/eco-research/ecoregions,https://tpwd.texas.gov/landwater/land/programs/landscape-ecology/ems/,
Wedelia acapulcensis,Wedelia acapulcensis,231,Wedelia acapulcensis,Wedelia acapulcensis,Orange Zexmenia,Upland prairie and open grassland systems,Shallow Upland Prairie,dry upland; sunny open,low-water sunny orange zexmenia,,,Medium,Optional,Publish with caveat,"Usable for public draft release, but should remain flagged as provisional until optional spot-check or field/GIS support is added.","LBJ/USDA/FNA/USACE support species habitat traits; NRCS/EPA/TPWD links support site/soil/ecoregion/vegetation validation, not species identity.",v1-online-public-draft,2026-05-27,wedelia-acapulcensis,https://www.wildflower.org/plants/result.php?id_plant=WEAC,https://plants.usda.gov/home/basicSearchResults?searchString=Wedelia+acapulcensis,https://floranorthamerica.org/Special:Search?search=Wedelia+acapulcensis,https://floranorthamerica.org/Wedelia_acapulcensis,https://wetland-plants.sec.usace.army.mil/,https://websoilsurvey.nrcs.usda.gov/app/,https://edit.sc.egov.usda.gov/,https://www.epa.gov/eco-research/ecoregions,https://tpwd.texas.gov/landwater/land/programs/landscape-ecology/ems/,Karst Outcrops; Upland Savanna
Wedelia acapulcensis var. hispida,Wedelia acapulcensis var. hispida,232,Wedelia acapulcensis var. hispida,Wedelia acapulcensis var. hispida,Zexmenia,Upland prairie and open grassland systems,Shallow Upland Prairie,sandy/loamy upland prairie or open field,sandy/loamy upland prairie or open field,"Dry , Moist; Low; Sun , Part Shade",,High,No,Publish now,Literature-supported microregion assignment; field/GIS confirmation can be added in a later release.,"LBJ/USDA/FNA/USACE support species habitat traits; NRCS/EPA/TPWD links support site/soil/ecoregion/vegetation validation, not species identity.",v1-online-public-draft,2026-05-27,wedelia-acapulcensis-var-hispida,https://www.wildflower.org/plants/result.php?id_plant=WEACH,https://plants.usda.gov/home/basicSearchResults?searchString=Wedelia+acapulcensis+var.+hispida,https://floranorthamerica.org/Special:Search?search=Wedelia+acapulcensis+var.+hispida,https://floranorthamerica.org/Wedelia_acapulcensis_var_hispida,https://wetland-plants.sec.usace.army.mil/,https://websoilsurvey.nrcs.usda.gov/app/,https://edit.sc.egov.usda.gov/,https://www.epa.gov/eco-research/ecoregions,https://tpwd.texas.gov/landwater/land/programs/landscape-ecology/ems/,Karst Outcrops
Agave americana,Agave americana,233,Agave americana,Agave americana,Blue Agave (Century Plant),Upland prairie and open grassland systems,Shallow Upland Prairie,sandy/loamy upland prairie or open field,sandy/loamy upland prairie or open field,Dry; Low; Sun; Medium,"Region: AGCP AK AW CB EMP GP HI MW NCNE WMVE Status: UPL UPL UPL UPL UPL | This information is derived from: U.S. Army Corps of Engineers. (2023). 2022 National Wetland Plant List, version 3.6. U.S. Army Engineer Research and Development Center, Vicksburg, MS. | https://wetland-plants.usace.army.mil/ | . | Click here | for map of regions.",High,No,Publish now,Literature-supported microregion assignment; field/GIS confirmation can be added in a later release.,"LBJ/USDA/FNA/USACE support species habitat traits; NRCS/EPA/TPWD links support site/soil/ecoregion/vegetation validation, not species identity.",v1-online-public-draft,2026-05-27,agave-americana,https://www.wildflower.org/plants/result.php?id_plant=AGAM,https://plants.usda.gov/home/basicSearchResults?searchString=Agave+americana,https://floranorthamerica.org/Special:Search?search=Agave+americana,https://floranorthamerica.org/Agave_americana,https://wetland-plants.sec.usace.army.mil/,https://websoilsurvey.nrcs.usda.gov/app/,https://edit.sc.egov.usda.gov/,https://www.epa.gov/eco-research/ecoregions,https://tpwd.texas.gov/landwater/land/programs/landscape-ecology/ems/,Shallow Upland Prairie; Deep Clay Prairie
Dasylirion texanum,Dasylirion texanum,234,Dasylirion texanum,Dasylirion texanum,"Texas Sotol, Sotol",Upland prairie and open grassland systems,Shallow Upland Prairie,sandy/loamy upland prairie or open field,sandy/loamy upland prairie or open field,Dry; Low; Sun,,High,No,Publish now,Literature-supported microregion assignment; field/GIS confirmation can be added in a later release.,"LBJ/USDA/FNA/USACE support species habitat traits; NRCS/EPA/TPWD links support site/soil/ecoregion/vegetation validation, not species identity.",v1-online-public-draft,2026-05-27,dasylirion-texanum,https://www.wildflower.org/plants/result.php?id_plant=DATE3,https://plants.usda.gov/home/basicSearchResults?searchString=Dasylirion+texanum,https://floranorthamerica.org/Special:Search?search=Dasylirion+texanum,https://floranorthamerica.org/Dasylirion_texanum,https://wetland-plants.sec.usace.army.mil/,https://websoilsurvey.nrcs.usda.gov/app/,https://edit.sc.egov.usda.gov/,https://www.epa.gov/eco-research/ecoregions,https://tpwd.texas.gov/landwater/land/programs/landscape-ecology/ems/,
Hesperaloe parviflora,Hesperaloe parviflora,235,Hesperaloe parviflora,Hesperaloe parviflora,"Red Yucca, Coral Yucca, Red-flowered False Yucca, Redflower False Yucca, Yellow Yucca, Hummingbird Yucca, Samandoque",Upland prairie and open grassland systems,Shallow Upland Prairie,dry upland prairie slope,dry upland prairie slope,Dry; Low; Sun,,High,No,Publish now,Literature-supported microregion assignment; field/GIS confirmation can be added in a later release.,"LBJ/USDA/FNA/USACE support species habitat traits; NRCS/EPA/TPWD links support site/soil/ecoregion/vegetation validation, not species identity.",v1-online-public-draft,2026-05-27,hesperaloe-parviflora,https://www.wildflower.org/plants/result.php?id_plant=HEPA8,https://plants.usda.gov/home/basicSearchResults?searchString=Hesperaloe+parviflora,https://floranorthamerica.org/Special:Search?search=Hesperaloe+parviflora,https://floranorthamerica.org/Hesperaloe_parviflora,https://wetland-plants.sec.usace.army.mil/,https://websoilsurvey.nrcs.usda.gov/app/,https://edit.sc.egov.usda.gov/,https://www.epa.gov/eco-research/ecoregions,https://tpwd.texas.gov/landwater/land/programs/landscape-ecology/ems/,
Manfreda maculosa,Manfreda maculosa,236,Manfreda maculosa,Manfreda maculosa,"False Aloe, Spice Lily, Spice-lily",Upland prairie and open grassland systems,Shallow Upland Prairie,sandy/loamy upland prairie or open field,sandy/loamy upland prairie or open field,"Dry , Moist; Medium; Sun , Part Shade",,High,No,Publish now,Literature-supported microregion assignment; field/GIS confirmation can be added in a later release.,"LBJ/USDA/FNA/USACE support species habitat traits; NRCS/EPA/TPWD links support site/soil/ecoregion/vegetation validation, not species identity.",v1-online-public-draft,2026-05-27,manfreda-maculosa,https://www.wildflower.org/plants/result.php?id_plant=MAMA7,https://plants.usda.gov/home/basicSearchResults?searchString=Manfreda+maculosa,https://floranorthamerica.org/Special:Search?search=Manfreda+maculosa,https://floranorthamerica.org/Manfreda_maculosa,https://wetland-plants.sec.usace.army.mil/,https://websoilsurvey.nrcs.usda.gov/app/,https://edit.sc.egov.usda.gov/,https://www.epa.gov/eco-research/ecoregions,https://tpwd.texas.gov/landwater/land/programs/landscape-ecology/ems/,Deep Clay Prairie; Shallow Upland Prairie
Nolina lindheimeriana,Nolina lindheimeriana,237,Nolina lindheimeriana,Nolina lindheimeriana,"Devil's Shoestring, Devil's-shoestring, Ribbon Grass",Upland prairie and open grassland systems,Shallow Upland Prairie,sandy/loamy upland prairie or open field,sandy/loamy upland prairie or open field,"Dry; Low; Sun , Part Shade",,High,No,Publish now,Literature-supported microregion assignment; field/GIS confirmation can be added in a later release.,"LBJ/USDA/FNA/USACE support species habitat traits; NRCS/EPA/TPWD links support site/soil/ecoregion/vegetation validation, not species identity.",v1-online-public-draft,2026-05-27,nolina-lindheimeriana,https://www.wildflower.org/plants/result.php?id_plant=NOLI,https://plants.usda.gov/home/basicSearchResults?searchString=Nolina+lindheimeriana,https://floranorthamerica.org/Special:Search?search=Nolina+lindheimeriana,https://floranorthamerica.org/Nolina_lindheimeriana,https://wetland-plants.sec.usace.army.mil/,https://websoilsurvey.nrcs.usda.gov/app/,https://edit.sc.egov.usda.gov/,https://www.epa.gov/eco-research/ecoregions,https://tpwd.texas.gov/landwater/land/programs/landscape-ecology/ems/,
Nolina texana,Nolina texana,238,Nolina texana,Nolina texana,"Texas Sacahuista, Texas Beargrass, Basket Grass, Sacahuista, Bunchgrass, Texas Bear-grass",Woodland and karst upland systems,Karst Outcrops,rocky calcareous limestone outcrop,rocky calcareous limestone outcrop,Dry; Low; Part Shade,,Medium,Optional,Publish with caveat,"Usable for public draft release, but should remain flagged as provisional until optional spot-check or field/GIS support is added.","LBJ/USDA/FNA/USACE support species habitat traits; NRCS/EPA/TPWD links support site/soil/ecoregion/vegetation validation, not species identity.",v1-online-public-draft,2026-05-27,nolina-texana,https://www.wildflower.org/plants/result.php?id_plant=NOTE,https://plants.usda.gov/home/basicSearchResults?searchString=Nolina+texana,https://floranorthamerica.org/Special:Search?search=Nolina+texana,https://floranorthamerica.org/Nolina_texana,https://wetland-plants.sec.usace.army.mil/,https://websoilsurvey.nrcs.usda.gov/app/,https://edit.sc.egov.usda.gov/,https://www.epa.gov/eco-research/ecoregions,https://tpwd.texas.gov/landwater/land/programs/landscape-ecology/ems/,Shallow Upland Prairie
Opuntia engelmannii,Opuntia engelmannii,239,Opuntia engelmannii,Opuntia engelmannii,Prickly Pear 'Englemann's',Upland prairie and open grassland systems,Shallow Upland Prairie,open dry upland prairie/grassland,open dry upland prairie/grassland,Dry; Low; Sun,,Medium,Optional,Publish with caveat,"Usable for public draft release, but should remain flagged as provisional until optional spot-check or field/GIS support is added.","LBJ/USDA/FNA/USACE support species habitat traits; NRCS/EPA/TPWD links support site/soil/ecoregion/vegetation validation, not species identity.",v1-online-public-draft,2026-05-27,opuntia-engelmannii,https://www.wildflower.org/plants/result.php?id_plant=OPEN3,https://plants.usda.gov/home/basicSearchResults?searchString=Opuntia+engelmannii,https://floranorthamerica.org/Special:Search?search=Opuntia+engelmannii,https://floranorthamerica.org/Opuntia_engelmannii,https://wetland-plants.sec.usace.army.mil/,https://websoilsurvey.nrcs.usda.gov/app/,https://edit.sc.egov.usda.gov/,https://www.epa.gov/eco-research/ecoregions,https://tpwd.texas.gov/landwater/land/programs/landscape-ecology/ems/,
Yucca constricta,Yucca constricta,240,Yucca constricta,Yucca constricta,"Buckley Yucca, Buckley's Yucca",Upland prairie and open grassland systems,Shallow Upland Prairie,sandy/loamy upland prairie or open field,sandy/loamy upland prairie or open field,Dry; Low; Sun,,High,No,Publish now,Literature-supported microregion assignment; field/GIS confirmation can be added in a later release.,"LBJ/USDA/FNA/USACE support species habitat traits; NRCS/EPA/TPWD links support site/soil/ecoregion/vegetation validation, not species identity.",v1-online-public-draft,2026-05-27,yucca-constricta,https://www.wildflower.org/plants/result.php?id_plant=YUCO,https://plants.usda.gov/home/basicSearchResults?searchString=Yucca+constricta,https://floranorthamerica.org/Special:Search?search=Yucca+constricta,https://floranorthamerica.org/Yucca_constricta,https://wetland-plants.sec.usace.army.mil/,https://websoilsurvey.nrcs.usda.gov/app/,https://edit.sc.egov.usda.gov/,https://www.epa.gov/eco-research/ecoregions,https://tpwd.texas.gov/landwater/land/programs/landscape-ecology/ems/,
Yucca rupicola,Yucca rupicola,241,Yucca rupicola,Yucca rupicola,"Twistleaf Yucca, Twisted-leaf Yucca, Texas Yucca, Spanish Dagger",Woodland and karst upland systems,Karst Outcrops,"limestone ledge, cliff, or bluff","limestone ledge, cliff, or bluff","Dry; Low; Sun , Part Shade",,High,No,Publish now,Literature-supported microregion assignment; field/GIS confirmation can be added in a later release.,"LBJ/USDA/FNA/USACE support species habitat traits; NRCS/EPA/TPWD links support site/soil/ecoregion/vegetation validation, not species identity.",v1-online-public-draft,2026-05-27,yucca-rupicola,https://www.wildflower.org/plants/result.php?id_plant=YURU,https://plants.usda.gov/home/basicSearchResults?searchString=Yucca+rupicola,https://floranorthamerica.org/Special:Search?search=Yucca+rupicola,https://floranorthamerica.org/Yucca_rupicola,https://wetland-plants.sec.usace.army.mil/,https://websoilsurvey.nrcs.usda.gov/app/,https://edit.sc.egov.usda.gov/,https://www.epa.gov/eco-research/ecoregions,https://tpwd.texas.gov/landwater/land/programs/landscape-ecology/ems/,
Yucca treculeana,Yucca treculeana,242,Yucca treculeana,Yucca treculeana,"Spanish Dagger, Spanish Bayonet, Don Quixote's Lance, Palma Pita, Palma De Datil, Palmito",Upland prairie and open grassland systems,Shallow Upland Prairie,sandy/loamy upland prairie or open field,sandy/loamy upland prairie or open field,Dry; Medium; Part Shade,,High,No,Publish now,Literature-supported microregion assignment; field/GIS confirmation can be added in a later release.,"LBJ/USDA/FNA/USACE support species habitat traits; NRCS/EPA/TPWD links support site/soil/ecoregion/vegetation validation, not species identity.",v1-online-public-draft,2026-05-27,yucca-treculeana,https://www.wildflower.org/plants/result.php?id_plant=YUTR,https://plants.usda.gov/home/basicSearchResults?searchString=Yucca+treculeana,https://floranorthamerica.org/Special:Search?search=Yucca+treculeana,https://floranorthamerica.org/Yucca_treculeana,https://wetland-plants.sec.usace.army.mil/,https://websoilsurvey.nrcs.usda.gov/app/,https://edit.sc.egov.usda.gov/,https://www.epa.gov/eco-research/ecoregions,https://tpwd.texas.gov/landwater/land/programs/landscape-ecology/ems/,Deep Clay Prairie
Acer grandidentatum,Acer grandidentatum,243,Acer grandidentatum,Acer grandidentatum,"Bigtooth Maple, Big-toothed Maple, Uvalde Bigtooth Maple, Southwestern Bigtooth Maple, Canyon Maple, Sabinal Maple, Western Sugar Maple",Woodland and karst upland systems,Mesic Canyons & Seeps,ravine/canyon/depression; limestone/caliche/calcareous; deep clay/swale; woodland/wood edge; moist mesic; sunny open,moist canyon/plateau woodland soils,Moist; Medium; Sun,"Region: AGCP AK AW CB EMP GP HI MW NCNE WMVE Status: FACU FAC FACU | This information is derived from: U.S. Army Corps of Engineers. (2023). 2022 National Wetland Plant List, version 3.6. U.S. Army Engineer Research and Development Center, Vicksburg, MS. | https://wetland-plants.usace.army.mil/ | . | Click here | for map of regions.",Medium,Optional,Publish with caveat,"Usable for public draft release, but should remain flagged as provisional until optional spot-check or field/GIS support is added.","LBJ/USDA/FNA/USACE support species habitat traits; NRCS/EPA/TPWD links support site/soil/ecoregion/vegetation validation, not species identity.",v1-online-public-draft,2026-05-27,acer-grandidentatum,https://www.wildflower.org/plants/result.php?id_plant=ACGR3,https://plants.usda.gov/home/basicSearchResults?searchString=Acer+grandidentatum,https://floranorthamerica.org/Special:Search?search=Acer+grandidentatum,https://floranorthamerica.org/Acer_grandidentatum,https://wetland-plants.sec.usace.army.mil/,https://websoilsurvey.nrcs.usda.gov/app/,https://edit.sc.egov.usda.gov/,https://www.epa.gov/eco-research/ecoregions,https://tpwd.texas.gov/landwater/land/programs/landscape-ecology/ems/,Upland Woodland; Karst Outcrops; Shallow Upland Prairie; Deep Clay Prairie
Acer negundo,Acer negundo,244,Acer negundo,Acer negundo,Box Elder,Riparian and floodplain systems,Riparian Banks,alluvial floodplain or creek terrace,alluvial floodplain or creek terrace,Moist; Medium; Sun; High; High,"Region: AGCP AK AW CB EMP GP HI MW NCNE WMVE Status: FAC FACW FAC FAC FAC FAC FAC | This information is derived from: U.S. Army Corps of Engineers. (2023). 2022 National Wetland Plant List, version 3.6. U.S. Army Engineer Research and Development Center, Vicksburg, MS. | https://wetland-plants.usace.army.mil/ | . | Click here | for map of regions.",High,No,Publish now,Literature-supported microregion assignment; field/GIS confirmation can be added in a later release.,"LBJ/USDA/FNA/USACE support species habitat traits; NRCS/EPA/TPWD links support site/soil/ecoregion/vegetation validation, not species identity.",v1-online-public-draft,2026-05-27,acer-negundo,https://www.wildflower.org/plants/result.php?id_plant=ACNE2,https://plants.usda.gov/home/basicSearchResults?searchString=Acer+negundo,https://floranorthamerica.org/Special:Search?search=Acer+negundo,https://floranorthamerica.org/Acer_negundo,https://wetland-plants.sec.usace.army.mil/,https://websoilsurvey.nrcs.usda.gov/app/,https://edit.sc.egov.usda.gov/,https://www.epa.gov/eco-research/ecoregions,https://tpwd.texas.gov/landwater/land/programs/landscape-ecology/ems/,
Aesculus glabra,Aesculus glabra,245,Aesculus glabra,Aesculus glabra,"Ohio Buckeye, Texas Buckeye, Fetid Buckeye, Horse Chestnut",Riparian and floodplain systems,Riparian Banks,stream/river bank,stream/river bank,"Moist; Medium; Sun , Part Shade , Shade; Medium","Region: AGCP AK AW CB EMP GP HI MW NCNE WMVE Status: FACU FACU FAC FAC FAC | This information is derived from: U.S. Army Corps of Engineers. (2023). 2022 National Wetland Plant List, version 3.6. U.S. Army Engineer Research and Development Center, Vicksburg, MS. | https://wetland-plants.usace.army.mil/ | . | Click here | for map of regions.",High,No,Publish now,Literature-supported microregion assignment; field/GIS confirmation can be added in a later release.,"LBJ/USDA/FNA/USACE support species habitat traits; NRCS/EPA/TPWD links support site/soil/ecoregion/vegetation validation, not species identity.",v1-online-public-draft,2026-05-27,aesculus-glabra,https://www.wildflower.org/plants/result.php?id_plant=AEGL,https://plants.usda.gov/home/basicSearchResults?searchString=Aesculus+glabra,https://floranorthamerica.org/Special:Search?search=Aesculus+glabra,https://floranorthamerica.org/Aesculus_glabra,https://wetland-plants.sec.usace.army.mil/,https://websoilsurvey.nrcs.usda.gov/app/,https://edit.sc.egov.usda.gov/,https://www.epa.gov/eco-research/ecoregions,https://tpwd.texas.gov/landwater/land/programs/landscape-ecology/ems/,
Aesculus pavia,Aesculus pavia,246,Aesculus pavia,Aesculus pavia,"Red Buckeye, Scarlet Buckeye , Firecracker Plant",Woodland and karst upland systems,Karst Outcrops,rocky calcareous limestone outcrop,rocky calcareous limestone outcrop,"Moist; Medium , High; Part Shade; Medium; Medium","Region: AGCP AK AW CB EMP GP HI MW NCNE WMVE Status: FACU FAC FAC FAC | This information is derived from: U.S. Army Corps of Engineers. (2023). 2022 National Wetland Plant List, version 3.6. U.S. Army Engineer Research and Development Center, Vicksburg, MS. | https://wetland-plants.usace.army.mil/ | . | Click here | for map of regions.",High,No,Publish now,Literature-supported microregion assignment; field/GIS confirmation can be added in a later release.,"LBJ/USDA/FNA/USACE support species habitat traits; NRCS/EPA/TPWD links support site/soil/ecoregion/vegetation validation, not species identity.",v1-online-public-draft,2026-05-27,aesculus-pavia,https://www.wildflower.org/plants/result.php?id_plant=AEPA,https://plants.usda.gov/home/basicSearchResults?searchString=Aesculus+pavia,https://floranorthamerica.org/Special:Search?search=Aesculus+pavia,https://floranorthamerica.org/Aesculus_pavia,https://wetland-plants.sec.usace.army.mil/,https://websoilsurvey.nrcs.usda.gov/app/,https://edit.sc.egov.usda.gov/,https://www.epa.gov/eco-research/ecoregions,https://tpwd.texas.gov/landwater/land/programs/landscape-ecology/ems/,Shallow Upland Prairie
Arbutus xalapensis,Arbutus xalapensis,247,Arbutus xalapensis,Arbutus xalapensis,Texas Madrone,Woodland and karst upland systems,Karst Outcrops,rocky calcareous limestone outcrop,rocky calcareous limestone outcrop,"Dry; Medium; Sun , Part Shade",,High,No,Publish now,Literature-supported microregion assignment; field/GIS confirmation can be added in a later release.,"LBJ/USDA/FNA/USACE support species habitat traits; NRCS/EPA/TPWD links support site/soil/ecoregion/vegetation validation, not species identity.",v1-online-public-draft,2026-05-27,arbutus-xalapensis,https://www.wildflower.org/plants/result.php?id_plant=ARXA80,https://plants.usda.gov/home/basicSearchResults?searchString=Arbutus+xalapensis,https://floranorthamerica.org/Special:Search?search=Arbutus+xalapensis,https://floranorthamerica.org/Arbutus_xalapensis,https://wetland-plants.sec.usace.army.mil/,https://websoilsurvey.nrcs.usda.gov/app/,https://edit.sc.egov.usda.gov/,https://www.epa.gov/eco-research/ecoregions,https://tpwd.texas.gov/landwater/land/programs/landscape-ecology/ems/,Shallow Upland Prairie
Carya illinoinensis,Carya illinoinensis,248,Carya illinoinensis,Carya illinoinensis,Pecan,Riparian and floodplain systems,Riparian Banks,stream/river bank,stream/river bank,Moist; High; Sun; Low,"Region: AGCP AK AW CB EMP GP HI MW NCNE WMVE Status: FACU FAC FACU FAC FACW FACW FAC | This information is derived from: U.S. Army Corps of Engineers. (2023). 2022 National Wetland Plant List, version 3.6. U.S. Army Engineer Research and Development Center, Vicksburg, MS. | https://wetland-plants.usace.army.mil/ | . | Click here | for map of regions.",High,No,Publish now,Literature-supported microregion assignment; field/GIS confirmation can be added in a later release.,"LBJ/USDA/FNA/USACE support species habitat traits; NRCS/EPA/TPWD links support site/soil/ecoregion/vegetation validation, not species identity.",v1-online-public-draft,2026-05-27,carya-illinoinensis,https://www.wildflower.org/plants/result.php?id_plant=CAIL2,https://plants.usda.gov/home/basicSearchResults?searchString=Carya+illinoinensis,https://floranorthamerica.org/Special:Search?search=Carya+illinoinensis,https://floranorthamerica.org/Carya_illinoinensis,https://wetland-plants.sec.usace.army.mil/,https://websoilsurvey.nrcs.usda.gov/app/,https://edit.sc.egov.usda.gov/,https://www.epa.gov/eco-research/ecoregions,https://tpwd.texas.gov/landwater/land/programs/landscape-ecology/ems/,Shallow Upland Prairie
Cercis canadensis var. mexicana,Cercis canadensis var. mexicana,249,Cercis canadensis var. mexicana,Cercis canadensis var. mexicana,Mexican Redbud,Woodland and karst upland systems,Karst Outcrops,rocky calcareous limestone outcrop,rocky calcareous limestone outcrop,"Dry; Low , Medium; Sun , Part Shade; High",,High,No,Publish now,Literature-supported microregion assignment; field/GIS confirmation can be added in a later release.,"LBJ/USDA/FNA/USACE support species habitat traits; NRCS/EPA/TPWD links support site/soil/ecoregion/vegetation validation, not species identity.",v1-online-public-draft,2026-05-27,cercis-canadensis-var-mexicana,https://www.wildflower.org/plants/result.php?id_plant=CECAM,https://plants.usda.gov/home/basicSearchResults?searchString=Cercis+canadensis+var.+mexicana,https://floranorthamerica.org/Special:Search?search=Cercis+canadensis+var.+mexicana,https://floranorthamerica.org/Cercis_canadensis_var_mexicana,https://wetland-plants.sec.usace.army.mil/,https://websoilsurvey.nrcs.usda.gov/app/,https://edit.sc.egov.usda.gov/,https://www.epa.gov/eco-research/ecoregions,https://tpwd.texas.gov/landwater/land/programs/landscape-ecology/ems/,
Cercis canadensis var. texensis,Cercis canadensis var. texensis,250,Cercis canadensis var. texensis,Cercis canadensis var. texensis,Texas Redbud,Upland prairie and open grassland systems,Shallow Upland Prairie,dry upland prairie slope,dry upland prairie slope,"Dry; Low , Medium; Sun , Part Shade; Low; Medium , High",,High,No,Publish now,Literature-supported microregion assignment; field/GIS confirmation can be added in a later release.,"LBJ/USDA/FNA/USACE support species habitat traits; NRCS/EPA/TPWD links support site/soil/ecoregion/vegetation validation, not species identity.",v1-online-public-draft,2026-05-27,cercis-canadensis-var-texensis,https://www.wildflower.org/plants/result.php?id_plant=CECAT,https://plants.usda.gov/home/basicSearchResults?searchString=Cercis+canadensis+var.+texensis,https://floranorthamerica.org/Special:Search?search=Cercis+canadensis+var.+texensis,https://floranorthamerica.org/Cercis_canadensis_var_texensis,https://wetland-plants.sec.usace.army.mil/,https://websoilsurvey.nrcs.usda.gov/app/,https://edit.sc.egov.usda.gov/,https://www.epa.gov/eco-research/ecoregions,https://tpwd.texas.gov/landwater/land/programs/landscape-ecology/ems/,
Chilopsis linearis,Chilopsis linearis,251,Chilopsis linearis,Chilopsis linearis,"Desert Willow, Flowering Willow, Willow-leaved Catalpa, Willowleaf Catalpa, Bow Willow, Flor De Mimbre, Mimbre",Riparian and floodplain systems,Riparian Banks,stream/river bank; ravine/canyon/depression; limestone/caliche/calcareous; deep clay/swale; disturbed/roadside/ditch,arroyos/swales/stream banks with well-drained limestone,"Dry , Moist; Low; Sun; Medium; High","Region: AGCP AK AW CB EMP GP HI MW NCNE WMVE Status: FACU FAC FACU FAC | This information is derived from: U.S. Army Corps of Engineers. (2023). 2022 National Wetland Plant List, version 3.6. U.S. Army Engineer Research and Development Center, Vicksburg, MS. | https://wetland-plants.usace.army.mil/ | . | Click here | for map of regions.",High,No,Publish now,Literature-supported microregion assignment; field/GIS confirmation can be added in a later release.,"LBJ/USDA/FNA/USACE support species habitat traits; NRCS/EPA/TPWD links support site/soil/ecoregion/vegetation validation, not species identity.",v1-online-public-draft,2026-05-27,chilopsis-linearis,https://www.wildflower.org/plants/result.php?id_plant=CHLI2,https://plants.usda.gov/home/basicSearchResults?searchString=Chilopsis+linearis,https://floranorthamerica.org/Special:Search?search=Chilopsis+linearis,https://floranorthamerica.org/Chilopsis_linearis,https://wetland-plants.sec.usace.army.mil/,https://websoilsurvey.nrcs.usda.gov/app/,https://edit.sc.egov.usda.gov/,https://www.epa.gov/eco-research/ecoregions,https://tpwd.texas.gov/landwater/land/programs/landscape-ecology/ems/,Karst Outcrops; Mesic Canyons & Seeps; Shallow Upland Prairie
Cotinus obovatus,Cotinus obovatus,252,Cotinus obovatus,Cotinus obovatus,"American Smoke Tree, Texas Smoke Tree, Wild Smoke Tree, Smoke Tree, Smokebush, Chittamwood",Upland prairie and open grassland systems,Shallow Upland Prairie,dry upland prairie slope,dry upland prairie slope,"Dry; Low; Sun , Part Shade; High",,High,No,Publish now,Literature-supported microregion assignment; field/GIS confirmation can be added in a later release.,"LBJ/USDA/FNA/USACE support species habitat traits; NRCS/EPA/TPWD links support site/soil/ecoregion/vegetation validation, not species identity.",v1-online-public-draft,2026-05-27,cotinus-obovatus,https://www.wildflower.org/plants/result.php?id_plant=COOB2,https://plants.usda.gov/home/basicSearchResults?searchString=Cotinus+obovatus,https://floranorthamerica.org/Special:Search?search=Cotinus+obovatus,https://floranorthamerica.org/Cotinus_obovatus,https://wetland-plants.sec.usace.army.mil/,https://websoilsurvey.nrcs.usda.gov/app/,https://edit.sc.egov.usda.gov/,https://www.epa.gov/eco-research/ecoregions,https://tpwd.texas.gov/landwater/land/programs/landscape-ecology/ems/,
Diospyros texana,Diospyros texana,253,Diospyros texana,Diospyros texana,"Texas Persimmon, Mexican Persimmon, Black Persimmon, Chapote, Chapote Prieto",Upland prairie and open grassland systems,Shallow Upland Prairie,dry upland prairie slope,dry upland prairie slope,"Dry; Low; Sun , Part Shade; High",,Medium,Optional,Publish with caveat,"Usable for public draft release, but should remain flagged as provisional until optional spot-check or field/GIS support is added.","LBJ/USDA/FNA/USACE support species habitat traits; NRCS/EPA/TPWD links support site/soil/ecoregion/vegetation validation, not species identity.",v1-online-public-draft,2026-05-27,diospyros-texana,https://www.wildflower.org/plants/result.php?id_plant=DITE3,https://plants.usda.gov/home/basicSearchResults?searchString=Diospyros+texana,https://floranorthamerica.org/Special:Search?search=Diospyros+texana,https://floranorthamerica.org/Diospyros_texana,https://wetland-plants.sec.usace.army.mil/,https://websoilsurvey.nrcs.usda.gov/app/,https://edit.sc.egov.usda.gov/,https://www.epa.gov/eco-research/ecoregions,https://tpwd.texas.gov/landwater/land/programs/landscape-ecology/ems/,Karst Outcrops
Diospyros virginiana,Diospyros virginiana,254,Diospyros virginiana,Diospyros virginiana,"Common Persimmon, Eastern Persimmon, Possumwood, Date Plum, Winter Plum, Jove's Fruit",Upland prairie and open grassland systems,Shallow Upland Prairie,sandy/loamy upland prairie or open field,sandy/loamy upland prairie or open field,"Dry , Moist; Medium; Sun , Part Shade","Region: AGCP AK AW CB EMP GP HI MW NCNE WMVE Status: FAC FAC FAC FAC FAC FAC FACU | This information is derived from: U.S. Army Corps of Engineers. (2023). 2022 National Wetland Plant List, version 3.6. U.S. Army Engineer Research and Development Center, Vicksburg, MS. | https://wetland-plants.usace.army.mil/ | . | Click here | for map of regions.",High,No,Publish now,Literature-supported microregion assignment; field/GIS confirmation can be added in a later release.,"LBJ/USDA/FNA/USACE support species habitat traits; NRCS/EPA/TPWD links support site/soil/ecoregion/vegetation validation, not species identity.",v1-online-public-draft,2026-05-27,diospyros-virginiana,https://www.wildflower.org/plants/result.php?id_plant=DIVI5,https://plants.usda.gov/home/basicSearchResults?searchString=Diospyros+virginiana,https://floranorthamerica.org/Special:Search?search=Diospyros+virginiana,https://floranorthamerica.org/Diospyros_virginiana,https://wetland-plants.sec.usace.army.mil/,https://websoilsurvey.nrcs.usda.gov/app/,https://edit.sc.egov.usda.gov/,https://www.epa.gov/eco-research/ecoregions,https://tpwd.texas.gov/landwater/land/programs/landscape-ecology/ems/,Upland Woodland
Ehretia anacua,Ehretia anacua,255,Ehretia anacua,Ehretia anacua,"Anacua, Sugarberry Anacua, Anaqua, Anacahuita, Knockaway, Knackaway, Sandpaper Tree, Manzanita, Manzanillo, Tlalahuacate",Upland prairie and open grassland systems,Shallow Upland Prairie,sandy/loamy upland prairie or open field,sandy/loamy upland prairie or open field,"Dry; Low; Sun , Part Shade",,High,No,Publish now,Literature-supported microregion assignment; field/GIS confirmation can be added in a later release.,"LBJ/USDA/FNA/USACE support species habitat traits; NRCS/EPA/TPWD links support site/soil/ecoregion/vegetation validation, not species identity.",v1-online-public-draft,2026-05-27,ehretia-anacua,https://www.wildflower.org/plants/result.php?id_plant=EHAN,https://plants.usda.gov/home/basicSearchResults?searchString=Ehretia+anacua,https://floranorthamerica.org/Special:Search?search=Ehretia+anacua,https://floranorthamerica.org/Ehretia_anacua,https://wetland-plants.sec.usace.army.mil/,https://websoilsurvey.nrcs.usda.gov/app/,https://edit.sc.egov.usda.gov/,https://www.epa.gov/eco-research/ecoregions,https://tpwd.texas.gov/landwater/land/programs/landscape-ecology/ems/,Ecotone / Edge Thicket
Fraxinus albicans,Fraxinus albicans,256,Fraxinus albicans,Fraxinus albicans,"Texas Ash, Mountain Ash",Woodland and karst upland systems,Karst Outcrops,"limestone ledge, cliff, or bluff","limestone ledge, cliff, or bluff",Dry; Low; Part Shade,,Medium,Optional,Publish with caveat,"Usable for public draft release, but should remain flagged as provisional until optional spot-check or field/GIS support is added.","LBJ/USDA/FNA/USACE support species habitat traits; NRCS/EPA/TPWD links support site/soil/ecoregion/vegetation validation, not species identity.",v1-online-public-draft,2026-05-27,fraxinus-albicans,https://www.wildflower.org/plants/result.php?id_plant=FRAL3,https://plants.usda.gov/home/basicSearchResults?searchString=Fraxinus+albicans,https://floranorthamerica.org/Special:Search?search=Fraxinus+albicans,https://floranorthamerica.org/Fraxinus_albicans,https://wetland-plants.sec.usace.army.mil/,https://websoilsurvey.nrcs.usda.gov/app/,https://edit.sc.egov.usda.gov/,https://www.epa.gov/eco-research/ecoregions,https://tpwd.texas.gov/landwater/land/programs/landscape-ecology/ems/,Shallow Upland Prairie
Fraxinus pennsylvanica,Fraxinus pennsylvanica,257,Fraxinus pennsylvanica,Fraxinus pennsylvanica,Green Ash Tree / Water Ash,Riparian and floodplain systems,Riparian Banks,stream/river bank; marsh/swamp/wetland; ravine/canyon/depression; woodland/wood edge; disturbed/roadside/ditch; moist mesic,stream banks/swamps/ditches/ravines/depressions,"Dry , Moist , Wet; Medium; Sun , Part Shade , Shade; High; High","Region: AGCP AK AW CB EMP GP HI MW NCNE WMVE Status: FACW FACW FACW FAC FACW FACW FAC | This information is derived from: U.S. Army Corps of Engineers. (2023). 2022 National Wetland Plant List, version 3.6. U.S. Army Engineer Research and Development Center, Vicksburg, MS. | https://wetland-plants.usace.army.mil/ | . | Click here | for map of regions.",High,No,Publish now,Literature-supported microregion assignment; field/GIS confirmation can be added in a later release.,"LBJ/USDA/FNA/USACE support species habitat traits; NRCS/EPA/TPWD links support site/soil/ecoregion/vegetation validation, not species identity.",v1-online-public-draft,2026-05-27,fraxinus-pennsylvanica,https://www.wildflower.org/plants/result.php?id_plant=FRPE,https://plants.usda.gov/home/basicSearchResults?searchString=Fraxinus+pennsylvanica,https://floranorthamerica.org/Special:Search?search=Fraxinus+pennsylvanica,https://floranorthamerica.org/Fraxinus_pennsylvanica,https://wetland-plants.sec.usace.army.mil/,https://websoilsurvey.nrcs.usda.gov/app/,https://edit.sc.egov.usda.gov/,https://www.epa.gov/eco-research/ecoregions,https://tpwd.texas.gov/landwater/land/programs/landscape-ecology/ems/,Aquatic / Spring Runs; Deep Clay Prairie; Upland Woodland
Gleditsia triacanthos,Gleditsia triacanthos,258,Gleditsia triacanthos,Gleditsia triacanthos,"Honey Locust, Common Honey Locust, Thorny Common Honey Locust, Honey Shucks Locust, Sweet Locust, Thorny Locust, Honey Shucks, Sweet Bean Tree",Riparian and floodplain systems,Riparian Banks,stream/river bank; floodplain/bottomland; deep clay/swale; woodland/wood edge; moist mesic,moist woods/bottomlands/stream banks plus drier uplands,Moist; Medium; Part Shade; Medium; High,"Region: AGCP AK AW CB EMP GP HI MW NCNE WMVE Status: FAC FAC FAC FACU FACU FAC FAC | This information is derived from: U.S. Army Corps of Engineers. (2023). 2022 National Wetland Plant List, version 3.6. U.S. Army Engineer Research and Development Center, Vicksburg, MS. | https://wetland-plants.usace.army.mil/ | . | Click here | for map of regions.",High,No,Publish now,Literature-supported microregion assignment; field/GIS confirmation can be added in a later release.,"LBJ/USDA/FNA/USACE support species habitat traits; NRCS/EPA/TPWD links support site/soil/ecoregion/vegetation validation, not species identity.",v1-online-public-draft,2026-05-27,gleditsia-triacanthos,https://www.wildflower.org/plants/result.php?id_plant=GLTR,https://plants.usda.gov/home/basicSearchResults?searchString=Gleditsia+triacanthos,https://floranorthamerica.org/Special:Search?search=Gleditsia+triacanthos,https://floranorthamerica.org/Gleditsia_triacanthos,https://wetland-plants.sec.usace.army.mil/,https://websoilsurvey.nrcs.usda.gov/app/,https://edit.sc.egov.usda.gov/,https://www.epa.gov/eco-research/ecoregions,https://tpwd.texas.gov/landwater/land/programs/landscape-ecology/ems/,Upland Woodland; Deep Clay Prairie; Ecotone / Edge Thicket; Shallow Upland Prairie
Juglans microcarpa,Juglans microcarpa,259,Juglans microcarpa,Juglans microcarpa,"Littleleaf Walnut, Little walnut",Woodland and karst upland systems,Karst Outcrops,rocky calcareous limestone outcrop,rocky calcareous limestone outcrop,Dry; Medium; Part Shade; Low,"Region: AGCP AK AW CB EMP GP HI MW NCNE WMVE Status: FAC FAC FAC FAC FAC | This information is derived from: U.S. Army Corps of Engineers. (2023). 2022 National Wetland Plant List, version 3.6. U.S. Army Engineer Research and Development Center, Vicksburg, MS. | https://wetland-plants.usace.army.mil/ | . | Click here | for map of regions.",Medium,Optional,Publish with caveat,"Usable for public draft release, but should remain flagged as provisional until optional spot-check or field/GIS support is added.","LBJ/USDA/FNA/USACE support species habitat traits; NRCS/EPA/TPWD links support site/soil/ecoregion/vegetation validation, not species identity.",v1-online-public-draft,2026-05-27,juglans-microcarpa,https://www.wildflower.org/plants/result.php?id_plant=JUMI,https://plants.usda.gov/home/basicSearchResults?searchString=Juglans+microcarpa,https://floranorthamerica.org/Special:Search?search=Juglans+microcarpa,https://floranorthamerica.org/Juglans_microcarpa,https://wetland-plants.sec.usace.army.mil/,https://websoilsurvey.nrcs.usda.gov/app/,https://edit.sc.egov.usda.gov/,https://www.epa.gov/eco-research/ecoregions,https://tpwd.texas.gov/landwater/land/programs/landscape-ecology/ems/,Shallow Upland Prairie
Juglans nigra,Juglans nigra,260,Juglans nigra,Juglans nigra,Black Walnut,Woodland and karst upland systems,Mesic Canyons & Seeps,floodplain/bottomland; deep clay/swale; woodland/wood edge; moist mesic,rich moist woods/bottomlands,"Moist; High; Sun , Part Shade; High","Region: AGCP AK AW CB EMP GP HI MW NCNE WMVE Status: UPL UPL FACU FACU FACU FACU UPL | This information is derived from: U.S. Army Corps of Engineers. (2023). 2022 National Wetland Plant List, version 3.6. U.S. Army Engineer Research and Development Center, Vicksburg, MS. | https://wetland-plants.usace.army.mil/ | . | Click here | for map of regions.",High,No,Publish now,Literature-supported microregion assignment; field/GIS confirmation can be added in a later release.,"LBJ/USDA/FNA/USACE support species habitat traits; NRCS/EPA/TPWD links support site/soil/ecoregion/vegetation validation, not species identity.",v1-online-public-draft,2026-05-27,juglans-nigra,https://www.wildflower.org/plants/result.php?id_plant=JUNI,https://plants.usda.gov/home/basicSearchResults?searchString=Juglans+nigra,https://floranorthamerica.org/Special:Search?search=Juglans+nigra,https://floranorthamerica.org/Juglans_nigra,https://wetland-plants.sec.usace.army.mil/,https://websoilsurvey.nrcs.usda.gov/app/,https://edit.sc.egov.usda.gov/,https://www.epa.gov/eco-research/ecoregions,https://tpwd.texas.gov/landwater/land/programs/landscape-ecology/ems/,Riparian Banks; Upland Woodland; Deep Clay Prairie; Karst Outcrops
Juniperus ashei,Juniperus ashei,261,Juniperus ashei,Juniperus ashei,Ashe Juniper,Woodland and karst upland systems,Karst Outcrops,rocky calcareous limestone outcrop,rocky calcareous limestone outcrop,Dry; Low; Part Shade,,High,No,Publish now,Literature-supported microregion assignment; field/GIS confirmation can be added in a later release.,"LBJ/USDA/FNA/USACE support species habitat traits; NRCS/EPA/TPWD links support site/soil/ecoregion/vegetation validation, not species identity.",v1-online-public-draft,2026-05-27,juniperus-ashei,https://www.wildflower.org/plants/result.php?id_plant=JUAS,https://plants.usda.gov/home/basicSearchResults?searchString=Juniperus+ashei,https://floranorthamerica.org/Special:Search?search=Juniperus+ashei,https://floranorthamerica.org/Juniperus_ashei,https://wetland-plants.sec.usace.army.mil/,https://websoilsurvey.nrcs.usda.gov/app/,https://edit.sc.egov.usda.gov/,https://www.epa.gov/eco-research/ecoregions,https://tpwd.texas.gov/landwater/land/programs/landscape-ecology/ems/,
Juniperus virginiana,Juniperus virginiana,262,Juniperus virginiana,Juniperus virginiana,"Eastern Red Cedar, Eastern Redcedar, Virginia Juniper, Red Juniper, Pencil Cedar, Carolina Cedar, Red Savin",Upland prairie and open grassland systems,Shallow Upland Prairie,sandy/loamy upland prairie or open field,sandy/loamy upland prairie or open field,"Dry; Low; Sun , Part Shade , Shade; High; High","Region: AGCP AK AW CB EMP GP HI MW NCNE WMVE Status: FACU FACU FACU UPL FACU FACU FACU | This information is derived from: U.S. Army Corps of Engineers. (2023). 2022 National Wetland Plant List, version 3.6. U.S. Army Engineer Research and Development Center, Vicksburg, MS. | https://wetland-plants.usace.army.mil/ | . | Click here | for map of regions.",High,No,Publish now,Literature-supported microregion assignment; field/GIS confirmation can be added in a later release.,"LBJ/USDA/FNA/USACE support species habitat traits; NRCS/EPA/TPWD links support site/soil/ecoregion/vegetation validation, not species identity.",v1-online-public-draft,2026-05-27,juniperus-virginiana,https://www.wildflower.org/plants/result.php?id_plant=JUVI,https://plants.usda.gov/home/basicSearchResults?searchString=Juniperus+virginiana,https://floranorthamerica.org/Special:Search?search=Juniperus+virginiana,https://floranorthamerica.org/Juniperus_virginiana,https://wetland-plants.sec.usace.army.mil/,https://websoilsurvey.nrcs.usda.gov/app/,https://edit.sc.egov.usda.gov/,https://www.epa.gov/eco-research/ecoregions,https://tpwd.texas.gov/landwater/land/programs/landscape-ecology/ems/,Shallow Upland Prairie
Maclura pomifera,Maclura pomifera,263,Maclura pomifera,Maclura pomifera,"Osage Orange, Bois d' Arc, Bodark, Horse Apple, Hedge Apple, Bowwood, Yellowwood, Naranjo Chino, Monkey Brains",Upland prairie and open grassland systems,Shallow Upland Prairie,open dry upland prairie/grassland,open dry upland prairie/grassland,"Dry , Moist; Medium; Sun , Part Shade; High","Region: AGCP AK AW CB EMP GP HI MW NCNE WMVE Status: FACU UPL UPL FACU FACU FACU UPL | This information is derived from: U.S. Army Corps of Engineers. (2023). 2022 National Wetland Plant List, version 3.6. U.S. Army Engineer Research and Development Center, Vicksburg, MS. | https://wetland-plants.usace.army.mil/ | . | Click here | for map of regions.",High,No,Publish now,Literature-supported microregion assignment; field/GIS confirmation can be added in a later release.,"LBJ/USDA/FNA/USACE support species habitat traits; NRCS/EPA/TPWD links support site/soil/ecoregion/vegetation validation, not species identity.",v1-online-public-draft,2026-05-27,maclura-pomifera,https://www.wildflower.org/plants/result.php?id_plant=MAPO,https://plants.usda.gov/home/basicSearchResults?searchString=Maclura+pomifera,https://floranorthamerica.org/Special:Search?search=Maclura+pomifera,https://floranorthamerica.org/Maclura_pomifera,https://wetland-plants.sec.usace.army.mil/,https://websoilsurvey.nrcs.usda.gov/app/,https://edit.sc.egov.usda.gov/,https://www.epa.gov/eco-research/ecoregions,https://tpwd.texas.gov/landwater/land/programs/landscape-ecology/ems/,
Malus ioensis var. texana,Malus ioensis var. texana,264,Malus ioensis var. texana,Malus ioensis var. texana,Blanco Crabapple,Woodland and karst upland systems,Upland Woodland,stream/river bank; limestone/caliche/calcareous; rocky/ledge/slope; woodland/wood edge; moist mesic; sunny open,"open woods, limestone slopes, along creeks",Moist; Medium; Sun,,High,No,Publish now,Literature-supported microregion assignment; field/GIS confirmation can be added in a later release.,"LBJ/USDA/FNA/USACE support species habitat traits; NRCS/EPA/TPWD links support site/soil/ecoregion/vegetation validation, not species identity.",v1-online-public-draft,2026-05-27,malus-ioensis-var-texana,https://www.wildflower.org/plants/result.php?id_plant=MAIOT8,https://plants.usda.gov/home/basicSearchResults?searchString=Malus+ioensis+var.+texana,https://floranorthamerica.org/Special:Search?search=Malus+ioensis+var.+texana,https://floranorthamerica.org/Malus_ioensis_var_texana,https://wetland-plants.sec.usace.army.mil/,https://websoilsurvey.nrcs.usda.gov/app/,https://edit.sc.egov.usda.gov/,https://www.epa.gov/eco-research/ecoregions,https://tpwd.texas.gov/landwater/land/programs/landscape-ecology/ems/,Karst Outcrops; Riparian Banks; Mesic Canyons & Seeps
Morus microphylla,Morus microphylla,265,Morus microphylla,Morus microphylla,"Texas Mulberry, Littleleaf Mulberry, Mountain Mulberry, Mexican Mulberry, Dwarf Mulberry",Upland prairie and open grassland systems,Shallow Upland Prairie,dry upland prairie slope,dry upland prairie slope,Dry; Low; Part Shade,"Region: AGCP AK AW CB EMP GP HI MW NCNE WMVE Status: FACU UPL FACU | This information is derived from: U.S. Army Corps of Engineers. (2023). 2022 National Wetland Plant List, version 3.6. U.S. Army Engineer Research and Development Center, Vicksburg, MS. | https://wetland-plants.usace.army.mil/ | . | Click here | for map of regions.",Medium,Optional,Publish with caveat,"Usable for public draft release, but should remain flagged as provisional until optional spot-check or field/GIS support is added.","LBJ/USDA/FNA/USACE support species habitat traits; NRCS/EPA/TPWD links support site/soil/ecoregion/vegetation validation, not species identity.",v1-online-public-draft,2026-05-27,morus-microphylla,https://www.wildflower.org/plants/result.php?id_plant=MOMI,https://plants.usda.gov/home/basicSearchResults?searchString=Morus+microphylla,https://floranorthamerica.org/Special:Search?search=Morus+microphylla,https://floranorthamerica.org/Morus_microphylla,https://wetland-plants.sec.usace.army.mil/,https://websoilsurvey.nrcs.usda.gov/app/,https://edit.sc.egov.usda.gov/,https://www.epa.gov/eco-research/ecoregions,https://tpwd.texas.gov/landwater/land/programs/landscape-ecology/ems/,Karst Outcrops
Morus rubra,Morus rubra,266,Morus rubra,Morus rubra,"Red Mulberry, Moral",Riparian and floodplain systems,Riparian Banks,stream/river bank,stream/river bank,"Dry , Moist; Medium; Sun , Part Shade , Shade; Medium","Region: AGCP AK AW CB EMP GP HI MW NCNE WMVE Status: FACU FACU FACU FACU FACU FACU FACU | This information is derived from: U.S. Army Corps of Engineers. (2023). 2022 National Wetland Plant List, version 3.6. U.S. Army Engineer Research and Development Center, Vicksburg, MS. | https://wetland-plants.usace.army.mil/ | . | Click here | for map of regions.",High,No,Publish now,Literature-supported microregion assignment; field/GIS confirmation can be added in a later release.,"LBJ/USDA/FNA/USACE support species habitat traits; NRCS/EPA/TPWD links support site/soil/ecoregion/vegetation validation, not species identity.",v1-online-public-draft,2026-05-27,morus-rubra,https://www.wildflower.org/plants/result.php?id_plant=MORU2,https://plants.usda.gov/home/basicSearchResults?searchString=Morus+rubra,https://floranorthamerica.org/Special:Search?search=Morus+rubra,https://floranorthamerica.org/Morus_rubra,https://wetland-plants.sec.usace.army.mil/,https://websoilsurvey.nrcs.usda.gov/app/,https://edit.sc.egov.usda.gov/,https://www.epa.gov/eco-research/ecoregions,https://tpwd.texas.gov/landwater/land/programs/landscape-ecology/ems/,Shallow Upland Prairie
Parkinsonia aculeata,Parkinsonia aculeata,267,Parkinsonia aculeata,Parkinsonia aculeata,Retama,Upland prairie and open grassland systems,Shallow Upland Prairie,sandy/loamy upland prairie or open field,sandy/loamy upland prairie or open field,"Dry , Moist; Low , Medium; Sun; Medium","Region: AGCP AK AW CB EMP GP HI MW NCNE WMVE Status: FAC FAC FAC FAC FACU FAC | This information is derived from: U.S. Army Corps of Engineers. (2023). 2022 National Wetland Plant List, version 3.6. U.S. Army Engineer Research and Development Center, Vicksburg, MS. | https://wetland-plants.usace.army.mil/ | . | Click here | for map of regions.",High,No,Publish now,Literature-supported microregion assignment; field/GIS confirmation can be added in a later release.,"LBJ/USDA/FNA/USACE support species habitat traits; NRCS/EPA/TPWD links support site/soil/ecoregion/vegetation validation, not species identity.",v1-online-public-draft,2026-05-27,parkinsonia-aculeata,https://www.wildflower.org/plants/result.php?id_plant=PAAC3,https://plants.usda.gov/home/basicSearchResults?searchString=Parkinsonia+aculeata,https://floranorthamerica.org/Special:Search?search=Parkinsonia+aculeata,https://floranorthamerica.org/Parkinsonia_aculeata,https://wetland-plants.sec.usace.army.mil/,https://websoilsurvey.nrcs.usda.gov/app/,https://edit.sc.egov.usda.gov/,https://www.epa.gov/eco-research/ecoregions,https://tpwd.texas.gov/landwater/land/programs/landscape-ecology/ems/,
Platanus occidentalis,Platanus occidentalis,268,Platanus occidentalis,Platanus occidentalis,"American Sycamore, Eastern Sycamore, American Plane Tree, Plane Tree, Buttonwood, Buttonball Tree",Riparian and floodplain systems,Riparian Banks,alluvial floodplain or creek terrace,alluvial floodplain or creek terrace,"Moist; High; Sun , Part Shade , Shade","Region: AGCP AK AW CB EMP GP HI MW NCNE WMVE Status: FACW FAC FACW FAC FACW FACW | This information is derived from: U.S. Army Corps of Engineers. (2023). 2022 National Wetland Plant List, version 3.6. U.S. Army Engineer Research and Development Center, Vicksburg, MS. | https://wetland-plants.usace.army.mil/ | . | Click here | for map of regions.",Medium,Optional,Publish with caveat,"Usable for public draft release, but should remain flagged as provisional until optional spot-check or field/GIS support is added.","LBJ/USDA/FNA/USACE support species habitat traits; NRCS/EPA/TPWD links support site/soil/ecoregion/vegetation validation, not species identity.",v1-online-public-draft,2026-05-27,platanus-occidentalis,https://www.wildflower.org/plants/result.php?id_plant=PLOC,https://plants.usda.gov/home/basicSearchResults?searchString=Platanus+occidentalis,https://floranorthamerica.org/Special:Search?search=Platanus+occidentalis,https://floranorthamerica.org/Platanus_occidentalis,https://wetland-plants.sec.usace.army.mil/,https://websoilsurvey.nrcs.usda.gov/app/,https://edit.sc.egov.usda.gov/,https://www.epa.gov/eco-research/ecoregions,https://tpwd.texas.gov/landwater/land/programs/landscape-ecology/ems/,Shallow Upland Prairie; Upland Woodland
Populus deltoides,Populus deltoides,269,Populus deltoides,Populus deltoides,"Eastern Cottonwood, Carolina Poplar, Necklace Poplar, Alamo",Upland prairie and open grassland systems,Shallow Upland Prairie,sandy/loamy upland prairie or open field,sandy/loamy upland prairie or open field,"Dry , Moist , Wet; High; Sun , Part Shade , Shade; Medium; High","Region: AGCP AK AW CB EMP GP HI MW NCNE WMVE Status: FAC FAC FAC FAC FAC FAC FAC | This information is derived from: U.S. Army Corps of Engineers. (2023). 2022 National Wetland Plant List, version 3.6. U.S. Army Engineer Research and Development Center, Vicksburg, MS. | https://wetland-plants.usace.army.mil/ | . | Click here | for map of regions.",High,No,Publish now,Literature-supported microregion assignment; field/GIS confirmation can be added in a later release.,"LBJ/USDA/FNA/USACE support species habitat traits; NRCS/EPA/TPWD links support site/soil/ecoregion/vegetation validation, not species identity.",v1-online-public-draft,2026-05-27,populus-deltoides,https://www.wildflower.org/plants/result.php?id_plant=PODE3,https://plants.usda.gov/home/basicSearchResults?searchString=Populus+deltoides,https://floranorthamerica.org/Special:Search?search=Populus+deltoides,https://floranorthamerica.org/Populus_deltoides,https://wetland-plants.sec.usace.army.mil/,https://websoilsurvey.nrcs.usda.gov/app/,https://edit.sc.egov.usda.gov/,https://www.epa.gov/eco-research/ecoregions,https://tpwd.texas.gov/landwater/land/programs/landscape-ecology/ems/,
Prunus caroliniana,Prunus caroliniana,270,Prunus caroliniana,Prunus caroliniana,"Carolina Cherry-laurel, Cherry-laurel, Laurel Cherry, Carolina Laurel Cherry",Upland prairie and open grassland systems,Shallow Upland Prairie,sandy/loamy upland prairie or open field,sandy/loamy upland prairie or open field,"Moist; Medium; Sun , Part Shade","Region: AGCP AK AW CB EMP GP HI MW NCNE WMVE Status: FACU FACU FACU FACU FACU | This information is derived from: U.S. Army Corps of Engineers. (2023). 2022 National Wetland Plant List, version 3.6. U.S. Army Engineer Research and Development Center, Vicksburg, MS. | https://wetland-plants.usace.army.mil/ | . | Click here | for map of regions.",High,No,Publish now,Literature-supported microregion assignment; field/GIS confirmation can be added in a later release.,"LBJ/USDA/FNA/USACE support species habitat traits; NRCS/EPA/TPWD links support site/soil/ecoregion/vegetation validation, not species identity.",v1-online-public-draft,2026-05-27,prunus-caroliniana,https://www.wildflower.org/plants/result.php?id_plant=PRCA,https://plants.usda.gov/home/basicSearchResults?searchString=Prunus+caroliniana,https://floranorthamerica.org/Special:Search?search=Prunus+caroliniana,https://floranorthamerica.org/Prunus_caroliniana,https://wetland-plants.sec.usace.army.mil/,https://websoilsurvey.nrcs.usda.gov/app/,https://edit.sc.egov.usda.gov/,https://www.epa.gov/eco-research/ecoregions,https://tpwd.texas.gov/landwater/land/programs/landscape-ecology/ems/,
Prunus mexicana,Prunus mexicana,271,Prunus mexicana,Prunus mexicana,"Mexican Plum, Bigtree Plum, Inch Plum",Upland prairie and open grassland systems,Shallow Upland Prairie,sandy/loamy upland prairie or open field,sandy/loamy upland prairie or open field,"Dry , Moist; Low; Sun , Part Shade",,High,No,Publish now,Literature-supported microregion assignment; field/GIS confirmation can be added in a later release.,"LBJ/USDA/FNA/USACE support species habitat traits; NRCS/EPA/TPWD links support site/soil/ecoregion/vegetation validation, not species identity.",v1-online-public-draft,2026-05-27,prunus-mexicana,https://www.wildflower.org/plants/result.php?id_plant=PRME,https://plants.usda.gov/home/basicSearchResults?searchString=Prunus+mexicana,https://floranorthamerica.org/Special:Search?search=Prunus+mexicana,https://floranorthamerica.org/Prunus_mexicana,https://wetland-plants.sec.usace.army.mil/,https://websoilsurvey.nrcs.usda.gov/app/,https://edit.sc.egov.usda.gov/,https://www.epa.gov/eco-research/ecoregions,https://tpwd.texas.gov/landwater/land/programs/landscape-ecology/ems/,Shallow Upland Prairie
Prunus serotina,Prunus serotina,272,Prunus serotina,Prunus serotina,"Black Cherry, Wild Black Cherry, Rum Cherry",Upland prairie and open grassland systems,Shallow Upland Prairie,dry upland prairie slope,dry upland prairie slope,"Dry , Moist; Medium; Sun , Part Shade , Shade","Region: AGCP AK AW CB EMP GP HI MW NCNE WMVE Status: FACU FACU FACU FACU FACU FACU FACU | This information is derived from: U.S. Army Corps of Engineers. (2023). 2022 National Wetland Plant List, version 3.6. U.S. Army Engineer Research and Development Center, Vicksburg, MS. | https://wetland-plants.usace.army.mil/ | . | Click here | for map of regions.",High,No,Publish now,Literature-supported microregion assignment; field/GIS confirmation can be added in a later release.,"LBJ/USDA/FNA/USACE support species habitat traits; NRCS/EPA/TPWD links support site/soil/ecoregion/vegetation validation, not species identity.",v1-online-public-draft,2026-05-27,prunus-serotina,https://www.wildflower.org/plants/result.php?id_plant=PRSE2,https://plants.usda.gov/home/basicSearchResults?searchString=Prunus+serotina,https://floranorthamerica.org/Special:Search?search=Prunus+serotina,https://floranorthamerica.org/Prunus_serotina,https://wetland-plants.sec.usace.army.mil/,https://websoilsurvey.nrcs.usda.gov/app/,https://edit.sc.egov.usda.gov/,https://www.epa.gov/eco-research/ecoregions,https://tpwd.texas.gov/landwater/land/programs/landscape-ecology/ems/,Karst Outcrops
Prunus serotina var. eximia,Prunus serotina var. eximia,273,Prunus serotina var. eximia,Prunus serotina var. eximia,Escarpment Cherry,Woodland and karst upland systems,Mesic Canyons & Seeps,floodplain/bottomland; ravine/canyon/depression; limestone/caliche/calcareous; rocky/ledge/slope; woodland/wood edge; moist mesic,"woodlands/canyons/floodplains/lower riparian slopes, moist calcareous soils","Moist; Low , Medium; Sun , Part Shade; High; Medium",,High,No,Publish now,Literature-supported microregion assignment; field/GIS confirmation can be added in a later release.,"LBJ/USDA/FNA/USACE support species habitat traits; NRCS/EPA/TPWD links support site/soil/ecoregion/vegetation validation, not species identity.",v1-online-public-draft,2026-05-27,prunus-serotina-var-eximia,https://www.wildflower.org/plants/result.php?id_plant=PRSEE,https://plants.usda.gov/home/basicSearchResults?searchString=Prunus+serotina+var.+eximia,https://floranorthamerica.org/Special:Search?search=Prunus+serotina+var.+eximia,https://floranorthamerica.org/Prunus_serotina_var_eximia,https://wetland-plants.sec.usace.army.mil/,https://websoilsurvey.nrcs.usda.gov/app/,https://edit.sc.egov.usda.gov/,https://www.epa.gov/eco-research/ecoregions,https://tpwd.texas.gov/landwater/land/programs/landscape-ecology/ems/,Upland Woodland; Riparian Banks; Karst Outcrops; Shallow Upland Prairie
Ptelea trifoliata,Ptelea trifoliata,274,Ptelea trifoliata,Ptelea trifoliata,"Wafer Ash, Common Hoptree, Hop Tree",Woodland and karst upland systems,Karst Outcrops,gravelly calcareous slope or terrace,gravelly calcareous slope or terrace,"Dry , Moist , Wet; Low , Medium , High; Sun , Part Shade , Shade; Medium","Region: AGCP AK AW CB EMP GP HI MW NCNE WMVE Status: FACU UPL FAC FAC FACU FACU UPL | This information is derived from: U.S. Army Corps of Engineers. (2023). 2022 National Wetland Plant List, version 3.6. U.S. Army Engineer Research and Development Center, Vicksburg, MS. | https://wetland-plants.usace.army.mil/ | . | Click here | for map of regions.",Medium,Optional,Publish with caveat,"Usable for public draft release, but should remain flagged as provisional until optional spot-check or field/GIS support is added.","LBJ/USDA/FNA/USACE support species habitat traits; NRCS/EPA/TPWD links support site/soil/ecoregion/vegetation validation, not species identity.",v1-online-public-draft,2026-05-27,ptelea-trifoliata,https://www.wildflower.org/plants/result.php?id_plant=PTTR,https://plants.usda.gov/home/basicSearchResults?searchString=Ptelea+trifoliata,https://floranorthamerica.org/Special:Search?search=Ptelea+trifoliata,https://floranorthamerica.org/Ptelea_trifoliata,https://wetland-plants.sec.usace.army.mil/,https://websoilsurvey.nrcs.usda.gov/app/,https://edit.sc.egov.usda.gov/,https://www.epa.gov/eco-research/ecoregions,https://tpwd.texas.gov/landwater/land/programs/landscape-ecology/ems/,Shallow Upland Prairie
Quercus buckleyi,Quercus buckleyi,275,Quercus buckleyi,Quercus buckleyi,"Texas Red Oak, Buckley Oak, Texas Oak, Spanish Oak, Spotted Oak, Rock Oak",Woodland and karst upland systems,Karst Outcrops,stream/river bank; limestone/caliche/calcareous; rocky/ledge/slope; deep clay/swale; moist mesic,limestone ridges/slopes/creek bottoms,"Dry; Low; Sun , Part Shade; High",,High,No,Publish now,Literature-supported microregion assignment; field/GIS confirmation can be added in a later release.,"LBJ/USDA/FNA/USACE support species habitat traits; NRCS/EPA/TPWD links support site/soil/ecoregion/vegetation validation, not species identity.",v1-online-public-draft,2026-05-27,quercus-buckleyi,https://www.wildflower.org/plants/result.php?id_plant=QUBU2,https://plants.usda.gov/home/basicSearchResults?searchString=Quercus+buckleyi,https://floranorthamerica.org/Special:Search?search=Quercus+buckleyi,https://floranorthamerica.org/Quercus_buckleyi,https://wetland-plants.sec.usace.army.mil/,https://websoilsurvey.nrcs.usda.gov/app/,https://edit.sc.egov.usda.gov/,https://www.epa.gov/eco-research/ecoregions,https://tpwd.texas.gov/landwater/land/programs/landscape-ecology/ems/,Upland Woodland; Riparian Banks; Shallow Upland Prairie
Quercus fusiformis,Quercus fusiformis,276,Quercus fusiformis,Quercus fusiformis,"Escarpment Live Oak, Plateau Live Oak, Hill Country Live Oak, Texas Live Oak, Scrub Live Oak, Plateau Oak, Encino Molino, Tesmoli",Woodland and karst upland systems,Karst Outcrops,rocky calcareous limestone outcrop,rocky calcareous limestone outcrop,"Dry; Low; Sun , Part Shade; High",,High,No,Publish now,Literature-supported microregion assignment; field/GIS confirmation can be added in a later release.,"LBJ/USDA/FNA/USACE support species habitat traits; NRCS/EPA/TPWD links support site/soil/ecoregion/vegetation validation, not species identity.",v1-online-public-draft,2026-05-27,quercus-fusiformis,https://www.wildflower.org/plants/result.php?id_plant=QUFU,https://plants.usda.gov/home/basicSearchResults?searchString=Quercus+fusiformis,https://floranorthamerica.org/Special:Search?search=Quercus+fusiformis,https://floranorthamerica.org/Quercus_fusiformis,https://wetland-plants.sec.usace.army.mil/,https://websoilsurvey.nrcs.usda.gov/app/,https://edit.sc.egov.usda.gov/,https://www.epa.gov/eco-research/ecoregions,https://tpwd.texas.gov/landwater/land/programs/landscape-ecology/ems/,
Quercus laceyi,Quercus laceyi,277,Quercus laceyi,Quercus laceyi,"Lacey Oak, Texas Blue Oak, Canyon Oak, Smoky Oak, Rock Oak",Woodland and karst upland systems,Karst Outcrops,rocky calcareous limestone outcrop,rocky calcareous limestone outcrop,"Dry; Sun , Part Shade",,High,No,Publish now,Literature-supported microregion assignment; field/GIS confirmation can be added in a later release.,"LBJ/USDA/FNA/USACE support species habitat traits; NRCS/EPA/TPWD links support site/soil/ecoregion/vegetation validation, not species identity.",v1-online-public-draft,2026-05-27,quercus-laceyi,https://www.wildflower.org/plants/result.php?id_plant=QULA,https://plants.usda.gov/home/basicSearchResults?searchString=Quercus+laceyi,https://floranorthamerica.org/Special:Search?search=Quercus+laceyi,https://floranorthamerica.org/Quercus_laceyi,https://wetland-plants.sec.usace.army.mil/,https://websoilsurvey.nrcs.usda.gov/app/,https://edit.sc.egov.usda.gov/,https://www.epa.gov/eco-research/ecoregions,https://tpwd.texas.gov/landwater/land/programs/landscape-ecology/ems/,
Quercus macrocarpa,Quercus macrocarpa,278,Quercus macrocarpa,Quercus macrocarpa,"Bur Oak, Burr Oak, Savanna Oak, Overcup Oak, Prairie Oak, Mossy-cup Oak, Mossy-overcup Oak, Blue Oak",Upland prairie and open grassland systems,Shallow Upland Prairie,sandy/loamy upland prairie or open field,sandy/loamy upland prairie or open field,"Dry , Moist , Wet; Medium; Sun , Part Shade , Shade; Medium","Region: AGCP AK AW CB EMP GP HI MW NCNE WMVE Status: FACU FAC FAC FACU FAC FACU FACU | This information is derived from: U.S. Army Corps of Engineers. (2023). 2022 National Wetland Plant List, version 3.6. U.S. Army Engineer Research and Development Center, Vicksburg, MS. | https://wetland-plants.usace.army.mil/ | . | Click here | for map of regions.",High,No,Publish now,Literature-supported microregion assignment; field/GIS confirmation can be added in a later release.,"LBJ/USDA/FNA/USACE support species habitat traits; NRCS/EPA/TPWD links support site/soil/ecoregion/vegetation validation, not species identity.",v1-online-public-draft,2026-05-27,quercus-macrocarpa,https://www.wildflower.org/plants/result.php?id_plant=QUMA2,https://plants.usda.gov/home/basicSearchResults?searchString=Quercus+macrocarpa,https://floranorthamerica.org/Special:Search?search=Quercus+macrocarpa,https://floranorthamerica.org/Quercus_macrocarpa,https://wetland-plants.sec.usace.army.mil/,https://websoilsurvey.nrcs.usda.gov/app/,https://edit.sc.egov.usda.gov/,https://www.epa.gov/eco-research/ecoregions,https://tpwd.texas.gov/landwater/land/programs/landscape-ecology/ems/,Karst Outcrops
Quercus marilandica,Quercus marilandica,279,Quercus marilandica,Quercus marilandica,"Blackjack Oak, Barren Oak, Black Oak, Jack Oak",Upland prairie and open grassland systems,Deep Clay Prairie,deep clay or calcareous clay prairie,deep clay or calcareous clay prairie,Dry; Low; Part Shade; Low,,Medium,Optional,Publish with caveat,"Usable for public draft release, but should remain flagged as provisional until optional spot-check or field/GIS support is added.","LBJ/USDA/FNA/USACE support species habitat traits; NRCS/EPA/TPWD links support site/soil/ecoregion/vegetation validation, not species identity.",v1-online-public-draft,2026-05-27,quercus-marilandica,https://www.wildflower.org/plants/result.php?id_plant=QUMA3,https://plants.usda.gov/home/basicSearchResults?searchString=Quercus+marilandica,https://floranorthamerica.org/Special:Search?search=Quercus+marilandica,https://floranorthamerica.org/Quercus_marilandica,https://wetland-plants.sec.usace.army.mil/,https://websoilsurvey.nrcs.usda.gov/app/,https://edit.sc.egov.usda.gov/,https://www.epa.gov/eco-research/ecoregions,https://tpwd.texas.gov/landwater/land/programs/landscape-ecology/ems/,Shallow Upland Prairie
Quercus muehlenbergii,Quercus muehlenbergii,280,Quercus muehlenbergii,Quercus muehlenbergii,Chinquapin Oak,Woodland and karst upland systems,Karst Outcrops,rocky calcareous limestone outcrop,rocky calcareous limestone outcrop,"Dry; Medium; Sun , Part Shade; High","Region: AGCP AK AW CB EMP GP HI MW NCNE WMVE Status: UPL FAC UPL FAC FACU FACU FACU | This information is derived from: U.S. Army Corps of Engineers. (2023). 2022 National Wetland Plant List, version 3.6. U.S. Army Engineer Research and Development Center, Vicksburg, MS. | https://wetland-plants.usace.army.mil/ | . | Click here | for map of regions.",High,No,Publish now,Literature-supported microregion assignment; field/GIS confirmation can be added in a later release.,"LBJ/USDA/FNA/USACE support species habitat traits; NRCS/EPA/TPWD links support site/soil/ecoregion/vegetation validation, not species identity.",v1-online-public-draft,2026-05-27,quercus-muehlenbergii,https://www.wildflower.org/plants/result.php?id_plant=QUMU,https://plants.usda.gov/home/basicSearchResults?searchString=Quercus+muehlenbergii,https://floranorthamerica.org/Special:Search?search=Quercus+muehlenbergii,https://floranorthamerica.org/Quercus_muehlenbergii,https://wetland-plants.sec.usace.army.mil/,https://websoilsurvey.nrcs.usda.gov/app/,https://edit.sc.egov.usda.gov/,https://www.epa.gov/eco-research/ecoregions,https://tpwd.texas.gov/landwater/land/programs/landscape-ecology/ems/,
Quercus shumardii,Quercus shumardii,281,Quercus shumardii,Quercus shumardii,"Shumard Oak, Shumard's Oak, Shumard Red Oak, Southern Red Oak, Swamp Red Oak, Spotted Oak",Upland prairie and open grassland systems,Shallow Upland Prairie,sandy/loamy upland prairie or open field,sandy/loamy upland prairie or open field,"Dry , Moist; Medium; Sun , Part Shade; Low","Region: AGCP AK AW CB EMP GP HI MW NCNE WMVE Status: FAC FAC FAC FACW FACW | This information is derived from: U.S. Army Corps of Engineers. (2023). 2022 National Wetland Plant List, version 3.6. U.S. Army Engineer Research and Development Center, Vicksburg, MS. | https://wetland-plants.usace.army.mil/ | . | Click here | for map of regions.",Medium,Optional,Publish with caveat,"Usable for public draft release, but should remain flagged as provisional until optional spot-check or field/GIS support is added.","LBJ/USDA/FNA/USACE support species habitat traits; NRCS/EPA/TPWD links support site/soil/ecoregion/vegetation validation, not species identity.",v1-online-public-draft,2026-05-27,quercus-shumardii,https://www.wildflower.org/plants/result.php?id_plant=QUSH,https://plants.usda.gov/home/basicSearchResults?searchString=Quercus+shumardii,https://floranorthamerica.org/Special:Search?search=Quercus+shumardii,https://floranorthamerica.org/Quercus_shumardii,https://wetland-plants.sec.usace.army.mil/,https://websoilsurvey.nrcs.usda.gov/app/,https://edit.sc.egov.usda.gov/,https://www.epa.gov/eco-research/ecoregions,https://tpwd.texas.gov/landwater/land/programs/landscape-ecology/ems/,Karst Outcrops
Quercus virginiana,Quercus virginiana,282,Quercus virginiana,Quercus virginiana,"Coastal Live Oak, Southern Live Oak, Virginia Live Oak, Live Oak, Encino",Upland prairie and open grassland systems,Shallow Upland Prairie,sandy/loamy upland prairie or open field,sandy/loamy upland prairie or open field,"Moist; Medium; Sun , Part Shade","Region: AGCP AK AW CB EMP GP HI MW NCNE WMVE Status: FACU FACU FACU FACU UPL | This information is derived from: U.S. Army Corps of Engineers. (2023). 2022 National Wetland Plant List, version 3.6. U.S. Army Engineer Research and Development Center, Vicksburg, MS. | https://wetland-plants.usace.army.mil/ | . | Click here | for map of regions.",Medium,Optional,Publish with caveat,"Usable for public draft release, but should remain flagged as provisional until optional spot-check or field/GIS support is added.","LBJ/USDA/FNA/USACE support species habitat traits; NRCS/EPA/TPWD links support site/soil/ecoregion/vegetation validation, not species identity.",v1-online-public-draft,2026-05-27,quercus-virginiana,https://www.wildflower.org/plants/result.php?id_plant=QUVI,https://plants.usda.gov/home/basicSearchResults?searchString=Quercus+virginiana,https://floranorthamerica.org/Special:Search?search=Quercus+virginiana,https://floranorthamerica.org/Quercus_virginiana,https://wetland-plants.sec.usace.army.mil/,https://websoilsurvey.nrcs.usda.gov/app/,https://edit.sc.egov.usda.gov/,https://www.epa.gov/eco-research/ecoregions,https://tpwd.texas.gov/landwater/land/programs/landscape-ecology/ems/,Karst Outcrops; Deep Clay Prairie
Sabal mexicana,Sabal mexicana,283,Sabal mexicana,Sabal mexicana,Texas Palmetto,Upland prairie and open grassland systems,Shallow Upland Prairie,sandy/loamy upland prairie or open field,sandy/loamy upland prairie or open field,"Dry , Moist; Low , Medium; Sun , Part Shade",,High,No,Publish now,Literature-supported microregion assignment; field/GIS confirmation can be added in a later release.,"LBJ/USDA/FNA/USACE support species habitat traits; NRCS/EPA/TPWD links support site/soil/ecoregion/vegetation validation, not species identity.",v1-online-public-draft,2026-05-27,sabal-mexicana,https://www.wildflower.org/plants/result.php?id_plant=SAME8,https://plants.usda.gov/home/basicSearchResults?searchString=Sabal+mexicana,https://floranorthamerica.org/Special:Search?search=Sabal+mexicana,https://floranorthamerica.org/Sabal_mexicana,https://wetland-plants.sec.usace.army.mil/,https://websoilsurvey.nrcs.usda.gov/app/,https://edit.sc.egov.usda.gov/,https://www.epa.gov/eco-research/ecoregions,https://tpwd.texas.gov/landwater/land/programs/landscape-ecology/ems/,
Sabal minor,Sabal minor,284,Sabal minor,Sabal minor,"Dwarf Palmetto, Bush Palmetto, Palmetto",Riparian and floodplain systems,Riparian Banks,alluvial floodplain or creek terrace,alluvial floodplain or creek terrace,"Dry , Moist; Medium; Sun , Part Shade , Shade","Region: AGCP AK AW CB EMP GP HI MW NCNE WMVE Status: FACW FACW FACW FACW | This information is derived from: U.S. Army Corps of Engineers. (2023). 2022 National Wetland Plant List, version 3.6. U.S. Army Engineer Research and Development Center, Vicksburg, MS. | https://wetland-plants.usace.army.mil/ | . | Click here | for map of regions.",High,No,Publish now,Literature-supported microregion assignment; field/GIS confirmation can be added in a later release.,"LBJ/USDA/FNA/USACE support species habitat traits; NRCS/EPA/TPWD links support site/soil/ecoregion/vegetation validation, not species identity.",v1-online-public-draft,2026-05-27,sabal-minor,https://www.wildflower.org/plants/result.php?id_plant=SAMI8,https://plants.usda.gov/home/basicSearchResults?searchString=Sabal+minor,https://floranorthamerica.org/Special:Search?search=Sabal+minor,https://floranorthamerica.org/Sabal_minor,https://wetland-plants.sec.usace.army.mil/,https://websoilsurvey.nrcs.usda.gov/app/,https://edit.sc.egov.usda.gov/,https://www.epa.gov/eco-research/ecoregions,https://tpwd.texas.gov/landwater/land/programs/landscape-ecology/ems/,Upland Woodland; Deep Clay Prairie; Shallow Upland Prairie
Salix nigra,Salix nigra,285,Salix nigra,Salix nigra,"Black Willow, Gulf Black Willow, Swamp Willow, Sauz",Riparian and floodplain systems,Riparian Banks,stream/river bank,stream/river bank,"Moist , Wet; High; Sun , Part Shade , Shade; Low","Region: AGCP AK AW CB EMP GP HI MW NCNE WMVE Status: OBL OBL OBL FACW OBL OBL | This information is derived from: U.S. Army Corps of Engineers. (2023). 2022 National Wetland Plant List, version 3.6. U.S. Army Engineer Research and Development Center, Vicksburg, MS. | https://wetland-plants.usace.army.mil/ | . | Click here | for map of regions.",High,No,Publish now,Literature-supported microregion assignment; field/GIS confirmation can be added in a later release.,"LBJ/USDA/FNA/USACE support species habitat traits; NRCS/EPA/TPWD links support site/soil/ecoregion/vegetation validation, not species identity.",v1-online-public-draft,2026-05-27,salix-nigra,https://www.wildflower.org/plants/result.php?id_plant=SANI,https://plants.usda.gov/home/basicSearchResults?searchString=Salix+nigra,https://floranorthamerica.org/Special:Search?search=Salix+nigra,https://floranorthamerica.org/Salix_nigra,https://wetland-plants.sec.usace.army.mil/,https://websoilsurvey.nrcs.usda.gov/app/,https://edit.sc.egov.usda.gov/,https://www.epa.gov/eco-research/ecoregions,https://tpwd.texas.gov/landwater/land/programs/landscape-ecology/ems/,
Sapindus saponaria var. drummondii,Sapindus saponaria var. drummondii,286,Sapindus saponaria var. drummondii,Sapindus saponaria var. drummondii,"Wingleaf Soapberry, Soapberry, Wild China Tree",Woodland and karst upland systems,Upland Woodland,stream/river bank; limestone/caliche/calcareous; rocky/ledge/slope/ridge; woodland/wood edge; dry upland; moist mesic; sunny open; shade/part shade,"stream banks, wood margins, rocky limestone hillsides","Dry , Moist; Low; Sun , Part Shade; High; High","Region: AGCP AK AW CB EMP GP HI MW NCNE WMVE Status: FACU FACU UPL FACU FACU UPL UPL FACU | This information is derived from: U.S. Army Corps of Engineers. (2023). 2022 National Wetland Plant List, version 3.6. U.S. Army Engineer Research and Development Center, Vicksburg, MS. | https://wetland-plants.usace.army.mil/ | . | Click here | for map of regions.",High,No,Publish now,Literature-supported microregion assignment; field/GIS confirmation can be added in a later release.,"LBJ/USDA/FNA/USACE support species habitat traits; NRCS/EPA/TPWD links support site/soil/ecoregion/vegetation validation, not species identity.",v1-online-public-draft,2026-05-27,sapindus-saponaria-var-drummondii,https://www.wildflower.org/plants/result.php?id_plant=SASAD,https://plants.usda.gov/home/basicSearchResults?searchString=Sapindus+saponaria+var.+drummondii,https://floranorthamerica.org/Special:Search?search=Sapindus+saponaria+var.+drummondii,https://floranorthamerica.org/Sapindus_saponaria_var_drummondii,https://wetland-plants.sec.usace.army.mil/,https://websoilsurvey.nrcs.usda.gov/app/,https://edit.sc.egov.usda.gov/,https://www.epa.gov/eco-research/ecoregions,https://tpwd.texas.gov/landwater/land/programs/landscape-ecology/ems/,Riparian Banks; Karst Outcrops; Ecotone / Edge Thicket
Sideroxylon lanuginosum,Sideroxylon lanuginosum,287,Sideroxylon lanuginosum,Sideroxylon lanuginosum,"Gum Bumelia, Gum Bully, Woollybucket Bumelia, Woolly Bumelia, Gum Woollybucket, Woolly Buckthorn, Chittamwood, Shittamwood, Gum Elastic, Coma, Black Haw",Woodland and karst upland systems,Upland Woodland,woodland/wood edge; dry upland; moist mesic; sunny open; shade/part shade,dry low-water sun/part shade woody edge/upland tree,"Dry; Low , Medium; Sun , Part Shade","Region: AGCP AK AW CB EMP GP HI MW NCNE WMVE Status: FACU FACU FACU FACU FACW FACU | This information is derived from: U.S. Army Corps of Engineers. (2023). 2022 National Wetland Plant List, version 3.6. U.S. Army Engineer Research and Development Center, Vicksburg, MS. | https://wetland-plants.usace.army.mil/ | . | Click here | for map of regions.",Medium,Optional,Publish with caveat,"Usable for public draft release, but should remain flagged as provisional until optional spot-check or field/GIS support is added.","LBJ/USDA/FNA/USACE support species habitat traits; NRCS/EPA/TPWD links support site/soil/ecoregion/vegetation validation, not species identity.",v1-online-public-draft,2026-05-27,sideroxylon-lanuginosum,https://www.wildflower.org/plants/result.php?id_plant=SILA20,https://plants.usda.gov/home/basicSearchResults?searchString=Sideroxylon+lanuginosum,https://floranorthamerica.org/Special:Search?search=Sideroxylon+lanuginosum,https://floranorthamerica.org/Sideroxylon_lanuginosum,https://wetland-plants.sec.usace.army.mil/,https://websoilsurvey.nrcs.usda.gov/app/,https://edit.sc.egov.usda.gov/,https://www.epa.gov/eco-research/ecoregions,https://tpwd.texas.gov/landwater/land/programs/landscape-ecology/ems/,Shallow Upland Prairie; Karst Outcrops; Ecotone / Edge Thicket
Styphnolobium affine,Styphnolobium affine,288,Styphnolobium affine,Styphnolobium affine,"Eve's Necklace, Eve's Necklacepod, Texas Sophora, Pink Sophora, Necklace Tree",Upland prairie and open grassland systems,Shallow Upland Prairie,sandy/loamy upland prairie or open field,sandy/loamy upland prairie or open field,Dry; Low; Part Shade,,High,No,Publish now,Literature-supported microregion assignment; field/GIS confirmation can be added in a later release.,"LBJ/USDA/FNA/USACE support species habitat traits; NRCS/EPA/TPWD links support site/soil/ecoregion/vegetation validation, not species identity.",v1-online-public-draft,2026-05-27,styphnolobium-affine,https://www.wildflower.org/plants/result.php?id_plant=STAF4,https://plants.usda.gov/home/basicSearchResults?searchString=Styphnolobium+affine,https://floranorthamerica.org/Special:Search?search=Styphnolobium+affine,https://floranorthamerica.org/Styphnolobium_affine,https://wetland-plants.sec.usace.army.mil/,https://websoilsurvey.nrcs.usda.gov/app/,https://edit.sc.egov.usda.gov/,https://www.epa.gov/eco-research/ecoregions,https://tpwd.texas.gov/landwater/land/programs/landscape-ecology/ems/,
Taxodium distichum,Taxodium distichum,289,Taxodium distichum,Taxodium distichum,"Bald Cypress, Baldcypress, Common Bald Cypress, Southern Bald Cypress, Deciduous Cypress, Southern Cypress, Swamp Cypress, Red Cypress, White Cypress, Yellow Cypress, Gulf Cypress, Tidewater Red Cypress",Riparian and floodplain systems,Riparian Banks,stream/river bank,stream/river bank,"Moist; Medium; Sun , Part Shade","Region: AGCP AK AW CB EMP GP HI MW NCNE WMVE Status: OBL OBL OBL OBL OBL OBL OBL | This information is derived from: U.S. Army Corps of Engineers. (2023). 2022 National Wetland Plant List, version 3.6. U.S. Army Engineer Research and Development Center, Vicksburg, MS. | https://wetland-plants.usace.army.mil/ | . | Click here | for map of regions.",High,No,Publish now,Literature-supported microregion assignment; field/GIS confirmation can be added in a later release.,"LBJ/USDA/FNA/USACE support species habitat traits; NRCS/EPA/TPWD links support site/soil/ecoregion/vegetation validation, not species identity.",v1-online-public-draft,2026-05-27,taxodium-distichum,https://www.wildflower.org/plants/result.php?id_plant=TADI2,https://plants.usda.gov/home/basicSearchResults?searchString=Taxodium+distichum,https://floranorthamerica.org/Special:Search?search=Taxodium+distichum,https://floranorthamerica.org/Taxodium_distichum,https://wetland-plants.sec.usace.army.mil/,https://websoilsurvey.nrcs.usda.gov/app/,https://edit.sc.egov.usda.gov/,https://www.epa.gov/eco-research/ecoregions,https://tpwd.texas.gov/landwater/land/programs/landscape-ecology/ems/,
Tilia americana,Tilia americana,290,Tilia americana,Tilia americana,"American Basswood, American Linden, Lime Tree, Bee Tree",Upland prairie and open grassland systems,Shallow Upland Prairie,open dry upland prairie/grassland,open dry upland prairie/grassland,"Dry , Moist; Medium; Sun , Part Shade , Shade; Low","Region: AGCP AK AW CB EMP GP HI MW NCNE WMVE Status: FACU FACU FACU FACU FACU FACU FACU | This information is derived from: U.S. Army Corps of Engineers. (2023). 2022 National Wetland Plant List, version 3.6. U.S. Army Engineer Research and Development Center, Vicksburg, MS. | https://wetland-plants.usace.army.mil/ | . | Click here | for map of regions.",High,No,Publish now,Literature-supported microregion assignment; field/GIS confirmation can be added in a later release.,"LBJ/USDA/FNA/USACE support species habitat traits; NRCS/EPA/TPWD links support site/soil/ecoregion/vegetation validation, not species identity.",v1-online-public-draft,2026-05-27,tilia-americana,https://www.wildflower.org/plants/result.php?id_plant=TIAM,https://plants.usda.gov/home/basicSearchResults?searchString=Tilia+americana,https://floranorthamerica.org/Special:Search?search=Tilia+americana,https://floranorthamerica.org/Tilia_americana,https://wetland-plants.sec.usace.army.mil/,https://websoilsurvey.nrcs.usda.gov/app/,https://edit.sc.egov.usda.gov/,https://www.epa.gov/eco-research/ecoregions,https://tpwd.texas.gov/landwater/land/programs/landscape-ecology/ems/,Shallow Upland Prairie
Ulmus americana,Ulmus americana,291,Ulmus americana,Ulmus americana,"American Elm, White Elm, Soft Elm, Water Elm, Common Elm",Riparian and floodplain systems,Riparian Banks,stream/river bank,stream/river bank,"Moist; High; Sun , Part Shade; Medium","Region: AGCP AK AW CB EMP GP HI MW NCNE WMVE Status: FAC FAC FACW FAC FACW FACW FAC | This information is derived from: U.S. Army Corps of Engineers. (2023). 2022 National Wetland Plant List, version 3.6. U.S. Army Engineer Research and Development Center, Vicksburg, MS. | https://wetland-plants.usace.army.mil/ | . | Click here | for map of regions.",High,No,Publish now,Literature-supported microregion assignment; field/GIS confirmation can be added in a later release.,"LBJ/USDA/FNA/USACE support species habitat traits; NRCS/EPA/TPWD links support site/soil/ecoregion/vegetation validation, not species identity.",v1-online-public-draft,2026-05-27,ulmus-americana,https://www.wildflower.org/plants/result.php?id_plant=ULAM,https://plants.usda.gov/home/basicSearchResults?searchString=Ulmus+americana,https://floranorthamerica.org/Special:Search?search=Ulmus+americana,https://floranorthamerica.org/Ulmus_americana,https://wetland-plants.sec.usace.army.mil/,https://websoilsurvey.nrcs.usda.gov/app/,https://edit.sc.egov.usda.gov/,https://www.epa.gov/eco-research/ecoregions,https://tpwd.texas.gov/landwater/land/programs/landscape-ecology/ems/,Upland Woodland
Ulmus crassifolia,Ulmus crassifolia,292,Ulmus crassifolia,Ulmus crassifolia,"Cedar Elm, Fall Elm, Basket Elm, Scrub Elm, Lime Elm, Texas Elm, Southern Rock Elm, Olmo",Upland prairie and open grassland systems,Shallow Upland Prairie,dry upland prairie slope,dry upland prairie slope,Moist; Medium; Part Shade; Low,"Region: AGCP AK AW CB EMP GP HI MW NCNE WMVE Status: FAC FAC FAC FAC | This information is derived from: U.S. Army Corps of Engineers. (2023). 2022 National Wetland Plant List, version 3.6. U.S. Army Engineer Research and Development Center, Vicksburg, MS. | https://wetland-plants.usace.army.mil/ | . | Click here | for map of regions.",High,No,Publish now,Literature-supported microregion assignment; field/GIS confirmation can be added in a later release.,"LBJ/USDA/FNA/USACE support species habitat traits; NRCS/EPA/TPWD links support site/soil/ecoregion/vegetation validation, not species identity.",v1-online-public-draft,2026-05-27,ulmus-crassifolia,https://www.wildflower.org/plants/result.php?id_plant=ULCR,https://plants.usda.gov/home/basicSearchResults?searchString=Ulmus+crassifolia,https://floranorthamerica.org/Special:Search?search=Ulmus+crassifolia,https://floranorthamerica.org/Ulmus_crassifolia,https://wetland-plants.sec.usace.army.mil/,https://websoilsurvey.nrcs.usda.gov/app/,https://edit.sc.egov.usda.gov/,https://www.epa.gov/eco-research/ecoregions,https://tpwd.texas.gov/landwater/land/programs/landscape-ecology/ems/,Karst Outcrops
Ungnadia speciosa,Ungnadia speciosa,293,Ungnadia speciosa,Ungnadia speciosa,"Mexican Buckeye, Monilla",Woodland and karst upland systems,Karst Outcrops,rocky calcareous limestone outcrop,rocky calcareous limestone outcrop,"Dry; Low; Sun , Part Shade",,Medium,Optional,Publish with caveat,"Usable for public draft release, but should remain flagged as provisional until optional spot-check or field/GIS support is added.","LBJ/USDA/FNA/USACE support species habitat traits; NRCS/EPA/TPWD links support site/soil/ecoregion/vegetation validation, not species identity.",v1-online-public-draft,2026-05-27,ungnadia-speciosa,https://www.wildflower.org/plants/result.php?id_plant=UNSP,https://plants.usda.gov/home/basicSearchResults?searchString=Ungnadia+speciosa,https://floranorthamerica.org/Special:Search?search=Ungnadia+speciosa,https://floranorthamerica.org/Ungnadia_speciosa,https://wetland-plants.sec.usace.army.mil/,https://websoilsurvey.nrcs.usda.gov/app/,https://edit.sc.egov.usda.gov/,https://www.epa.gov/eco-research/ecoregions,https://tpwd.texas.gov/landwater/land/programs/landscape-ecology/ems/,Shallow Upland Prairie
Acleisanthes obtusa,Acleisanthes obtusa,294,Acleisanthes obtusa,Acleisanthes obtusa,Berlandier's Trumpet,Upland prairie and open grassland systems,Shallow Upland Prairie,dry upland; moist mesic; sunny open; shade/part shade,dry low-water sun/part shade trumpet-flower,"Dry; Low; Sun , Part Shade; Medium",,Medium,Optional,Publish with caveat,"Usable for public draft release, but should remain flagged as provisional until optional spot-check or field/GIS support is added.","LBJ/USDA/FNA/USACE support species habitat traits; NRCS/EPA/TPWD links support site/soil/ecoregion/vegetation validation, not species identity.",v1-online-public-draft,2026-05-27,acleisanthes-obtusa,https://www.wildflower.org/plants/result.php?id_plant=ACOB2,https://plants.usda.gov/home/basicSearchResults?searchString=Acleisanthes+obtusa,https://floranorthamerica.org/Special:Search?search=Acleisanthes+obtusa,https://floranorthamerica.org/Acleisanthes_obtusa,https://wetland-plants.sec.usace.army.mil/,https://websoilsurvey.nrcs.usda.gov/app/,https://edit.sc.egov.usda.gov/,https://www.epa.gov/eco-research/ecoregions,https://tpwd.texas.gov/landwater/land/programs/landscape-ecology/ems/,Karst Outcrops
Campsis radicans,Campsis radicans,295,Campsis radicans,Campsis radicans,"Trumpet Creeper, Trumpet Vine, Common Trumpet Creeper, Cow Vine, Foxglove Vine, Hellvine, Devil's Shoestring",Upland prairie and open grassland systems,Shallow Upland Prairie,sandy/loamy upland prairie or open field,sandy/loamy upland prairie or open field,"Dry , Moist; Low; Sun; High; High","Region: AGCP AK AW CB EMP GP HI MW NCNE WMVE Status: FAC FACU FAC FACU FACU FAC FACU | This information is derived from: U.S. Army Corps of Engineers. (2023). 2022 National Wetland Plant List, version 3.6. U.S. Army Engineer Research and Development Center, Vicksburg, MS. | https://wetland-plants.usace.army.mil/ | . | Click here | for map of regions.",High,No,Publish now,Literature-supported microregion assignment; field/GIS confirmation can be added in a later release.,"LBJ/USDA/FNA/USACE support species habitat traits; NRCS/EPA/TPWD links support site/soil/ecoregion/vegetation validation, not species identity.",v1-online-public-draft,2026-05-27,campsis-radicans,https://www.wildflower.org/plants/result.php?id_plant=CARA2,https://plants.usda.gov/home/basicSearchResults?searchString=Campsis+radicans,https://floranorthamerica.org/Special:Search?search=Campsis+radicans,https://floranorthamerica.org/Campsis_radicans,https://wetland-plants.sec.usace.army.mil/,https://websoilsurvey.nrcs.usda.gov/app/,https://edit.sc.egov.usda.gov/,https://www.epa.gov/eco-research/ecoregions,https://tpwd.texas.gov/landwater/land/programs/landscape-ecology/ems/,Shallow Upland Prairie
Clematis drummondii,Clematis drummondii,296,Clematis drummondii,Clematis drummondii,Old Man's Beard,Upland prairie and open grassland systems,Shallow Upland Prairie,sandy/loamy upland prairie or open field,sandy/loamy upland prairie or open field,"Dry , Moist; Low; Sun , Part Shade",,High,No,Publish now,Literature-supported microregion assignment; field/GIS confirmation can be added in a later release.,"LBJ/USDA/FNA/USACE support species habitat traits; NRCS/EPA/TPWD links support site/soil/ecoregion/vegetation validation, not species identity.",v1-online-public-draft,2026-05-27,clematis-drummondii,https://www.wildflower.org/plants/result.php?id_plant=CLDR,https://plants.usda.gov/home/basicSearchResults?searchString=Clematis+drummondii,https://floranorthamerica.org/Special:Search?search=Clematis+drummondii,https://floranorthamerica.org/Clematis_drummondii,https://wetland-plants.sec.usace.army.mil/,https://websoilsurvey.nrcs.usda.gov/app/,https://edit.sc.egov.usda.gov/,https://www.epa.gov/eco-research/ecoregions,https://tpwd.texas.gov/landwater/land/programs/landscape-ecology/ems/,Karst Outcrops
Clematis pitcheri,Clematis pitcheri,297,Clematis pitcheri,Clematis pitcheri,"Purple Leatherflower, Purple Clematis, Leatherflower, Bluebill, Bellflower Clematis, Pitcher's Clematis",Woodland and karst upland systems,Karst Outcrops,"limestone ledge, cliff, or bluff","limestone ledge, cliff, or bluff","Moist; Medium; Sun , Part Shade","Region: AGCP AK AW CB EMP GP HI MW NCNE WMVE Status: FACU FACU FACU FACU FACU FACU FACU | This information is derived from: U.S. Army Corps of Engineers. (2023). 2022 National Wetland Plant List, version 3.6. U.S. Army Engineer Research and Development Center, Vicksburg, MS. | https://wetland-plants.usace.army.mil/ | . | Click here | for map of regions.",Medium,Optional,Publish with caveat,"Usable for public draft release, but should remain flagged as provisional until optional spot-check or field/GIS support is added.","LBJ/USDA/FNA/USACE support species habitat traits; NRCS/EPA/TPWD links support site/soil/ecoregion/vegetation validation, not species identity.",v1-online-public-draft,2026-05-27,clematis-pitcheri,https://www.wildflower.org/plants/result.php?id_plant=CLPI,https://plants.usda.gov/home/basicSearchResults?searchString=Clematis+pitcheri,https://floranorthamerica.org/Special:Search?search=Clematis+pitcheri,https://floranorthamerica.org/Clematis_pitcheri,https://wetland-plants.sec.usace.army.mil/,https://websoilsurvey.nrcs.usda.gov/app/,https://edit.sc.egov.usda.gov/,https://www.epa.gov/eco-research/ecoregions,https://tpwd.texas.gov/landwater/land/programs/landscape-ecology/ems/,Shallow Upland Prairie
Clematis texensis,Clematis texensis,298,Clematis texensis,Clematis texensis,"Scarlet Clematis, Scarlet Leatherflower, Texas Clematis",Woodland and karst upland systems,Karst Outcrops,"limestone ledge, cliff, or bluff","limestone ledge, cliff, or bluff",Moist; Low; Part Shade,,Medium,Optional,Publish with caveat,"Usable for public draft release, but should remain flagged as provisional until optional spot-check or field/GIS support is added.","LBJ/USDA/FNA/USACE support species habitat traits; NRCS/EPA/TPWD links support site/soil/ecoregion/vegetation validation, not species identity.",v1-online-public-draft,2026-05-27,clematis-texensis,https://www.wildflower.org/plants/result.php?id_plant=CLTE2,https://plants.usda.gov/home/basicSearchResults?searchString=Clematis+texensis,https://floranorthamerica.org/Special:Search?search=Clematis+texensis,https://floranorthamerica.org/Clematis_texensis,https://wetland-plants.sec.usace.army.mil/,https://websoilsurvey.nrcs.usda.gov/app/,https://edit.sc.egov.usda.gov/,https://www.epa.gov/eco-research/ecoregions,https://tpwd.texas.gov/landwater/land/programs/landscape-ecology/ems/,Shallow Upland Prairie
Cocculus carolinus,Cocculus carolinus,299,Cocculus carolinus,Cocculus carolinus,Carolina Snailseed,Woodland and karst upland systems,Karst Outcrops,"limestone ledge, cliff, or bluff","limestone ledge, cliff, or bluff",Moist; Low; Part Shade,"Region: AGCP AK AW CB EMP GP HI MW NCNE WMVE Status: FAC FACU FAC FACU FAC | This information is derived from: U.S. Army Corps of Engineers. (2023). 2022 National Wetland Plant List, version 3.6. U.S. Army Engineer Research and Development Center, Vicksburg, MS. | https://wetland-plants.usace.army.mil/ | . | Click here | for map of regions.",High,No,Publish now,Literature-supported microregion assignment; field/GIS confirmation can be added in a later release.,"LBJ/USDA/FNA/USACE support species habitat traits; NRCS/EPA/TPWD links support site/soil/ecoregion/vegetation validation, not species identity.",v1-online-public-draft,2026-05-27,cocculus-carolinus,https://www.wildflower.org/plants/result.php?id_plant=COCA,https://plants.usda.gov/home/basicSearchResults?searchString=Cocculus+carolinus,https://floranorthamerica.org/Special:Search?search=Cocculus+carolinus,https://floranorthamerica.org/Cocculus_carolinus,https://wetland-plants.sec.usace.army.mil/,https://websoilsurvey.nrcs.usda.gov/app/,https://edit.sc.egov.usda.gov/,https://www.epa.gov/eco-research/ecoregions,https://tpwd.texas.gov/landwater/land/programs/landscape-ecology/ems/,
Cynanchum barbigerum,Cynanchum barbigerum,300,Cynanchum barbigerum,Cynanchum barbigerum,"Cynanchum, Bearded Swallow-wort, Thicket Threadvine","Ecotone, thicket, and disturbance-edge systems",Ecotone / Edge Thicket,woodland/wood edge; dry upland; sunny open,"climbing vine, low-water sunny/edge context",Sun,,Medium,Optional,Publish with caveat,"Usable for public draft release, but should remain flagged as provisional until optional spot-check or field/GIS support is added.","LBJ/USDA/FNA/USACE support species habitat traits; NRCS/EPA/TPWD links support site/soil/ecoregion/vegetation validation, not species identity.",v1-online-public-draft,2026-05-27,cynanchum-barbigerum,https://www.wildflower.org/plants/result.php?id_plant=CYBA,https://plants.usda.gov/home/basicSearchResults?searchString=Cynanchum+barbigerum,https://floranorthamerica.org/Special:Search?search=Cynanchum+barbigerum,https://floranorthamerica.org/Cynanchum_barbigerum,https://wetland-plants.sec.usace.army.mil/,https://websoilsurvey.nrcs.usda.gov/app/,https://edit.sc.egov.usda.gov/,https://www.epa.gov/eco-research/ecoregions,https://tpwd.texas.gov/landwater/land/programs/landscape-ecology/ems/,Upland Woodland; Shallow Upland Prairie
Funastrum cynanchoides,Funastrum cynanchoides,301,Funastrum cynanchoides,Funastrum cynanchoides,"Fringed Twinevine, Climbing Milkweed Vine, Twine-vine","Ecotone, thicket, and disturbance-edge systems",Ecotone / Edge Thicket,limestone/caliche/calcareous; deep clay/swale; woodland/wood edge; dry upland; moist mesic; shade/part shade,"chaparral/brush country, open woodlands, dry limestone/caliche",Dry; Medium; Part Shade,"Region: AGCP AK AW CB EMP GP HI MW NCNE WMVE Status: FACU FACU FACU FACU FAC | This information is derived from: U.S. Army Corps of Engineers. (2023). 2022 National Wetland Plant List, version 3.6. U.S. Army Engineer Research and Development Center, Vicksburg, MS. | https://wetland-plants.usace.army.mil/ | . | Click here | for map of regions.",High,No,Publish now,Literature-supported microregion assignment; field/GIS confirmation can be added in a later release.,"LBJ/USDA/FNA/USACE support species habitat traits; NRCS/EPA/TPWD links support site/soil/ecoregion/vegetation validation, not species identity.",v1-online-public-draft,2026-05-27,funastrum-cynanchoides,https://www.wildflower.org/plants/result.php?id_plant=FUCY,https://plants.usda.gov/home/basicSearchResults?searchString=Funastrum+cynanchoides,https://floranorthamerica.org/Special:Search?search=Funastrum+cynanchoides,https://floranorthamerica.org/Funastrum_cynanchoides,https://wetland-plants.sec.usace.army.mil/,https://websoilsurvey.nrcs.usda.gov/app/,https://edit.sc.egov.usda.gov/,https://www.epa.gov/eco-research/ecoregions,https://tpwd.texas.gov/landwater/land/programs/landscape-ecology/ems/,Upland Woodland; Karst Outcrops; Shallow Upland Prairie
Lonicera albiflora,Lonicera albiflora,302,Lonicera albiflora,Lonicera albiflora,"Western White Honeysuckle, White Shrub Honeysuckle, White Bush Honeysuckle, White Limestone Honeysuckle, Texas Honeysuckle, White Honeysuckle",Woodland and karst upland systems,Karst Outcrops,"limestone ledge, cliff, or bluff","limestone ledge, cliff, or bluff","Dry , Moist; Low; Sun , Part Shade",,Medium,Optional,Publish with caveat,"Usable for public draft release, but should remain flagged as provisional until optional spot-check or field/GIS support is added.","LBJ/USDA/FNA/USACE support species habitat traits; NRCS/EPA/TPWD links support site/soil/ecoregion/vegetation validation, not species identity.",v1-online-public-draft,2026-05-27,lonicera-albiflora,https://www.wildflower.org/plants/result.php?id_plant=LOAL,https://plants.usda.gov/home/basicSearchResults?searchString=Lonicera+albiflora,https://floranorthamerica.org/Special:Search?search=Lonicera+albiflora,https://floranorthamerica.org/Lonicera_albiflora,https://wetland-plants.sec.usace.army.mil/,https://websoilsurvey.nrcs.usda.gov/app/,https://edit.sc.egov.usda.gov/,https://www.epa.gov/eco-research/ecoregions,https://tpwd.texas.gov/landwater/land/programs/landscape-ecology/ems/,Shallow Upland Prairie
Lonicera sempervirens,Lonicera sempervirens,303,Lonicera sempervirens,Lonicera sempervirens,"Coral Honeysuckle, Trumpet Honeysuckle, Woodbine",Upland prairie and open grassland systems,Shallow Upland Prairie,sandy/loamy upland prairie or open field,sandy/loamy upland prairie or open field,"Moist; Medium; Sun , Part Shade; Medium","Region: AGCP AK AW CB EMP GP HI MW NCNE WMVE Status: FACU FACU FAC FACU FACU | This information is derived from: U.S. Army Corps of Engineers. (2023). 2022 National Wetland Plant List, version 3.6. U.S. Army Engineer Research and Development Center, Vicksburg, MS. | https://wetland-plants.usace.army.mil/ | . | Click here | for map of regions.",High,No,Publish now,Literature-supported microregion assignment; field/GIS confirmation can be added in a later release.,"LBJ/USDA/FNA/USACE support species habitat traits; NRCS/EPA/TPWD links support site/soil/ecoregion/vegetation validation, not species identity.",v1-online-public-draft,2026-05-27,lonicera-sempervirens,https://www.wildflower.org/plants/result.php?id_plant=LOSE,https://plants.usda.gov/home/basicSearchResults?searchString=Lonicera+sempervirens,https://floranorthamerica.org/Special:Search?search=Lonicera+sempervirens,https://floranorthamerica.org/Lonicera_sempervirens,https://wetland-plants.sec.usace.army.mil/,https://websoilsurvey.nrcs.usda.gov/app/,https://edit.sc.egov.usda.gov/,https://www.epa.gov/eco-research/ecoregions,https://tpwd.texas.gov/landwater/land/programs/landscape-ecology/ems/,
Matelea biflora,Matelea biflora,304,Matelea biflora,Matelea biflora,"Star Milkvine, Purple Milkweed Vine",Upland prairie and open grassland systems,Shallow Upland Prairie,open dry upland prairie/grassland,open dry upland prairie/grassland,"Dry; Sun , Part Shade",,High,No,Publish now,Literature-supported microregion assignment; field/GIS confirmation can be added in a later release.,"LBJ/USDA/FNA/USACE support species habitat traits; NRCS/EPA/TPWD links support site/soil/ecoregion/vegetation validation, not species identity.",v1-online-public-draft,2026-05-27,matelea-biflora,https://www.wildflower.org/plants/result.php?id_plant=MABI6,https://plants.usda.gov/home/basicSearchResults?searchString=Matelea+biflora,https://floranorthamerica.org/Special:Search?search=Matelea+biflora,https://floranorthamerica.org/Matelea_biflora,https://wetland-plants.sec.usace.army.mil/,https://websoilsurvey.nrcs.usda.gov/app/,https://edit.sc.egov.usda.gov/,https://www.epa.gov/eco-research/ecoregions,https://tpwd.texas.gov/landwater/land/programs/landscape-ecology/ems/,
Matelea reticulata,Matelea reticulata,305,Matelea reticulata,Matelea reticulata,"Pearl Milkweed Vine, Netted Milkvine, Green Milkweed Vine, Net Vein Milkvine",Woodland and karst upland systems,Upland Woodland,rocky/ledge/slope; woodland/wood edge; dry upland; moist mesic; shade/part shade,sandy/rocky soil in open woodlands and forest edges,Dry; Low; Part Shade,,High,No,Publish now,Literature-supported microregion assignment; field/GIS confirmation can be added in a later release.,"LBJ/USDA/FNA/USACE support species habitat traits; NRCS/EPA/TPWD links support site/soil/ecoregion/vegetation validation, not species identity.",v1-online-public-draft,2026-05-27,matelea-reticulata,https://www.wildflower.org/plants/result.php?id_plant=MARE4,https://plants.usda.gov/home/basicSearchResults?searchString=Matelea+reticulata,https://floranorthamerica.org/Special:Search?search=Matelea+reticulata,https://floranorthamerica.org/Matelea_reticulata,https://wetland-plants.sec.usace.army.mil/,https://websoilsurvey.nrcs.usda.gov/app/,https://edit.sc.egov.usda.gov/,https://www.epa.gov/eco-research/ecoregions,https://tpwd.texas.gov/landwater/land/programs/landscape-ecology/ems/,Ecotone / Edge Thicket; Karst Outcrops; Shallow Upland Prairie
Maurandella antirrhiniflora,Maurandella antirrhiniflora,306,Maurandella antirrhiniflora,Maurandella antirrhiniflora,"Snapdragon Vine , Roving Sailor, Climbing Snapdragon, Little Snapdragon Vine",Woodland and karst upland systems,Karst Outcrops,"limestone ledge, cliff, or bluff","limestone ledge, cliff, or bluff",Dry; Medium; Part Shade; High,,High,No,Publish now,Literature-supported microregion assignment; field/GIS confirmation can be added in a later release.,"LBJ/USDA/FNA/USACE support species habitat traits; NRCS/EPA/TPWD links support site/soil/ecoregion/vegetation validation, not species identity.",v1-online-public-draft,2026-05-27,maurandella-antirrhiniflora,https://www.wildflower.org/plants/result.php?id_plant=MAAN9,https://plants.usda.gov/home/basicSearchResults?searchString=Maurandella+antirrhiniflora,https://floranorthamerica.org/Special:Search?search=Maurandella+antirrhiniflora,https://floranorthamerica.org/Maurandella_antirrhiniflora,https://wetland-plants.sec.usace.army.mil/,https://websoilsurvey.nrcs.usda.gov/app/,https://edit.sc.egov.usda.gov/,https://www.epa.gov/eco-research/ecoregions,https://tpwd.texas.gov/landwater/land/programs/landscape-ecology/ems/,
Merremia dissecta,Merremia dissecta,307,Merremia dissecta,Merremia dissecta,"Alamo Vine, Noyau Vine, Correhuela De Las Doce","Ecotone, thicket, and disturbance-edge systems",Ecotone / Edge Thicket,stream/river bank; disturbed/roadside/ditch; dry upland; moist mesic; sunny open; shade/part shade,"open/disturbed areas, stream banks, dry central Texas soils","Dry , Moist; Low , Medium; Sun , Part Shade","Region: AGCP AK AW CB EMP GP HI MW NCNE WMVE Status: FACU FAC FACU FACU FAC | This information is derived from: U.S. Army Corps of Engineers. (2023). 2022 National Wetland Plant List, version 3.6. U.S. Army Engineer Research and Development Center, Vicksburg, MS. | https://wetland-plants.usace.army.mil/ | . | Click here | for map of regions.",High,No,Publish now,Literature-supported microregion assignment; field/GIS confirmation can be added in a later release.,"LBJ/USDA/FNA/USACE support species habitat traits; NRCS/EPA/TPWD links support site/soil/ecoregion/vegetation validation, not species identity.",v1-online-public-draft,2026-05-27,merremia-dissecta,https://www.wildflower.org/plants/result.php?id_plant=MEDI2,https://plants.usda.gov/home/basicSearchResults?searchString=Merremia+dissecta,https://floranorthamerica.org/Special:Search?search=Merremia+dissecta,https://floranorthamerica.org/Merremia_dissecta,https://wetland-plants.sec.usace.army.mil/,https://websoilsurvey.nrcs.usda.gov/app/,https://edit.sc.egov.usda.gov/,https://www.epa.gov/eco-research/ecoregions,https://tpwd.texas.gov/landwater/land/programs/landscape-ecology/ems/,Riparian Banks; Shallow Upland Prairie
Parthenocissus quinquefolia,Parthenocissus quinquefolia,308,Parthenocissus quinquefolia,Parthenocissus quinquefolia,Virginia Creeper,Woodland and karst upland systems,Upland Woodland,stream/river bank; limestone/caliche/calcareous; rocky/ledge/slope; deep clay/swale; woodland/wood edge; dry upland; moist mesic; sunny open; shade/part shade,"open/shaded woods, streamsides, riverbanks, rocky limestone soils","Moist; Low; Sun , Part Shade , Shade; Medium","Region: AGCP AK AW CB EMP GP HI MW NCNE WMVE Status: FACU FAC FACU FACU FACU FACU FAC | This information is derived from: U.S. Army Corps of Engineers. (2023). 2022 National Wetland Plant List, version 3.6. U.S. Army Engineer Research and Development Center, Vicksburg, MS. | https://wetland-plants.usace.army.mil/ | . | Click here | for map of regions.",Medium,Optional,Publish with caveat,"Usable for public draft release, but should remain flagged as provisional until optional spot-check or field/GIS support is added.","LBJ/USDA/FNA/USACE support species habitat traits; NRCS/EPA/TPWD links support site/soil/ecoregion/vegetation validation, not species identity.",v1-online-public-draft,2026-05-27,parthenocissus-quinquefolia,https://www.wildflower.org/plants/result.php?id_plant=PAQU2,https://plants.usda.gov/home/basicSearchResults?searchString=Parthenocissus+quinquefolia,https://floranorthamerica.org/Special:Search?search=Parthenocissus+quinquefolia,https://floranorthamerica.org/Parthenocissus_quinquefolia,https://wetland-plants.sec.usace.army.mil/,https://websoilsurvey.nrcs.usda.gov/app/,https://edit.sc.egov.usda.gov/,https://www.epa.gov/eco-research/ecoregions,https://tpwd.texas.gov/landwater/land/programs/landscape-ecology/ems/,Riparian Banks; Ecotone / Edge Thicket; Karst Outcrops; Shallow Upland Prairie
Passiflora affinis,Passiflora affinis,309,Passiflora affinis,Passiflora affinis,"Yellow Passionflower, Bracted Passionflower",Woodland and karst upland systems,Karst Outcrops,rocky calcareous limestone outcrop,rocky calcareous limestone outcrop,"Dry , Moist; Low; Sun , Part Shade",,Medium,Optional,Publish with caveat,"Usable for public draft release, but should remain flagged as provisional until optional spot-check or field/GIS support is added.","LBJ/USDA/FNA/USACE support species habitat traits; NRCS/EPA/TPWD links support site/soil/ecoregion/vegetation validation, not species identity.",v1-online-public-draft,2026-05-27,passiflora-affinis,https://www.wildflower.org/plants/result.php?id_plant=PAAF,https://plants.usda.gov/home/basicSearchResults?searchString=Passiflora+affinis,https://floranorthamerica.org/Special:Search?search=Passiflora+affinis,https://floranorthamerica.org/Passiflora_affinis,https://wetland-plants.sec.usace.army.mil/,https://websoilsurvey.nrcs.usda.gov/app/,https://edit.sc.egov.usda.gov/,https://www.epa.gov/eco-research/ecoregions,https://tpwd.texas.gov/landwater/land/programs/landscape-ecology/ems/,Shallow Upland Prairie
Passiflora foetida,Passiflora foetida,310,Passiflora foetida,Passiflora foetida,"Corona De Cristo, Fetid Passionflower",Upland prairie and open grassland systems,Shallow Upland Prairie,sandy/loamy upland prairie or open field,sandy/loamy upland prairie or open field,"Dry; Medium; Sun , Part Shade","Region: AGCP AK AW CB EMP GP HI MW NCNE WMVE Status: FAC FACU FAC FAC FACU | This information is derived from: U.S. Army Corps of Engineers. (2023). 2022 National Wetland Plant List, version 3.6. U.S. Army Engineer Research and Development Center, Vicksburg, MS. | https://wetland-plants.usace.army.mil/ | . | Click here | for map of regions.",High,No,Publish now,Literature-supported microregion assignment; field/GIS confirmation can be added in a later release.,"LBJ/USDA/FNA/USACE support species habitat traits; NRCS/EPA/TPWD links support site/soil/ecoregion/vegetation validation, not species identity.",v1-online-public-draft,2026-05-27,passiflora-foetida,https://www.wildflower.org/plants/result.php?id_plant=PAFO2,https://plants.usda.gov/home/basicSearchResults?searchString=Passiflora+foetida,https://floranorthamerica.org/Special:Search?search=Passiflora+foetida,https://floranorthamerica.org/Passiflora_foetida,https://wetland-plants.sec.usace.army.mil/,https://websoilsurvey.nrcs.usda.gov/app/,https://edit.sc.egov.usda.gov/,https://www.epa.gov/eco-research/ecoregions,https://tpwd.texas.gov/landwater/land/programs/landscape-ecology/ems/,Karst Outcrops; Mesic Canyons & Seeps; Ecotone / Edge Thicket; Riparian Banks
Passiflora tenuiloba,Passiflora tenuiloba,311,Passiflora tenuiloba,Passiflora tenuiloba,"Slenderlobe Passionflower, Birdwing Passionflower",Woodland and karst upland systems,Karst Outcrops,rocky calcareous limestone outcrop,rocky calcareous limestone outcrop,Dry; Low; Part Shade,,High,No,Publish now,Literature-supported microregion assignment; field/GIS confirmation can be added in a later release.,"LBJ/USDA/FNA/USACE support species habitat traits; NRCS/EPA/TPWD links support site/soil/ecoregion/vegetation validation, not species identity.",v1-online-public-draft,2026-05-27,passiflora-tenuiloba,https://www.wildflower.org/plants/result.php?id_plant=PATE9,https://plants.usda.gov/home/basicSearchResults?searchString=Passiflora+tenuiloba,https://floranorthamerica.org/Special:Search?search=Passiflora+tenuiloba,https://floranorthamerica.org/Passiflora_tenuiloba,https://wetland-plants.sec.usace.army.mil/,https://websoilsurvey.nrcs.usda.gov/app/,https://edit.sc.egov.usda.gov/,https://www.epa.gov/eco-research/ecoregions,https://tpwd.texas.gov/landwater/land/programs/landscape-ecology/ems/,Karst Outcrops
Vitis mustangensis,Vitis mustangensis,312,Vitis mustangensis,Vitis mustangensis,Mustang Grape,Upland prairie and open grassland systems,Shallow Upland Prairie,sandy/loamy upland prairie or open field,sandy/loamy upland prairie or open field,Dry; Medium; Part Shade,,Medium,Optional,Publish with caveat,"Usable for public draft release, but should remain flagged as provisional until optional spot-check or field/GIS support is added.","LBJ/USDA/FNA/USACE support species habitat traits; NRCS/EPA/TPWD links support site/soil/ecoregion/vegetation validation, not species identity.",v1-online-public-draft,2026-05-27,vitis-mustangensis,https://www.wildflower.org/plants/result.php?id_plant=VIMU2,https://plants.usda.gov/home/basicSearchResults?searchString=Vitis+mustangensis,https://floranorthamerica.org/Special:Search?search=Vitis+mustangensis,https://floranorthamerica.org/Vitis_mustangensis,https://wetland-plants.sec.usace.army.mil/,https://websoilsurvey.nrcs.usda.gov/app/,https://edit.sc.egov.usda.gov/,https://www.epa.gov/eco-research/ecoregions,https://tpwd.texas.gov/landwater/land/programs/landscape-ecology/ems/,Riparian Banks
Juncus texanus,Juncus texanus,314,Juncus texanus,Juncus texanus,Texas Rush,Riparian and floodplain systems,Riparian Banks,wet rush habitat; wetland margin; swale/ditch/stream or pond edge; site hydrology needed,wet rush habitat; wetland margin; swale/ditch/stream or pond edge; site hydrology needed,,"Region: AGCP AK AW CB EMP GP HI MW NCNE WMVE Status: OBL OBL | This information is derived from: U.S. Army Corps of Engineers. (2023). 2022 National Wetland Plant List, version 3.6. U.S. Army Engineer Research and Development Center, Vicksburg, MS. | https://wetland-plants.usace.army.mil/ | . | Click here | for map of regions.",Medium,Optional,Publish with caveat,"Usable for public draft release, but should remain flagged as provisional until optional spot-check or field/GIS support is added.","LBJ/USDA/FNA/USACE support species habitat traits; NRCS/EPA/TPWD links support site/soil/ecoregion/vegetation validation, not species identity.",v1-online-public-draft,2026-05-27,juncus-texanus,https://www.wildflower.org/plants/result.php?id_plant=JUTE3,https://plants.usda.gov/home/basicSearchResults?searchString=Juncus+texanus,https://floranorthamerica.org/Special:Search?search=Juncus+texanus,https://floranorthamerica.org/Juncus_texanus,https://wetland-plants.sec.usace.army.mil/,https://websoilsurvey.nrcs.usda.gov/app/,https://edit.sc.egov.usda.gov/,https://www.epa.gov/eco-research/ecoregions,https://tpwd.texas.gov/landwater/land/programs/landscape-ecology/ems/,Aquatic / Spring Runs; Deep Clay Prairie
Leptochloa dubia,Leptochloa dubia,315,Leptochloa dubia,Leptochloa dubia,Green Sprangletop,Upland prairie and open grassland systems,Shallow Upland Prairie,sandy/loamy upland prairie or open field,sandy/loamy upland prairie or open field,Dry; Medium; Part Shade; High,,High,No,Publish now,Literature-supported microregion assignment; field/GIS confirmation can be added in a later release.,"LBJ/USDA/FNA/USACE support species habitat traits; NRCS/EPA/TPWD links support site/soil/ecoregion/vegetation validation, not species identity.",v1-online-public-draft,2026-05-27,leptochloa-dubia,https://www.wildflower.org/plants/result.php?id_plant=LEDU,https://plants.usda.gov/home/basicSearchResults?searchString=Leptochloa+dubia,https://floranorthamerica.org/Special:Search?search=Leptochloa+dubia,https://floranorthamerica.org/Leptochloa_dubia,https://wetland-plants.sec.usace.army.mil/,https://websoilsurvey.nrcs.usda.gov/app/,https://edit.sc.egov.usda.gov/,https://www.epa.gov/eco-research/ecoregions,https://tpwd.texas.gov/landwater/land/programs/landscape-ecology/ems/,Karst Outcrops
Simsia calva,Simsia calva,317,Simsia calva,Simsia calva,Awnless Bushsunflower,Upland prairie and open grassland systems,Shallow Upland Prairie,open dry upland prairie/grassland,open dry upland prairie/grassland,Dry; Sun,,High,No,Publish now,Literature-supported microregion assignment; field/GIS confirmation can be added in a later release.,"LBJ/USDA/FNA/USACE support species habitat traits; NRCS/EPA/TPWD links support site/soil/ecoregion/vegetation validation, not species identity.",v1-online-public-draft,2026-05-27,simsia-calva,https://www.wildflower.org/plants/result.php?id_plant=SICA7,https://plants.usda.gov/home/basicSearchResults?searchString=Simsia+calva,https://floranorthamerica.org/Special:Search?search=Simsia+calva,https://floranorthamerica.org/Simsia_calva,https://wetland-plants.sec.usace.army.mil/,https://websoilsurvey.nrcs.usda.gov/app/,https://edit.sc.egov.usda.gov/,https://www.epa.gov/eco-research/ecoregions,https://tpwd.texas.gov/landwater/land/programs/landscape-ecology/ems/,Shallow Upland Prairie
Plectocephalus americanus,Plectocephalus americanus,318,Plectocephalus americanus,Plectocephalus americanus,American Basket-flower,Upland prairie and open grassland systems,Shallow Upland Prairie,prairie/open field/meadow; woodland/wood edge; deep clay/swale; dry upland; sunny open; shade/part shade,"woodland edge, openings, prairie, plains, meadows, pastures, savannas","Dry; Low; Sun , Part Shade",,High,No,Publish now,Literature-supported microregion assignment; field/GIS confirmation can be added in a later release.,"LBJ/USDA/FNA/USACE support species habitat traits; NRCS/EPA/TPWD links support site/soil/ecoregion/vegetation validation, not species identity.",v1-online-public-draft,2026-05-27,plectocephalus-americanus,https://www.wildflower.org/plants/result.php?id_plant=PLAM3,https://plants.usda.gov/home/basicSearchResults?searchString=Plectocephalus+americanus,https://floranorthamerica.org/Special:Search?search=Plectocephalus+americanus,https://floranorthamerica.org/Plectocephalus_americanus,https://wetland-plants.sec.usace.army.mil/,https://websoilsurvey.nrcs.usda.gov/app/,https://edit.sc.egov.usda.gov/,https://www.epa.gov/eco-research/ecoregions,https://tpwd.texas.gov/landwater/land/programs/landscape-ecology/ems/,Upland Savanna; Deep Clay Prairie; Ecotone / Edge Thicket
