Plant_ID,Scientific Name,Common Name(s),Family,Duration,Deciduous/ Evergreen (green in winter),Growth Habitat,Habit,Sun/Shade Requirements,Light Requirement,Water Req.,Water Use,Avg Height (ft),Avg Width (ft),Soil Moisture,Bloom Time,Bloom Color,Attracts,Larval Host,Birds Using This Plant,Bird Use Sources,Microregion Group,Primary Microregion,Secondary Microregions,Fine Habitat Tags,Fine Habitat Summary,Microregion Moisture / Water / Light,Microregion Confidence,Microregion Review Needed,Microregion Public Status,Microregion Publication Note,Microregion Source Note,Microregion Dataset Version,Microregion Last Updated,Microregion Online Slug,LBJ URL,Microregion LBJ Profile URL,USDA Plants URL,FNA Search URL,Wetland Plant List URL,NRCS Web Soil Survey URL,EPA Ecoregions URL,TPWD EMS URL,Public Data Note,Wetland Status Summary,NPSOT Propagation Common Name,NPSOT Propagation Materials,NPSOT Propagation Treatment Tags,NPSOT Propagation Public Note,NPSOT Propagation Source URL,NPSOT Propagation References,Nectar Source,LBJ Manual URL
Abutilon fruticosum,Abutilon fruticosum,"Indian Mallow, Texas Indian Mallow",Malvaceae,Perennial,Deciduous,Subshrub,Herb,Sun,Sun,Low,Low,2–4,2–3,Dry,"Jun, Jul, Aug, Sep, Oct","Orange, Yellow","Birds, Butterflies",Larval plant food for several species of skipper butterflies.,Mourning Dove (Zenaida macroura); Northern Bobwhite (Colinus virginianus),USDA Texas Indian Mallow Plant Fact Sheet: https://plants.usda.gov/DocumentLibrary/factsheet/pdf/fs_abfr3.pdf,Woodland and karst upland systems,Karst Outcrops,Shallow Upland Prairie,"limestone ledge, cliff, or bluff","limestone ledge, cliff, or bluff",Dry; Low; Sun,Medium,Optional,Publish with caveat,"Usable for public draft release, but should remain flagged as provisional until optional spot-check or field/GIS support is added.","LBJ/USDA/FNA/USACE support species habitat traits; NRCS/EPA/TPWD links support site/soil/ecoregion/vegetation validation, not species identity.",v1-online-public-draft,2026-05-27,abutilon-fruticosum,https://www.wildflower.org/plants/result.php?id_plant=ABFR3,https://www.wildflower.org/plants/result.php?id_plant=ABFR3,https://plants.usda.gov/home/basicSearchResults?searchString=Abutilon+fruticosum,https://floranorthamerica.org/Special:Search?search=Abutilon+fruticosum,https://wetland-plants.sec.usace.army.mil/,https://websoilsurvey.nrcs.usda.gov/app/,https://www.epa.gov/eco-research/ecoregions,https://tpwd.texas.gov/landwater/land/programs/landscape-ecology/ems/,"Public dashboard field. Long source prose, photos, image URLs, full source protocols, and page boilerplate are intentionally excluded from public data files. Use linked source pages for full context.",,,,,,,,,
Acer grandidentatum,Acer grandidentatum,"Bigtooth Maple, Big-toothed Maple, Uvalde Bigtooth Maple, Southwestern Bigtooth Maple, Canyon Maple, Sabinal Maple, Western Sugar Maple",Sapindaceae,Perennial,Deciduous,Tree,"Shrub, Tree","Sun, Part Shade",Sun,Medium,Medium,20–30,15–25,Moist,"Mar, Apr","Yellow, Green",,,,,Woodland and karst upland systems,Mesic Canyons & Seeps,Upland Woodland; Karst Outcrops; Shallow Upland Prairie; Deep Clay Prairie,ravine/canyon/depression; limestone/caliche/calcareous; deep clay/swale; woodland/wood edge; moist mesic; sunny open,moist canyon/plateau woodland soils,Moist; Medium; Sun,Medium,Optional,Publish with caveat,"Usable for public draft release, but should remain flagged as provisional until optional spot-check or field/GIS support is added.","LBJ/USDA/FNA/USACE support species habitat traits; NRCS/EPA/TPWD links support site/soil/ecoregion/vegetation validation, not species identity.",v1-online-public-draft,2026-05-27,acer-grandidentatum,https://www.wildflower.org/plants/result.php?id_plant=ACGR3,https://www.wildflower.org/plants/result.php?id_plant=ACGR3,https://plants.usda.gov/home/basicSearchResults?searchString=Acer+grandidentatum,https://floranorthamerica.org/Special:Search?search=Acer+grandidentatum,https://wetland-plants.sec.usace.army.mil/,https://websoilsurvey.nrcs.usda.gov/app/,https://www.epa.gov/eco-research/ecoregions,https://tpwd.texas.gov/landwater/land/programs/landscape-ecology/ems/,"Public dashboard field. Long source prose, photos, image URLs, full source protocols, and page boilerplate are intentionally excluded from public data files. Use linked source pages for full context.",Region: AGCP AK AW CB EMP GP HI MW NCNE WMVE Status: FACU FAC FACU,Bigtooth Maple,Seed | Stem,No Treatment | Cutting | Stratification,Materials listed: Seed | Stem. Treatment tags listed: No Treatment | Cutting | Stratification. Full propagation instructions are not reproduced in this public dataset; use the linked NPSOT/source pages for complete protocols.,https://www.npsot.org/posts/native-plant/acer-grandidentatum/,https://npn.rngr.net/renderNPNProtocolDetails?selectedProtocolIds=aceraceae-acer-2682 | https://www.wildflower.org/plants/result.php?id_plant=ACGR3 | https://www.prairiemoon.com/seeds/#/?resultsPerPage=24 | https://www.botanicgardens.org/blog/dark-side-propagating-maples#:~:text=The%20bigtooth%20maple%20Acer%20grandidentatum%20is%20a | https://extension.usu.edu/cwel/research/propagating-bigtooth-maple,,
Acer negundo,Acer negundo,Box Elder,Sapindaceae,Perennial,Deciduous,Tree,Tree,"Sun, Part Shade",Sun,Medium,Medium,48,40,Moist,"Mar, Apr","Yellow, Green, Brown",Birds,,,,Riparian and floodplain systems,Riparian Banks,,alluvial floodplain or creek terrace,alluvial floodplain or creek terrace,Moist; Medium; Sun; High; High,High,No,Publish now,Literature-supported microregion assignment; field/GIS confirmation can be added in a later release.,"LBJ/USDA/FNA/USACE support species habitat traits; NRCS/EPA/TPWD links support site/soil/ecoregion/vegetation validation, not species identity.",v1-online-public-draft,2026-05-27,acer-negundo,https://www.wildflower.org/plants/result.php?id_plant=ACNE2,https://www.wildflower.org/plants/result.php?id_plant=ACNE2,https://plants.usda.gov/home/basicSearchResults?searchString=Acer+negundo,https://floranorthamerica.org/Special:Search?search=Acer+negundo,https://wetland-plants.sec.usace.army.mil/,https://websoilsurvey.nrcs.usda.gov/app/,https://www.epa.gov/eco-research/ecoregions,https://tpwd.texas.gov/landwater/land/programs/landscape-ecology/ems/,"Public dashboard field. Long source prose, photos, image URLs, full source protocols, and page boilerplate are intentionally excluded from public data files. Use linked source pages for full context.",Region: AGCP AK AW CB EMP GP HI MW NCNE WMVE Status: FAC FACW FAC FAC FAC FAC FAC,Box Elder,Seed,Scarification,Materials listed: Seed. Treatment tags listed: Scarification. Full propagation instructions are not reproduced in this public dataset; use the linked NPSOT/source pages for complete protocols.,https://www.npsot.org/posts/native-plant/acer-negundo/,https://npn.rngr.net/renderNPNProtocolDetails?selectedProtocolIds=aceraceae-acer-1120,,
Achillea millefolium,Achillea millefolium,"Common Yarrow, Western Yarrow, Yarrow, Milfoil",Asteraceae,Perennial,Deciduous,Herb,Herb,"Sun, Part Shade","Sun, Part Shade",Medium,Medium,1–3,1–2,Dry,"Apr, May, Jun, Jul, Aug, Sep","White, Pink",,,,,Upland prairie and open grassland systems,Shallow Upland Prairie,Shallow Upland Prairie; Ecotone / Edge Thicket,open dry upland prairie/grassland,open dry upland prairie/grassland,"Dry; Medium; Sun, Part Shade; Medium; High",Medium,Optional,Publish with caveat,"Usable for public draft release, but should remain flagged as provisional until optional spot-check or field/GIS support is added.","LBJ/USDA/FNA/USACE support species habitat traits; NRCS/EPA/TPWD links support site/soil/ecoregion/vegetation validation, not species identity.",v1-online-public-draft,2026-05-27,achillea-millefolium,https://www.wildflower.org/plants/result.php?id_plant=ACMI2,https://www.wildflower.org/plants/result.php?id_plant=ACMI2,https://plants.usda.gov/home/basicSearchResults?searchString=Achillea+millefolium,https://floranorthamerica.org/Special:Search?search=Achillea+millefolium,https://wetland-plants.sec.usace.army.mil/,https://websoilsurvey.nrcs.usda.gov/app/,https://www.epa.gov/eco-research/ecoregions,https://tpwd.texas.gov/landwater/land/programs/landscape-ecology/ems/,"Public dashboard field. Long source prose, photos, image URLs, full source protocols, and page boilerplate are intentionally excluded from public data files. Use linked source pages for full context.",Region: AGCP AK AW CB EMP GP HI MW NCNE WMVE Status: FACU FACU FACU FACU FACU UPL FACU FACU FACU,Common Yarrow,Seed | Root | Bud | Stem,Stratification | Cutting | Division,Materials listed: Seed | Root | Bud | Stem. Treatment tags listed: Stratification | Cutting | Division. Full propagation instructions are not reproduced in this public dataset; use the linked NPSOT/source pages for complete protocols.,https://www.npsot.org/posts/native-plant/achillea-millefolium/,https://www.nrcs.usda.gov/plantmaterials/mtpmcpg13974.pdf | https://www.wildflower.org/plants/result.php?id_plant=ACMI2 | https://nwdistrict.ifas.ufl.edu/hort/2024/02/29/the-art-of-propagating-yarrow-a-guide-to-successful-growth/ | https://propagate.one/how-to-propagate-achillea-millefolium/,,
Acleisanthes obtusa,Acleisanthes obtusa,Berlandier's Trumpet,Nyctaginaceae,Perennial,Deciduous,Vine,Vine,"Sun, Part Shade","Sun, Part Shade",Low,Low,6,no data,Dry,"Apr, May, Jun, Jul, Aug, Sep, Oct, Nov","White, Pink",,,,,Upland prairie and open grassland systems,Shallow Upland Prairie,Karst Outcrops,dry upland; moist mesic; sunny open; shade/part shade,dry low-water sun/part shade trumpet-flower,"Dry; Low; Sun, Part Shade; Medium",Medium,Optional,Publish with caveat,"Usable for public draft release, but should remain flagged as provisional until optional spot-check or field/GIS support is added.","LBJ/USDA/FNA/USACE support species habitat traits; NRCS/EPA/TPWD links support site/soil/ecoregion/vegetation validation, not species identity.",v1-online-public-draft,2026-05-27,acleisanthes-obtusa,https://www.wildflower.org/plants/result.php?id_plant=ACOB2,https://www.wildflower.org/plants/result.php?id_plant=ACOB2,https://plants.usda.gov/home/basicSearchResults?searchString=Acleisanthes+obtusa,https://floranorthamerica.org/Special:Search?search=Acleisanthes+obtusa,https://wetland-plants.sec.usace.army.mil/,https://websoilsurvey.nrcs.usda.gov/app/,https://www.epa.gov/eco-research/ecoregions,https://tpwd.texas.gov/landwater/land/programs/landscape-ecology/ems/,"Public dashboard field. Long source prose, photos, image URLs, full source protocols, and page boilerplate are intentionally excluded from public data files. Use linked source pages for full context.",,,,,,,,yes,
Acmella oppositifolia var. repens,Acmella oppositifolia var. repens,Spotflower,Asteraceae,Perennial,Deciduous,Herb,Herb,"Sun, Part Shade",Sun,Medium,Medium,0.5–1,0.5–1,,"Jul, Aug, Sep, Oct, Nov","Orange, Yellow, Green",,,,,"Ecotone, thicket, and disturbance-edge systems",Ecotone / Edge Thicket,Riparian Banks; Aquatic / Spring Runs,sunny open,disturbed wet/drying edge or drainage margin,Medium; Sun; Medium,Medium,Optional,Publish with caveat,"Usable for public draft release, but should remain flagged as provisional until optional spot-check or field/GIS support is added.","LBJ/USDA/FNA/USACE support species habitat traits; NRCS/EPA/TPWD links support site/soil/ecoregion/vegetation validation, not species identity.",v1-online-public-draft,2026-05-27,acmella-oppositifolia-var-repens,https://www.wildflower.org/plants/result.php?id_plant=ACOPR,https://www.wildflower.org/plants/result.php?id_plant=ACOPR,https://plants.usda.gov/home/basicSearchResults?searchString=Acmella+oppositifolia+var.+repens,https://floranorthamerica.org/Special:Search?search=Acmella+oppositifolia+var.+repens,https://wetland-plants.sec.usace.army.mil/,https://websoilsurvey.nrcs.usda.gov/app/,https://www.epa.gov/eco-research/ecoregions,https://tpwd.texas.gov/landwater/land/programs/landscape-ecology/ems/,"Public dashboard field. Long source prose, photos, image URLs, full source protocols, and page boilerplate are intentionally excluded from public data files. Use linked source pages for full context.",,,,,,,,,
Acourtia runcinata,Acourtia runcinata,"Featherleaf Desertpeony, Peonia",Asteraceae,Perennial,Deciduous,Herb,Herb,Sun,,Low,,1–2,1–2,,"Jan, Feb, Mar, Apr, May, Jun, Jul, Aug, Sep, Oct, Nov, Dec","Pink, Purple",,,,,Woodland and karst upland systems,Upland Woodland,Upland Savanna; Karst Outcrops; Ecotone / Edge Thicket,juniper/oak woodland or dry calcareous scrub,juniper/oak woodland or dry calcareous scrub,,High,No,Publish now,Literature-supported microregion assignment; field/GIS confirmation can be added in a later release.,"LBJ/USDA/FNA/USACE support species habitat traits; NRCS/EPA/TPWD links support site/soil/ecoregion/vegetation validation, not species identity.",v1-online-public-draft,2026-05-27,acourtia-runcinata,https://www.wildflower.org/plants/result.php?id_plant=ACRU3,https://www.wildflower.org/plants/result.php?id_plant=ACRU3,https://plants.usda.gov/home/basicSearchResults?searchString=Acourtia+runcinata,https://floranorthamerica.org/Special:Search?search=Acourtia+runcinata,https://wetland-plants.sec.usace.army.mil/,https://websoilsurvey.nrcs.usda.gov/app/,https://www.epa.gov/eco-research/ecoregions,https://tpwd.texas.gov/landwater/land/programs/landscape-ecology/ems/,"Public dashboard field. Long source prose, photos, image URLs, full source protocols, and page boilerplate are intentionally excluded from public data files. Use linked source pages for full context.",,,,,,,,,
Acourtia wrightii,Acourtia wrightii,"Brownfoot, Pink Perezia",Asteraceae,Perennial,Deciduous,Herb,Herb,Sun,Part Shade,Low,Low,1–2,1–2,Dry,"Mar, Apr, May, Jun, Jul, Aug, Sep, Oct, Nov","White, Pink",,,,,Upland prairie and open grassland systems,Shallow Upland Prairie,,sandy/loamy upland prairie or open field,sandy/loamy upland prairie or open field,Dry; Low; Part Shade,High,No,Publish now,Literature-supported microregion assignment; field/GIS confirmation can be added in a later release.,"LBJ/USDA/FNA/USACE support species habitat traits; NRCS/EPA/TPWD links support site/soil/ecoregion/vegetation validation, not species identity.",v1-online-public-draft,2026-05-27,acourtia-wrightii,https://www.wildflower.org/plants/result.php?id_plant=ACWR5,https://www.wildflower.org/plants/result.php?id_plant=ACWR5,https://plants.usda.gov/home/basicSearchResults?searchString=Acourtia+wrightii,https://floranorthamerica.org/Special:Search?search=Acourtia+wrightii,https://wetland-plants.sec.usace.army.mil/,https://websoilsurvey.nrcs.usda.gov/app/,https://www.epa.gov/eco-research/ecoregions,https://tpwd.texas.gov/landwater/land/programs/landscape-ecology/ems/,"Public dashboard field. Long source prose, photos, image URLs, full source protocols, and page boilerplate are intentionally excluded from public data files. Use linked source pages for full context.",,,,,,,,,
Adiantum pedatum,Adiantum pedatum,Maidenhair Fern,Pteridaceae,Perennial,Deciduous,Fern,Fern,"Shade, Part Shade","Part Shade, Shade",Medium,Medium,1–2,1–2,Moist,May–July,Not Applicable,,,,,Woodland and karst upland systems,Mesic Canyons & Seeps,,limestone seep or spring-influenced shade,limestone seep or spring-influenced shade,"Moist; Medium; Part Shade, Shade; Low; Low",High,No,Publish now,Literature-supported microregion assignment; field/GIS confirmation can be added in a later release.,"LBJ/USDA/FNA/USACE support species habitat traits; NRCS/EPA/TPWD links support site/soil/ecoregion/vegetation validation, not species identity.",v1-online-public-draft,2026-05-27,adiantum-pedatum,https://www.wildflower.org/plants/result.php?id_plant=ADPE,https://www.wildflower.org/plants/result.php?id_plant=ADPE,https://plants.usda.gov/home/basicSearchResults?searchString=Adiantum+pedatum,https://floranorthamerica.org/Special:Search?search=Adiantum+pedatum,https://wetland-plants.sec.usace.army.mil/,https://websoilsurvey.nrcs.usda.gov/app/,https://www.epa.gov/eco-research/ecoregions,https://tpwd.texas.gov/landwater/land/programs/landscape-ecology/ems/,"Public dashboard field. Long source prose, photos, image URLs, full source protocols, and page boilerplate are intentionally excluded from public data files. Use linked source pages for full context.",Region: AGCP AK AW CB EMP GP HI MW NCNE WMVE Status: FACU FAC FAC FACU FACU FAC,,,,,,,,
Aesculus glabra,Aesculus glabra,"Ohio Buckeye, Texas Buckeye, Fetid Buckeye, Horse Chestnut",Sapindaceae,Perennial,Deciduous,Tree,Tree,"Shade, Part Shade","Sun, Part Shade, Shade",Medium,Medium,20–40,15–30,Moist,"Mar, Apr, May","Yellow, Green, Brown",,,,,Riparian and floodplain systems,Riparian Banks,,stream/river bank,stream/river bank,"Moist; Medium; Sun, Part Shade, Shade; Medium",High,No,Publish now,Literature-supported microregion assignment; field/GIS confirmation can be added in a later release.,"LBJ/USDA/FNA/USACE support species habitat traits; NRCS/EPA/TPWD links support site/soil/ecoregion/vegetation validation, not species identity.",v1-online-public-draft,2026-05-27,aesculus-glabra,https://www.wildflower.org/plants/result.php?id_plant=AEGL,https://www.wildflower.org/plants/result.php?id_plant=AEGL,https://plants.usda.gov/home/basicSearchResults?searchString=Aesculus+glabra,https://floranorthamerica.org/Special:Search?search=Aesculus+glabra,https://wetland-plants.sec.usace.army.mil/,https://websoilsurvey.nrcs.usda.gov/app/,https://www.epa.gov/eco-research/ecoregions,https://tpwd.texas.gov/landwater/land/programs/landscape-ecology/ems/,"Public dashboard field. Long source prose, photos, image URLs, full source protocols, and page boilerplate are intentionally excluded from public data files. Use linked source pages for full context.",Region: AGCP AK AW CB EMP GP HI MW NCNE WMVE Status: FACU FACU FAC FAC FAC,Texas Buckeye,Seed,Stratification,Materials listed: Seed. Treatment tags listed: Stratification. Full propagation instructions are not reproduced in this public dataset; use the linked NPSOT/source pages for complete protocols.,https://www.npsot.org/posts/native-plant/aesculus-glabra/,https://www.wildflower.org/plants/result.php?id_plant=AEGL,,
Aesculus pavia,Aesculus pavia,"Red Buckeye, Scarlet Buckeye, Firecracker Plant",Sapindaceae,Perennial,Deciduous,Tree,"Shrub, Tree",Part Shade,Part Shade,Medium,"Medium, High",12–20,10–15,Moist,"Mar, Apr, May","Red, Yellow",Hummingbirds,,,,Woodland and karst upland systems,Karst Outcrops,Shallow Upland Prairie,rocky calcareous limestone outcrop,rocky calcareous limestone outcrop,"Moist; Medium, High; Part Shade; Medium; Medium",High,No,Publish now,Literature-supported microregion assignment; field/GIS confirmation can be added in a later release.,"LBJ/USDA/FNA/USACE support species habitat traits; NRCS/EPA/TPWD links support site/soil/ecoregion/vegetation validation, not species identity.",v1-online-public-draft,2026-05-27,aesculus-pavia,https://www.wildflower.org/plants/result.php?id_plant=AEPA,https://www.wildflower.org/plants/result.php?id_plant=AEPA,https://plants.usda.gov/home/basicSearchResults?searchString=Aesculus+pavia,https://floranorthamerica.org/Special:Search?search=Aesculus+pavia,https://wetland-plants.sec.usace.army.mil/,https://websoilsurvey.nrcs.usda.gov/app/,https://www.epa.gov/eco-research/ecoregions,https://tpwd.texas.gov/landwater/land/programs/landscape-ecology/ems/,"Public dashboard field. Long source prose, photos, image URLs, full source protocols, and page boilerplate are intentionally excluded from public data files. Use linked source pages for full context.",Region: AGCP AK AW CB EMP GP HI MW NCNE WMVE Status: FACU FAC FAC FAC,,,,,,,,
Agave americana,Agave americana,Blue Agave (Century Plant),Asparagaceae,Perennial,Evergreen,Succulent,Cactus/Succulent,Sun,Sun,Low,Low,6–10,6–8,Dry,"Jun, Jul",Yellow,,,,,Upland prairie and open grassland systems,Shallow Upland Prairie,Shallow Upland Prairie; Deep Clay Prairie,sandy/loamy upland prairie or open field,sandy/loamy upland prairie or open field,Dry; Low; Sun; Medium,High,No,Publish now,Literature-supported microregion assignment; field/GIS confirmation can be added in a later release.,"LBJ/USDA/FNA/USACE support species habitat traits; NRCS/EPA/TPWD links support site/soil/ecoregion/vegetation validation, not species identity.",v1-online-public-draft,2026-05-27,agave-americana,https://www.wildflower.org/plants/result.php?id_plant=AGAM,https://www.wildflower.org/plants/result.php?id_plant=AGAM,https://plants.usda.gov/home/basicSearchResults?searchString=Agave+americana,https://floranorthamerica.org/Special:Search?search=Agave+americana,https://wetland-plants.sec.usace.army.mil/,https://websoilsurvey.nrcs.usda.gov/app/,https://www.epa.gov/eco-research/ecoregions,https://tpwd.texas.gov/landwater/land/programs/landscape-ecology/ems/,"Public dashboard field. Long source prose, photos, image URLs, full source protocols, and page boilerplate are intentionally excluded from public data files. Use linked source pages for full context.",Region: AGCP AK AW CB EMP GP HI MW NCNE WMVE Status: UPL UPL UPL UPL UPL,Century Plant,Offshoots | Seed,Division | No Treatment,Materials listed: Offshoots | Seed. Treatment tags listed: Division | No Treatment. Full propagation instructions are not reproduced in this public dataset; use the linked NPSOT/source pages for complete protocols.,https://www.npsot.org/posts/native-plant/agave-americana/,https://www.gardenia.net/plant/agave-americana-century-plant#:~:text=Propagation:%20Agave%20americana%20can%20be | https://propagate.one/how-to-propagate-agave-americana/,,
Ageratina havanensis,Ageratina havanensis,"Shrubby Boneset, White Mistflower, White Shrub Mistflower, Havana Snakeroot",Asteraceae,Perennial,Deciduous,Shrub,Shrub,"Sun, Part Shade","Sun, Part Shade",Low,,3–5,3–5,Dry,"Apr, May, Jun, Jul, Sep, Oct, Nov, Dec","White, Pink","Butterflies, Hummingbirds",Rawson's Metalmark,,,Woodland and karst upland systems,Karst Outcrops,Upland Woodland,"limestone ledge, cliff, or bluff","limestone ledge, cliff, or bluff","Dry; Sun, Part Shade",High,No,Publish now,Literature-supported microregion assignment; field/GIS confirmation can be added in a later release.,"LBJ/USDA/FNA/USACE support species habitat traits; NRCS/EPA/TPWD links support site/soil/ecoregion/vegetation validation, not species identity.",v1-online-public-draft,2026-05-27,ageratina-havanensis,https://www.wildflower.org/plants/result.php?id_plant=AGHA4,https://www.wildflower.org/plants/result.php?id_plant=AGHA4,https://plants.usda.gov/home/basicSearchResults?searchString=Ageratina+havanensis,https://floranorthamerica.org/Special:Search?search=Ageratina+havanensis,https://wetland-plants.sec.usace.army.mil/,https://websoilsurvey.nrcs.usda.gov/app/,https://www.epa.gov/eco-research/ecoregions,https://tpwd.texas.gov/landwater/land/programs/landscape-ecology/ems/,"Public dashboard field. Long source prose, photos, image URLs, full source protocols, and page boilerplate are intentionally excluded from public data files. Use linked source pages for full context.",,White Mistflower,Stem | Clump,Cutting | Division,Materials listed: Stem | Clump. Treatment tags listed: Cutting | Division. Full propagation instructions are not reproduced in this public dataset; use the linked NPSOT/source pages for complete protocols.,https://www.npsot.org/posts/native-plant/ageratina-havanensis/,https://propagate.one/how-to-propagate-ageratina-havanensis/,yes,
Aloysia gratissima,Aloysia gratissima,"Whitebrush, Bee-brush, White-brush, Common Bee-brush, Beebrush, Privet Lippia",Verbenaceae,Perennial,Semi-Evergreen,Shrub,Shrub,Sun,"Sun, Part Shade",Low,Medium,6–12,6–8,Moist,"Mar, Apr, May, Jun, Jul, Aug, Sep, Oct, Nov",White,Birds,,,,Woodland and karst upland systems,Karst Outcrops,Shallow Upland Prairie,"limestone ledge, cliff, or bluff","limestone ledge, cliff, or bluff","Moist; Medium; Sun, Part Shade",High,No,Publish now,Literature-supported microregion assignment; field/GIS confirmation can be added in a later release.,"LBJ/USDA/FNA/USACE support species habitat traits; NRCS/EPA/TPWD links support site/soil/ecoregion/vegetation validation, not species identity.",v1-online-public-draft,2026-05-27,aloysia-gratissima,https://www.wildflower.org/plants/result.php?id_plant=ALGR2,https://www.wildflower.org/plants/result.php?id_plant=ALGR2,https://plants.usda.gov/home/basicSearchResults?searchString=Aloysia+gratissima,https://floranorthamerica.org/Special:Search?search=Aloysia+gratissima,https://wetland-plants.sec.usace.army.mil/,https://websoilsurvey.nrcs.usda.gov/app/,https://www.epa.gov/eco-research/ecoregions,https://tpwd.texas.gov/landwater/land/programs/landscape-ecology/ems/,"Public dashboard field. Long source prose, photos, image URLs, full source protocols, and page boilerplate are intentionally excluded from public data files. Use linked source pages for full context.",,Beebrush,Seed | Stem,No Treatment | Cutting,Materials listed: Seed | Stem. Treatment tags listed: No Treatment | Cutting. Full propagation instructions are not reproduced in this public dataset; use the linked NPSOT/source pages for complete protocols.,https://www.npsot.org/posts/native-plant/aloysia-gratissima/,https://www.wildflower.org/plants/result.php?id_plant=ALGR2 | https://www.gardenia.net/plant/aloysia-gratissima-whitebrush-grow-care-guide | https://earthone.io/plant/aloysia%20gratissima?srsltid=AfmBOopLUHvZyAjE2xc8nfPUmeGopWid4URc0jye6m7KZfFTVxgr8Ztb | https://www.picturethisai.com/care/propagate/Aloysia_gratissima.html,yes,
Amorpha canescens,Amorpha canescens,Leadplant,Fabaceae,Perennial,Deciduous,Shrub,Shrub,"Sun, Part Shade","Sun, Part Shade",Low,Low,1–3,,Dry,"Jun, Jul","Blue, Purple",,,,,Upland prairie and open grassland systems,Shallow Upland Prairie,Shallow Upland Prairie; Karst Outcrops,sandy/loamy upland prairie or open field,sandy/loamy upland prairie or open field,"Dry; Low; Sun, Part Shade; High",High,No,Publish now,Literature-supported microregion assignment; field/GIS confirmation can be added in a later release.,"LBJ/USDA/FNA/USACE support species habitat traits; NRCS/EPA/TPWD links support site/soil/ecoregion/vegetation validation, not species identity.",v1-online-public-draft,2026-05-27,amorpha-canescens,https://www.wildflower.org/plants/result.php?id_plant=AMCA6,https://www.wildflower.org/plants/result.php?id_plant=AMCA6,https://plants.usda.gov/home/basicSearchResults?searchString=Amorpha+canescens,https://floranorthamerica.org/Special:Search?search=Amorpha+canescens,https://wetland-plants.sec.usace.army.mil/,https://websoilsurvey.nrcs.usda.gov/app/,https://www.epa.gov/eco-research/ecoregions,https://tpwd.texas.gov/landwater/land/programs/landscape-ecology/ems/,"Public dashboard field. Long source prose, photos, image URLs, full source protocols, and page boilerplate are intentionally excluded from public data files. Use linked source pages for full context.",,,,,,,,,
Amorpha fruticosa,Amorpha fruticosa,"Indigo Bush, False Indigo Bush, False Indigo, Desert False Indigo",Fabaceae,Perennial,Deciduous,Shrub,Shrub,"Sun, Part Shade","Sun, Part Shade",Medium,Low,6–12,6–8,Moist,"Apr, May, Jun","Orange, Blue, Purple, Violet",Butterflies,"California & southern dogfaces, Silver-spotted Skipper (Epargyreus clarus), Gray hairstreak, Hoary edge skipper.",,,Upland prairie and open grassland systems,Shallow Upland Prairie,Ecotone / Edge Thicket; Deep Clay Prairie; Mesic Canyons & Seeps,sandy/loamy upland prairie or open field,sandy/loamy upland prairie or open field,"Moist; Low; Sun, Part Shade; Medium",High,No,Publish now,Literature-supported microregion assignment; field/GIS confirmation can be added in a later release.,"LBJ/USDA/FNA/USACE support species habitat traits; NRCS/EPA/TPWD links support site/soil/ecoregion/vegetation validation, not species identity.",v1-online-public-draft,2026-05-27,amorpha-fruticosa,https://www.wildflower.org/plants/result.php?id_plant=AMFR,https://www.wildflower.org/plants/result.php?id_plant=AMFR,https://plants.usda.gov/home/basicSearchResults?searchString=Amorpha+fruticosa,https://floranorthamerica.org/Special:Search?search=Amorpha+fruticosa,https://wetland-plants.sec.usace.army.mil/,https://websoilsurvey.nrcs.usda.gov/app/,https://www.epa.gov/eco-research/ecoregions,https://tpwd.texas.gov/landwater/land/programs/landscape-ecology/ems/,"Public dashboard field. Long source prose, photos, image URLs, full source protocols, and page boilerplate are intentionally excluded from public data files. Use linked source pages for full context.",Region: AGCP AK AW CB EMP GP HI MW NCNE WMVE Status: FACW FACW FACW FACW FACW FACW FACW,False Indigo Bush,Seed,Scarification,Materials listed: Seed. Treatment tags listed: Scarification. Full propagation instructions are not reproduced in this public dataset; use the linked NPSOT/source pages for complete protocols.,https://www.npsot.org/posts/native-plant/amorpha-fruticosa/,https://www.wildflower.org/plants/result.php?id_plant=AMFR,,
Amorpha roemeriana,Amorpha roemeriana,"Texas Indigo Bush, Roemer's false indigo",Fabaceae,Perennial,Deciduous,Shrub,Shrub,Sun,Part Shade,Low,,4,3,"Dry, Moist",Apr,Purple,Butterflies,,,,Upland prairie and open grassland systems,Shallow Upland Prairie,,open dry upland prairie/grassland,open dry upland prairie/grassland,"Dry, Moist; Part Shade",Medium,Optional,Publish with caveat,"Usable for public draft release, but should remain flagged as provisional until optional spot-check or field/GIS support is added.","LBJ/USDA/FNA/USACE support species habitat traits; NRCS/EPA/TPWD links support site/soil/ecoregion/vegetation validation, not species identity.",v1-online-public-draft,2026-05-27,amorpha-roemeriana,https://www.wildflower.org/plants/result.php?id_plant=AMRO2,https://www.wildflower.org/plants/result.php?id_plant=AMRO2,https://plants.usda.gov/home/basicSearchResults?searchString=Amorpha+roemeriana,https://floranorthamerica.org/Special:Search?search=Amorpha+roemeriana,https://wetland-plants.sec.usace.army.mil/,https://websoilsurvey.nrcs.usda.gov/app/,https://www.epa.gov/eco-research/ecoregions,https://tpwd.texas.gov/landwater/land/programs/landscape-ecology/ems/,"Public dashboard field. Long source prose, photos, image URLs, full source protocols, and page boilerplate are intentionally excluded from public data files. Use linked source pages for full context.",Region: AGCP AK AW CB EMP GP HI MW NCNE WMVE Status: FACU FACU,,,,,,,,
Amsonia ciliata,Amsonia ciliata,"Blue Amsonia, Fringed bluestar",Apocynaceae,Perennial,Deciduous,Herb,Herb,Sun,Part Shade,Medium,Medium,2,2,Dry,"Mar, Apr, May, Jun",Blue,,,,,Upland prairie and open grassland systems,Shallow Upland Prairie,Karst Outcrops; Shallow Upland Prairie; Deep Clay Prairie,sandy/loamy upland prairie or open field,sandy/loamy upland prairie or open field,Dry; Medium; Part Shade,High,No,Publish now,Literature-supported microregion assignment; field/GIS confirmation can be added in a later release.,"LBJ/USDA/FNA/USACE support species habitat traits; NRCS/EPA/TPWD links support site/soil/ecoregion/vegetation validation, not species identity.",v1-online-public-draft,2026-05-27,amsonia-ciliata,https://www.wildflower.org/plants/result.php?id_plant=AMCI,https://www.wildflower.org/plants/result.php?id_plant=AMCI,https://plants.usda.gov/home/basicSearchResults?searchString=Amsonia+ciliata,https://floranorthamerica.org/Special:Search?search=Amsonia+ciliata,https://wetland-plants.sec.usace.army.mil/,https://websoilsurvey.nrcs.usda.gov/app/,https://www.epa.gov/eco-research/ecoregions,https://tpwd.texas.gov/landwater/land/programs/landscape-ecology/ems/,"Public dashboard field. Long source prose, photos, image URLs, full source protocols, and page boilerplate are intentionally excluded from public data files. Use linked source pages for full context.",,,,,,,,,
Andropogon gerardii,Andropogon gerardii,"Big Bluestem, Tall Bluestem, Turkeyfoot",Poaceae,Perennial,Deciduous,Grass,Grass/Grass-like,Sun,"Sun, Part Shade",Low,"Low, Medium",4–8,2–3,Moist,"Aug, Sep, Oct, Nov","Red, Blue, Brown","Birds, Butterflies","Delaware Skipper, Dusted Skipper",,,Upland prairie and open grassland systems,Shallow Upland Prairie,,sandy/loamy upland prairie or open field,sandy/loamy upland prairie or open field,"Moist; Low, Medium; Sun, Part Shade; High; High",High,No,Publish now,Literature-supported microregion assignment; field/GIS confirmation can be added in a later release.,"LBJ/USDA/FNA/USACE support species habitat traits; NRCS/EPA/TPWD links support site/soil/ecoregion/vegetation validation, not species identity.",v1-online-public-draft,2026-05-27,andropogon-gerardii,https://www.wildflower.org/plants/result.php?id_plant=ANGE,https://www.wildflower.org/plants/result.php?id_plant=ANGE,https://plants.usda.gov/home/basicSearchResults?searchString=Andropogon+gerardii,https://floranorthamerica.org/Special:Search?search=Andropogon+gerardii,https://wetland-plants.sec.usace.army.mil/,https://websoilsurvey.nrcs.usda.gov/app/,https://www.epa.gov/eco-research/ecoregions,https://tpwd.texas.gov/landwater/land/programs/landscape-ecology/ems/,"Public dashboard field. Long source prose, photos, image URLs, full source protocols, and page boilerplate are intentionally excluded from public data files. Use linked source pages for full context.",Region: AGCP AK AW CB EMP GP HI MW NCNE WMVE Status: FAC FACU FAC FACU FAC FACU FACU,Big Bluestem,Clump | Seed,Division | Stratification | No Treatment,Materials listed: Clump | Seed. Treatment tags listed: Division | Stratification | No Treatment. Full propagation instructions are not reproduced in this public dataset; use the linked NPSOT/source pages for complete protocols.,https://www.npsot.org/posts/native-plant/big-bluestem/,https://www.growveg.com/plants/us-and-canada/how-to-grow-big-bluestem/#:~:text=Sow%20and%20Plant | https://www.wildflower.org/plants/result.php?id_plant=ANGE | https://www.thespruce.com/big-bluestem-plant-profile-4845878#:~:text=Propagating%20Big%20Bluestem,,
Andropogon glomeratus,Andropogon glomeratus,"Bushy Bluestem, Brushy Bluestem",Poaceae,Perennial,Deciduous,Grass,Grass/Grass-like,Sun,Sun,Medium,High,3–6,2–3,"Moist, Wet","Aug, Sep, Oct, Nov","White, Brown","Birds, Butterflies","Skippers, Satyrs",,,Upland prairie and open grassland systems,Shallow Upland Prairie,Riparian Banks,sandy/loamy upland prairie or open field,sandy/loamy upland prairie or open field,"Moist, Wet; High; Sun",High,No,Publish now,Literature-supported microregion assignment; field/GIS confirmation can be added in a later release.,"LBJ/USDA/FNA/USACE support species habitat traits; NRCS/EPA/TPWD links support site/soil/ecoregion/vegetation validation, not species identity.",v1-online-public-draft,2026-05-27,andropogon-glomeratus,https://www.wildflower.org/plants/result.php?id_plant=ANGL2,https://www.wildflower.org/plants/result.php?id_plant=ANGL2,https://plants.usda.gov/home/basicSearchResults?searchString=Andropogon+glomeratus,https://floranorthamerica.org/Special:Search?search=Andropogon+glomeratus,https://wetland-plants.sec.usace.army.mil/,https://websoilsurvey.nrcs.usda.gov/app/,https://www.epa.gov/eco-research/ecoregions,https://tpwd.texas.gov/landwater/land/programs/landscape-ecology/ems/,"Public dashboard field. Long source prose, photos, image URLs, full source protocols, and page boilerplate are intentionally excluded from public data files. Use linked source pages for full context.",Region: AGCP AK AW CB EMP GP HI MW NCNE WMVE Status: FACW FACW FAC FACW FACW FAC FACW FACW FACW,Bushy Bluestem,Clump | Seed | Stem,Division | No Treatment | Cutting,Materials listed: Clump | Seed | Stem. Treatment tags listed: Division | No Treatment | Cutting. Full propagation instructions are not reproduced in this public dataset; use the linked NPSOT/source pages for complete protocols.,https://www.npsot.org/posts/native-plant/bushy-bluestem/,https://plants.usda.gov/DocumentLibrary/plantguide/pdf/pg_angl2.pdf | https://www.wildflower.org/plants/result.php?id_plant=ANGL2 | https://propagate.one/how-to-propagate-andropogon-glomeratus/?print=pdf | https://www.gardeningknowhow.com/ornamental/foliage/bushy-beardgrass/what-is-bushy-beardgrass.htm | https://plants.usda.gov/DocumentLibrary/plantguide/pdf/pg_anvi2.pdf | https://mygardenchannel.com/care-guide-to-bushy-bluestem-grass/,,
Andropogon virginicus,Andropogon virginicus,Broomsedge Bluestem,Poaceae,Perennial,Deciduous,Grass,Grass/Grass-like,Sun,Part Shade,Low,Medium,2–4,2–3,Moist,"Sep, Oct, Nov",Yellow,"Birds, Butterflies",,,,Upland prairie and open grassland systems,Shallow Upland Prairie,Upland Woodland,sandy/loamy upland prairie or open field,sandy/loamy upland prairie or open field,Moist; Medium; Part Shade; High,High,No,Publish now,Literature-supported microregion assignment; field/GIS confirmation can be added in a later release.,"LBJ/USDA/FNA/USACE support species habitat traits; NRCS/EPA/TPWD links support site/soil/ecoregion/vegetation validation, not species identity.",v1-online-public-draft,2026-05-27,andropogon-virginicus,https://www.wildflower.org/plants/result.php?id_plant=ANVI2,https://www.wildflower.org/plants/result.php?id_plant=ANVI2,https://plants.usda.gov/home/basicSearchResults?searchString=Andropogon+virginicus,https://floranorthamerica.org/Special:Search?search=Andropogon+virginicus,https://wetland-plants.sec.usace.army.mil/,https://websoilsurvey.nrcs.usda.gov/app/,https://www.epa.gov/eco-research/ecoregions,https://tpwd.texas.gov/landwater/land/programs/landscape-ecology/ems/,"Public dashboard field. Long source prose, photos, image URLs, full source protocols, and page boilerplate are intentionally excluded from public data files. Use linked source pages for full context.",Region: AGCP AK AW CB EMP GP HI MW NCNE WMVE Status: FAC FAC FAC FACU FACU FACU FACU FACU FAC,Broomsedge,Bud | Seed | Root,Division | Scarification | Cutting,Materials listed: Bud | Seed | Root. Treatment tags listed: Division | Scarification | Cutting. Full propagation instructions are not reproduced in this public dataset; use the linked NPSOT/source pages for complete protocols.,https://www.npsot.org/posts/native-plant/andropogon-virginicus/,https://propagate.one/how-to-propagate-andropogon-virginicus/ | https://plantiary.com/plant/andropogon-virginicus_4265.html | https://npn.rngr.net/renderNPNProtocolDetails?selectedProtocolIds=poaceae-andropogon-4014#:~:text=Establishment%20Phase: | https://propagate.one/how-to-propagate-andropogon-virginicus/#google_vignette | https://plantiary.cm/plant/andropogon-virginicus_4265.html,,
Anisacanthus quadrifidus var. wrightii,Anisacanthus quadrifidus var. wrightii,Flame Acanthus,Acanthaceae,Perennial,Deciduous,Shrub,Shrub,Sun,"Sun, Part Shade",Low,Low,3–5,3–5,"Dry, Moist","Jun, Jul, Aug, Sep, Oct","Red, Orange","Butterflies, Hummingbirds","Janais Patch, Texan Crescentspot",,,Woodland and karst upland systems,Karst Outcrops,Riparian Banks; Shallow Upland Prairie; Upland Savanna,stream/river bank; floodplain/bottomland; limestone/caliche/calcareous; rocky/ledge/slope/ridge; prairie/open field/meadow; dry upland; moist mesic; sunny open,"rocky stream banks/floodplains, shrublands, grasslands, caliche/limestone slopes","Dry, Moist; Low; Sun, Part Shade; High",High,No,Publish now,Literature-supported microregion assignment; field/GIS confirmation can be added in a later release.,"LBJ/USDA/FNA/USACE support species habitat traits; NRCS/EPA/TPWD links support site/soil/ecoregion/vegetation validation, not species identity.",v1-online-public-draft,2026-05-27,anisacanthus-quadrifidus-var-wrightii,https://www.wildflower.org/plants/result.php?id_plant=ANQUW,https://www.wildflower.org/plants/result.php?id_plant=ANQUW,https://plants.usda.gov/home/basicSearchResults?searchString=Anisacanthus+quadrifidus+var.+wrightii,https://floranorthamerica.org/Special:Search?search=Anisacanthus+quadrifidus+var.+wrightii,https://wetland-plants.sec.usace.army.mil/,https://websoilsurvey.nrcs.usda.gov/app/,https://www.epa.gov/eco-research/ecoregions,https://tpwd.texas.gov/landwater/land/programs/landscape-ecology/ems/,"Public dashboard field. Long source prose, photos, image URLs, full source protocols, and page boilerplate are intentionally excluded from public data files. Use linked source pages for full context.",,Flame Acanthus,Seed | Softwood,No Treatment | Cutting,Materials listed: Seed | Softwood. Treatment tags listed: No Treatment | Cutting. Full propagation instructions are not reproduced in this public dataset; use the linked NPSOT/source pages for complete protocols.,https://www.npsot.org/posts/native-plant/anisacanthus-quadrifidus-var-wrightii/,https://www.wildflower.org/plants/result.php?id_plant=ANQUW | https://coryames.com/flame-acanthus-or-hummingbird-bush-anisacanthus-quadrifidus-wrightii/#:~:text=Cuttings:%20You%20can%20propagate%20Flame | https://www.thespruce.com/hummingbird-bush-care-guide-7496091#:~:text=Remove%20lower%20leaves%2C%20keeping%20between,yes,
Aquilegia canadensis,Aquilegia canadensis,"Eastern Red Columbine, Wild Red Columbine",Ranunculaceae,Perennial,Deciduous,Herb,Herb,Part Shade,"Part Shade, Shade",Medium,"Low, Medium",2–3,1–2,"Dry, Moist","Feb, Mar, Apr, May, Jun, Jul","Red, Pink, Yellow","Birds, Butterflies, Hummingbirds",,,,Upland prairie and open grassland systems,Shallow Upland Prairie,Upland Woodland,sandy/loamy upland prairie or open field,sandy/loamy upland prairie or open field,"Dry, Moist; Low, Medium; Part Shade, Shade; High",High,No,Publish now,Literature-supported microregion assignment; field/GIS confirmation can be added in a later release.,"LBJ/USDA/FNA/USACE support species habitat traits; NRCS/EPA/TPWD links support site/soil/ecoregion/vegetation validation, not species identity.",v1-online-public-draft,2026-05-27,aquilegia-canadensis,https://www.wildflower.org/plants/result.php?id_plant=AQCA,https://www.wildflower.org/plants/result.php?id_plant=AQCA,https://plants.usda.gov/home/basicSearchResults?searchString=Aquilegia+canadensis,https://floranorthamerica.org/Special:Search?search=Aquilegia+canadensis,https://wetland-plants.sec.usace.army.mil/,https://websoilsurvey.nrcs.usda.gov/app/,https://www.epa.gov/eco-research/ecoregions,https://tpwd.texas.gov/landwater/land/programs/landscape-ecology/ems/,"Public dashboard field. Long source prose, photos, image URLs, full source protocols, and page boilerplate are intentionally excluded from public data files. Use linked source pages for full context.",Region: AGCP AK AW CB EMP GP HI MW NCNE WMVE Status: FACU FAC FAC FACU FACU FAC,Wild Red Columbine,Seed,Stratification | No Treatment,Materials listed: Seed. Treatment tags listed: Stratification | No Treatment. Full propagation instructions are not reproduced in this public dataset; use the linked NPSOT/source pages for complete protocols.,https://www.npsot.org/posts/native-plant/aquilegia-canadensis/,https://www.wildflower.org/plants/result.php?id_plant=AQCA,yes,
Arbutus xalapensis,Arbutus xalapensis,Texas Madrone,Ericaceae,Perennial,Evergreen,Tree,Tree,Sun,"Sun, Part Shade",Low,Medium,20,15,Dry,"Feb, Mar, Apr",White,Birds,,,,Woodland and karst upland systems,Karst Outcrops,Shallow Upland Prairie,rocky calcareous limestone outcrop,rocky calcareous limestone outcrop,"Dry; Medium; Sun, Part Shade",High,No,Publish now,Literature-supported microregion assignment; field/GIS confirmation can be added in a later release.,"LBJ/USDA/FNA/USACE support species habitat traits; NRCS/EPA/TPWD links support site/soil/ecoregion/vegetation validation, not species identity.",v1-online-public-draft,2026-05-27,arbutus-xalapensis,https://www.wildflower.org/plants/result.php?id_plant=ARXA80,https://www.wildflower.org/plants/result.php?id_plant=ARXA80,https://plants.usda.gov/home/basicSearchResults?searchString=Arbutus+xalapensis,https://floranorthamerica.org/Special:Search?search=Arbutus+xalapensis,https://wetland-plants.sec.usace.army.mil/,https://websoilsurvey.nrcs.usda.gov/app/,https://www.epa.gov/eco-research/ecoregions,https://tpwd.texas.gov/landwater/land/programs/landscape-ecology/ems/,"Public dashboard field. Long source prose, photos, image URLs, full source protocols, and page boilerplate are intentionally excluded from public data files. Use linked source pages for full context.",,Texas Madrone,Seed | Stem,No Treatment | Cutting,Materials listed: Seed | Stem. Treatment tags listed: No Treatment | Cutting. Full propagation instructions are not reproduced in this public dataset; use the linked NPSOT/source pages for complete protocols.,https://www.npsot.org/posts/native-plant/arbutus-xalapensis/,https://www.wildflower.org/plants/result.php?id_plant=ARXA80 | https://www.fs.usda.gov/database/feis/plants/tree/arbxal/all.html | https://earthone.io/plant/arbutus%20xalapensis,,
Argemone polyanthemos,Argemone polyanthemos,White Prickly Poppy,Papaveraceae,Annual,Deciduous,Herb,Herb,Full Sun,Sun,Dry,Low,1,2,Dry,"Apr, May, Jun, Jul, Aug, Sep, Oct",White,,,,,Upland prairie and open grassland systems,Shallow Upland Prairie,,sandy/loamy upland prairie or open field,sandy/loamy upland prairie or open field,Dry; Low; Sun; High,High,No,Publish now,Literature-supported microregion assignment; field/GIS confirmation can be added in a later release.,"LBJ/USDA/FNA/USACE support species habitat traits; NRCS/EPA/TPWD links support site/soil/ecoregion/vegetation validation, not species identity.",v1-online-public-draft,2026-05-27,argemone-polyanthemos,https://www.wildflower.org/plants/result.php?id_plant=ARPO2,https://www.wildflower.org/plants/result.php?id_plant=ARPO2,https://plants.usda.gov/home/basicSearchResults?searchString=Argemone+polyanthemos,https://floranorthamerica.org/Special:Search?search=Argemone+polyanthemos,https://wetland-plants.sec.usace.army.mil/,https://websoilsurvey.nrcs.usda.gov/app/,https://www.epa.gov/eco-research/ecoregions,https://tpwd.texas.gov/landwater/land/programs/landscape-ecology/ems/,"Public dashboard field. Long source prose, photos, image URLs, full source protocols, and page boilerplate are intentionally excluded from public data files. Use linked source pages for full context.",,,,,,,,,
Argemone sanguinea,Argemone sanguinea,"Red Pricklypoppy, Rose Prickly Poppy, Red Prickly Poppy",Papaveraceae,Annual,Deciduous,Herb,Herb,Sun,Part Shade,Low,Low,2–3,1–2,Dry,"Feb, Mar, Apr, May","Red, Pink",,,,,Upland prairie and open grassland systems,Shallow Upland Prairie,,sandy/loamy upland prairie or open field,sandy/loamy upland prairie or open field,Dry; Low; Part Shade,High,No,Publish now,Literature-supported microregion assignment; field/GIS confirmation can be added in a later release.,"LBJ/USDA/FNA/USACE support species habitat traits; NRCS/EPA/TPWD links support site/soil/ecoregion/vegetation validation, not species identity.",v1-online-public-draft,2026-05-27,argemone-sanguinea,https://www.wildflower.org/plants/result.php?id_plant=ARSA4,https://www.wildflower.org/plants/result.php?id_plant=ARSA4,https://plants.usda.gov/home/basicSearchResults?searchString=Argemone+sanguinea,https://floranorthamerica.org/Special:Search?search=Argemone+sanguinea,https://wetland-plants.sec.usace.army.mil/,https://websoilsurvey.nrcs.usda.gov/app/,https://www.epa.gov/eco-research/ecoregions,https://tpwd.texas.gov/landwater/land/programs/landscape-ecology/ems/,"Public dashboard field. Long source prose, photos, image URLs, full source protocols, and page boilerplate are intentionally excluded from public data files. Use linked source pages for full context.",,,,,,,,,
Aristida purpurea,Aristida purpurea,"Purple Threeawn, Purple 3-awn, Purple Three-awn, Red Threeawn",Poaceae,Annual,Deciduous,Grass,Grass/Grass-like,Sun,Sun,Low,Low,2–3,1–2,Dry,"Apr, May, Jun, Jul, Aug, Sep, Oct",Purple,Butterflies,"Skippers, Satyrs",,,Upland prairie and open grassland systems,Shallow Upland Prairie,Karst Outcrops,sandy/loamy upland prairie or open field,sandy/loamy upland prairie or open field,Dry; Low; Sun; High; High,High,No,Publish now,Literature-supported microregion assignment; field/GIS confirmation can be added in a later release.,"LBJ/USDA/FNA/USACE support species habitat traits; NRCS/EPA/TPWD links support site/soil/ecoregion/vegetation validation, not species identity.",v1-online-public-draft,2026-05-27,aristida-purpurea,https://www.wildflower.org/plants/result.php?id_plant=ARPU9,https://www.wildflower.org/plants/result.php?id_plant=ARPU9,https://plants.usda.gov/home/basicSearchResults?searchString=Aristida+purpurea,https://floranorthamerica.org/Special:Search?search=Aristida+purpurea,https://wetland-plants.sec.usace.army.mil/,https://websoilsurvey.nrcs.usda.gov/app/,https://www.epa.gov/eco-research/ecoregions,https://tpwd.texas.gov/landwater/land/programs/landscape-ecology/ems/,"Public dashboard field. Long source prose, photos, image URLs, full source protocols, and page boilerplate are intentionally excluded from public data files. Use linked source pages for full context.",,Purple Threeawn,Seed,No Treatment,Materials listed: Seed. Treatment tags listed: No Treatment. Full propagation instructions are not reproduced in this public dataset; use the linked NPSOT/source pages for complete protocols.,https://www.npsot.org/posts/native-plant/aristida-purpurea/,https://courses.washington.edu/esrm412/protocols/2017/ARPU9.pdf,,
Aristolochia erecta,Aristolochia erecta,Swanflower,Aristolochiaceae,Perennial,Deciduous,Herb,"Herb, Vine","Sun, Part Shade","Sun, Part Shade",Low,"Low, Medium",1–2,1–2,Moist,"Apr, May, Jun, Jul, Aug, Sep, Oct","Purple, Brown",Butterflies,Pipevine swallowtail,,,Upland prairie and open grassland systems,Shallow Upland Prairie,Shallow Upland Prairie,open dry upland prairie/grassland,open dry upland prairie/grassland,"Moist; Low, Medium; Sun, Part Shade",Medium,Optional,Publish with caveat,"Usable for public draft release, but should remain flagged as provisional until optional spot-check or field/GIS support is added.","LBJ/USDA/FNA/USACE support species habitat traits; NRCS/EPA/TPWD links support site/soil/ecoregion/vegetation validation, not species identity.",v1-online-public-draft,2026-05-27,aristolochia-erecta,https://www.wildflower.org/plants/result.php?id_plant=ARER,https://www.wildflower.org/plants/result.php?id_plant=ARER,https://plants.usda.gov/home/basicSearchResults?searchString=Aristolochia+erecta,https://floranorthamerica.org/Special:Search?search=Aristolochia+erecta,https://wetland-plants.sec.usace.army.mil/,https://websoilsurvey.nrcs.usda.gov/app/,https://www.epa.gov/eco-research/ecoregions,https://tpwd.texas.gov/landwater/land/programs/landscape-ecology/ems/,"Public dashboard field. Long source prose, photos, image URLs, full source protocols, and page boilerplate are intentionally excluded from public data files. Use linked source pages for full context.",,,,,,,,,
Asclepias asperula,Asclepias asperula,"Antelope-horns, Spider Milkweed, Green-flowered Milkweed, Spider Antelope-horns, Antelope Horns",Apocynaceae,Perennial,Deciduous,Herb,Herb,Sun,Sun,Low,Medium,1–2,1–2,"Dry, Moist","Mar, Apr, May, Jun, Jul, Aug, Sep, Oct","White, Green",Butterflies,"Monarchs, Queens",,,Upland prairie and open grassland systems,Shallow Upland Prairie,,sandy/loamy upland prairie or open field,sandy/loamy upland prairie or open field,"Dry, Moist; Medium; Sun",High,No,Publish now,Literature-supported microregion assignment; field/GIS confirmation can be added in a later release.,"LBJ/USDA/FNA/USACE support species habitat traits; NRCS/EPA/TPWD links support site/soil/ecoregion/vegetation validation, not species identity.",v1-online-public-draft,2026-05-27,asclepias-asperula,https://www.wildflower.org/plants/result.php?id_plant=ASAS,https://www.wildflower.org/plants/result.php?id_plant=ASAS,https://plants.usda.gov/home/basicSearchResults?searchString=Asclepias+asperula,https://floranorthamerica.org/Special:Search?search=Asclepias+asperula,https://wetland-plants.sec.usace.army.mil/,https://websoilsurvey.nrcs.usda.gov/app/,https://www.epa.gov/eco-research/ecoregions,https://tpwd.texas.gov/landwater/land/programs/landscape-ecology/ems/,"Public dashboard field. Long source prose, photos, image URLs, full source protocols, and page boilerplate are intentionally excluded from public data files. Use linked source pages for full context.",,Antelope Horn Milkweed,Seed | Root | Stem,"Stratification | Cutting, Division | No Treatment | Cutting","Materials listed: Seed | Root | Stem. Treatment tags listed: Stratification | Cutting, Division | No Treatment | Cutting. Full propagation instructions are not reproduced in this public dataset; use the linked NPSOT/source pages for complete protocols.",https://www.npsot.org/posts/native-plant/asclepias-asperula/,https://www.grandprismaticseed.com/natives/antelope-horns-milkweed#:~:text=Direct%20sow%20seeds%20in%20autumn | https://monarchbutterflygarden.net/milkweed-for-monarchs/asclepias-asperula-antelope-horns/ | https://txmn.org/goodwater/2017/04/19/antelope-horns-milkweed-for-monarchs/ | https://www.gardenia.net/guide/learn-how-to-plant-care-and-grow-milkweed | https://earthone.io/plant/asclepias%20asperula?srsltid=AfmBOoo9Kbmlw30nA5YMDjK97ITIPfCuPeabxzlOUjAgGysA5m4do9pL,,
Asclepias incarnata,Asclepias incarnata,"Swamp Milkweed, Pink Milkweed",Apocynaceae,Perennial,Deciduous,Herb,Herb,Sun,"Sun, Part Shade",Medium,High,2–5,1–3,"Moist, Wet","Jun, Jul, Aug, Sep, Oct","Pink, Purple","Butterflies, Hummingbirds",Monarch and Queen butterflies.,,,"Aquatic, spring-run, and wetland systems",Aquatic / Spring Runs,,pond/lake margin or shallow open water,pond/lake margin or shallow open water,"Moist, Wet; High; Sun, Part Shade; Medium",High,No,Publish now,Literature-supported microregion assignment; field/GIS confirmation can be added in a later release.,"LBJ/USDA/FNA/USACE support species habitat traits; NRCS/EPA/TPWD links support site/soil/ecoregion/vegetation validation, not species identity.",v1-online-public-draft,2026-05-27,asclepias-incarnata,https://www.wildflower.org/plants/result.php?id_plant=ASIN,https://www.wildflower.org/plants/result.php?id_plant=ASIN,https://plants.usda.gov/home/basicSearchResults?searchString=Asclepias+incarnata,https://floranorthamerica.org/Special:Search?search=Asclepias+incarnata,https://wetland-plants.sec.usace.army.mil/,https://websoilsurvey.nrcs.usda.gov/app/,https://www.epa.gov/eco-research/ecoregions,https://tpwd.texas.gov/landwater/land/programs/landscape-ecology/ems/,"Public dashboard field. Long source prose, photos, image URLs, full source protocols, and page boilerplate are intentionally excluded from public data files. Use linked source pages for full context.",Region: AGCP AK AW CB EMP GP HI MW NCNE WMVE Status: OBL OBL OBL FACW OBL OBL OBL,Swamp Milkweed,Seed | Stem | Root,No Treatment | Stratification | Cutting | Division | Scarification,Materials listed: Seed | Stem | Root. Treatment tags listed: No Treatment | Stratification | Cutting | Division | Scarification. Full propagation instructions are not reproduced in this public dataset; use the linked NPSOT/source pages for complete protocols.,https://www.npsot.org/posts/native-plant/asclepias-incarnata/,https://www.nrcs.usda.gov/plantmaterials/wvpmcot12252.pdf | https://wildseedproject.net/blog/swamp-milkweed#:~:text=To%20grow%20your%20own%20swamp | https://www.gardenia.net/plant/asclepias-incarnata-swamp-milkweed | https://www.westernnativeseed.com/plant%20guides/ascincpg.pdf,yes,
Asclepias oenotheroides,Asclepias oenotheroides,"Zizotes Milkweed, Hierba De Zizotes, Side-cluster Milkweed, Longhorn Milkweed, Primrose Milkweed, Lindheimer's Milkweed",Apocynaceae,Perennial,Deciduous,Herb,Herb,Sun,Sun,Low,,1–2,1–2,Dry,"Mar, Apr, May, Jun, Jul, Aug, Sep, Oct",Green,Butterflies,Monarch butterfly,,,Upland prairie and open grassland systems,Shallow Upland Prairie,,sandy/loamy upland prairie or open field,sandy/loamy upland prairie or open field,Dry; Sun,High,No,Publish now,Literature-supported microregion assignment; field/GIS confirmation can be added in a later release.,"LBJ/USDA/FNA/USACE support species habitat traits; NRCS/EPA/TPWD links support site/soil/ecoregion/vegetation validation, not species identity.",v1-online-public-draft,2026-05-27,asclepias-oenotheroides,https://www.wildflower.org/plants/result.php?id_plant=ASOE,https://www.wildflower.org/plants/result.php?id_plant=ASOE,https://plants.usda.gov/home/basicSearchResults?searchString=Asclepias+oenotheroides,https://floranorthamerica.org/Special:Search?search=Asclepias+oenotheroides,https://wetland-plants.sec.usace.army.mil/,https://websoilsurvey.nrcs.usda.gov/app/,https://www.epa.gov/eco-research/ecoregions,https://tpwd.texas.gov/landwater/land/programs/landscape-ecology/ems/,"Public dashboard field. Long source prose, photos, image URLs, full source protocols, and page boilerplate are intentionally excluded from public data files. Use linked source pages for full context.",Region: AGCP AK AW CB EMP GP HI MW NCNE WMVE Status: FACU FACU FACU FACU,Zizotes Milkweed,Seed,No Treatment | Stratification,Materials listed: Seed. Treatment tags listed: No Treatment | Stratification. Full propagation instructions are not reproduced in this public dataset; use the linked NPSOT/source pages for complete protocols.,https://www.npsot.org/posts/native-plant/asclepias-oenotheroides/,https://dnr.illinois.gov/education/atoz/seedinstr.html#:~:text=Fall%20Planting%20%2D%20Fall%20is%20the%20best%20time%20for%20planting%20milkweed%20seeds,yes,
Asclepias texana,Asclepias texana,Texas Milkweed,Apocynaceae,Perennial,Deciduous,Herb,Herb,Sun,Sun,Low,Low,2,2,Dry,"May, Jun, Jul, Aug, Sep",White,,,,,Woodland and karst upland systems,Karst Outcrops,Shallow Upland Prairie; Mesic Canyons & Seeps; Riparian Banks,stream/river bank; ravine/canyon/depression; rocky/ledge/slope; dry upland; sunny open,dry rocky canyon/arroyos plus workbook ravines/stream banks,Dry; Low; Sun,High,No,Publish now,Literature-supported microregion assignment; field/GIS confirmation can be added in a later release.,"LBJ/USDA/FNA/USACE support species habitat traits; NRCS/EPA/TPWD links support site/soil/ecoregion/vegetation validation, not species identity.",v1-online-public-draft,2026-05-27,asclepias-texana,https://www.wildflower.org/plants/result.php?id_plant=ASTE,https://www.wildflower.org/plants/result.php?id_plant=ASTE,https://plants.usda.gov/home/basicSearchResults?searchString=Asclepias+texana,https://floranorthamerica.org/Special:Search?search=Asclepias+texana,https://wetland-plants.sec.usace.army.mil/,https://websoilsurvey.nrcs.usda.gov/app/,https://www.epa.gov/eco-research/ecoregions,https://tpwd.texas.gov/landwater/land/programs/landscape-ecology/ems/,"Public dashboard field. Long source prose, photos, image URLs, full source protocols, and page boilerplate are intentionally excluded from public data files. Use linked source pages for full context.",Region: AGCP AK AW CB EMP GP HI MW NCNE WMVE Status: FACU FACU,Texas Milkweed,Seed | Stem,Stratification | Cutting,Materials listed: Seed | Stem. Treatment tags listed: Stratification | Cutting. Full propagation instructions are not reproduced in this public dataset; use the linked NPSOT/source pages for complete protocols.,https://www.npsot.org/posts/native-plant/asclepias-texana/,https://greg.app/texas-milkweed-overview/#:~:text=To%20propagate%20Texas%20Milkweed%20from | https://www.picturethisai.com/care/propagate/Asclepias_texana.html,,
Asclepias tuberosa,Asclepias tuberosa,"Butterflyweed, Butterfly Weed, Butterfly Milkweed, Orange Milkweed, Pleurisy Root, Chigger Flower, Chiggerweed",Apocynaceae,Perennial,Deciduous,Herb,Herb,Sun,Sun,Low,Low,1–2,1–2,"Dry, Moist","May, Jun, Jul, Aug, Sep","Orange, Yellow","Butterflies, Hummingbirds","Grey Hairstreak, Monarch, Queens",,,Upland prairie and open grassland systems,Shallow Upland Prairie,,sandy/loamy upland prairie or open field,sandy/loamy upland prairie or open field,"Dry, Moist; Low; Sun; Medium; High",High,No,Publish now,Literature-supported microregion assignment; field/GIS confirmation can be added in a later release.,"LBJ/USDA/FNA/USACE support species habitat traits; NRCS/EPA/TPWD links support site/soil/ecoregion/vegetation validation, not species identity.",v1-online-public-draft,2026-05-27,asclepias-tuberosa,https://www.wildflower.org/plants/result.php?id_plant=ASTU,https://www.wildflower.org/plants/result.php?id_plant=ASTU,https://plants.usda.gov/home/basicSearchResults?searchString=Asclepias+tuberosa,https://floranorthamerica.org/Special:Search?search=Asclepias+tuberosa,https://wetland-plants.sec.usace.army.mil/,https://websoilsurvey.nrcs.usda.gov/app/,https://www.epa.gov/eco-research/ecoregions,https://tpwd.texas.gov/landwater/land/programs/landscape-ecology/ems/,"Public dashboard field. Long source prose, photos, image URLs, full source protocols, and page boilerplate are intentionally excluded from public data files. Use linked source pages for full context.",,Butterfly Milkweed,Root | Seed,Cutting | No Treatment | Stratification,Materials listed: Root | Seed. Treatment tags listed: Cutting | No Treatment | Stratification. Full propagation instructions are not reproduced in this public dataset; use the linked NPSOT/source pages for complete protocols.,https://www.npsot.org/posts/native-plant/asclepias-tuberosa/,https://www.wildflower.org/plants/result.php?id_plant=ASTU | https://hort.extension.wisc.edu/articles/butterflyweed-asclepias-tuberosa/#:~:text=Propagating%20Butterfly%20Weed | https://www.wildflowerfarm.com/asclepias-tuberosa-butterflyweed.html | https://plants.usda.gov/DocumentLibrary/plantguide/pdf/cs_astu.pdf,yes,
Asclepias viridis,Asclepias viridis,"Green Milkweed, Spider Milkweed",Apocynaceae,Perennial,Deciduous,Herb,Herb,Sun,Sun,Low,Low,1–2,1–2,Moist,"Apr, May, Jun, Jul, Aug, Sep","White, Yellow, Green, Purple",Butterflies,,,,Upland prairie and open grassland systems,Shallow Upland Prairie,,open dry upland prairie/grassland,open dry upland prairie/grassland,Moist; Low; Sun,High,No,Publish now,Literature-supported microregion assignment; field/GIS confirmation can be added in a later release.,"LBJ/USDA/FNA/USACE support species habitat traits; NRCS/EPA/TPWD links support site/soil/ecoregion/vegetation validation, not species identity.",v1-online-public-draft,2026-05-27,asclepias-viridis,https://www.wildflower.org/plants/result.php?id_plant=ASVI2,https://www.wildflower.org/plants/result.php?id_plant=ASVI2,https://plants.usda.gov/home/basicSearchResults?searchString=Asclepias+viridis,https://floranorthamerica.org/Special:Search?search=Asclepias+viridis,https://wetland-plants.sec.usace.army.mil/,https://websoilsurvey.nrcs.usda.gov/app/,https://www.epa.gov/eco-research/ecoregions,https://tpwd.texas.gov/landwater/land/programs/landscape-ecology/ems/,"Public dashboard field. Long source prose, photos, image URLs, full source protocols, and page boilerplate are intentionally excluded from public data files. Use linked source pages for full context.",,Green Milkweed,Seed,Stratification,Materials listed: Seed. Treatment tags listed: Stratification. Full propagation instructions are not reproduced in this public dataset; use the linked NPSOT/source pages for complete protocols.,https://www.npsot.org/posts/native-plant/asclepias-viridis/,https://www.wildflower.org/plants/result.php?id_plant=ASVI2,yes,
Baptisia bracteata,Baptisia bracteata,Wild Indigo,Fabaceae,Perennial,Deciduous,Herb,Herb,"Full Sun, Part Shade","Sun, Part Shade",Medium,,2.25,2.25,"Dry, Moist","May, Jun","White, Yellow",Butterflies,,,,Upland prairie and open grassland systems,Shallow Upland Prairie,Upland Woodland; Karst Outcrops; Riparian Banks,stream/river bank; rocky/ledge/slope; prairie/open field; woodland/wood edge; dry upland; moist mesic; sunny open; shade/part shade,"prairies, rocky woods, fields, and along streams","Dry, Moist; Sun, Part Shade; High",High,No,Publish now,Literature-supported microregion assignment; field/GIS confirmation can be added in a later release.,"LBJ/USDA/FNA/USACE support species habitat traits; NRCS/EPA/TPWD links support site/soil/ecoregion/vegetation validation, not species identity.",v1-online-public-draft,2026-05-27,baptisia-bracteata,https://www.wildflower.org/plants/result.php?id_plant=BABR2,https://www.wildflower.org/plants/result.php?id_plant=BABR2,https://plants.usda.gov/home/basicSearchResults?searchString=Baptisia+bracteata,https://floranorthamerica.org/Special:Search?search=Baptisia+bracteata,https://wetland-plants.sec.usace.army.mil/,https://websoilsurvey.nrcs.usda.gov/app/,https://www.epa.gov/eco-research/ecoregions,https://tpwd.texas.gov/landwater/land/programs/landscape-ecology/ems/,"Public dashboard field. Long source prose, photos, image URLs, full source protocols, and page boilerplate are intentionally excluded from public data files. Use linked source pages for full context.",,,,,,,,,
Berlandiera lyrata,Berlandiera lyrata,"Chocolate Daisy, Chocolate Flower, Lyreleaf Greeneyes, Green-eyed Lyre Leaf",Asteraceae,Perennial,Deciduous,Herb,Herb,Sun,"Sun, Part Shade",Low,Low,1–2,1–2,Moist,"Apr, May, Jun, Jul, Aug, Sep, Oct, Nov",Yellow,,,,,Woodland and karst upland systems,Karst Outcrops,,rocky calcareous limestone outcrop,rocky calcareous limestone outcrop,"Moist; Low; Sun, Part Shade; High",High,No,Publish now,Literature-supported microregion assignment; field/GIS confirmation can be added in a later release.,"LBJ/USDA/FNA/USACE support species habitat traits; NRCS/EPA/TPWD links support site/soil/ecoregion/vegetation validation, not species identity.",v1-online-public-draft,2026-05-27,berlandiera-lyrata,https://www.wildflower.org/plants/result.php?id_plant=BELY,https://www.wildflower.org/plants/result.php?id_plant=BELY,https://plants.usda.gov/home/basicSearchResults?searchString=Berlandiera+lyrata,https://floranorthamerica.org/Special:Search?search=Berlandiera+lyrata,https://wetland-plants.sec.usace.army.mil/,https://websoilsurvey.nrcs.usda.gov/app/,https://www.epa.gov/eco-research/ecoregions,https://tpwd.texas.gov/landwater/land/programs/landscape-ecology/ems/,"Public dashboard field. Long source prose, photos, image URLs, full source protocols, and page boilerplate are intentionally excluded from public data files. Use linked source pages for full context.",,Chocolate Daisy,Seed | Clump,No Treatment | Division,Materials listed: Seed | Clump. Treatment tags listed: No Treatment | Division. Full propagation instructions are not reproduced in this public dataset; use the linked NPSOT/source pages for complete protocols.,https://www.npsot.org/posts/native-plant/berlandiera-lyrata/,https://www.bhg.com/gardening/plant-dictionary/perennial/chocolate-flower/#:~:text=How%20to%20Propagate%20Chocolate%20Flower | https://www.reneesgarden.com/products/daisy-fragrant-chocolate#:~:text=TO%20START%20EARLY%20INDOORS | https://plants.ces.ncsu.edu/plants/berlandiera-lyrata/#:~:text=In%20the%20proper%20conditions%2C%20i.e,yes,
Bernardia myricifolia,Bernardia myricifolia,Mouse Ears,Euphorbiaceae,Perennial,Semi-Evergreen,Shrub,Shrub,"Full Sun, Part Shade",,Low,,6,6,,"Apr, May, Oct, Nov",Yellow,,,,,"Ecotone, thicket, and disturbance-edge systems",Ecotone / Edge Thicket,Shallow Upland Prairie; Upland Woodland,woodland/wood edge; dry upland; sunny open; shade/part shade,low-water sun/part shade shrub/edge context,,Medium,Optional,Publish with caveat,"Usable for public draft release, but should remain flagged as provisional until optional spot-check or field/GIS support is added.","LBJ/USDA/FNA/USACE support species habitat traits; NRCS/EPA/TPWD links support site/soil/ecoregion/vegetation validation, not species identity.",v1-online-public-draft,2026-05-27,bernardia-myricifolia,https://www.wildflower.org/plants/result.php?id_plant=BEMY,https://www.wildflower.org/plants/result.php?id_plant=BEMY,https://plants.usda.gov/home/basicSearchResults?searchString=Bernardia+myricifolia,https://floranorthamerica.org/Special:Search?search=Bernardia+myricifolia,https://wetland-plants.sec.usace.army.mil/,https://websoilsurvey.nrcs.usda.gov/app/,https://www.epa.gov/eco-research/ecoregions,https://tpwd.texas.gov/landwater/land/programs/landscape-ecology/ems/,"Public dashboard field. Long source prose, photos, image URLs, full source protocols, and page boilerplate are intentionally excluded from public data files. Use linked source pages for full context.",,,,,,,,,
Bothriochloa laguroides,Bothriochloa laguroides,"Silver Bluestem, Silver Beardgrass",Poaceae,Perennial,Deciduous,Grass,Grass/Grass-like,Sun,,Low,,2–4,2–3,,"May, Jun, Jul, Aug, Sep, Oct, Nov",White,,,,,Upland prairie and open grassland systems,Shallow Upland Prairie,,open dry upland prairie/grassland,open dry upland prairie/grassland,,High,No,Publish now,Literature-supported microregion assignment; field/GIS confirmation can be added in a later release.,"LBJ/USDA/FNA/USACE support species habitat traits; NRCS/EPA/TPWD links support site/soil/ecoregion/vegetation validation, not species identity.",v1-online-public-draft,2026-05-27,bothriochloa-laguroides,https://www.wildflower.org/plants/result.php?id_plant=BOLA2,https://www.wildflower.org/plants/result.php?id_plant=BOLA2,https://plants.usda.gov/home/basicSearchResults?searchString=Bothriochloa+laguroides,https://floranorthamerica.org/Special:Search?search=Bothriochloa+laguroides,https://wetland-plants.sec.usace.army.mil/,https://websoilsurvey.nrcs.usda.gov/app/,https://www.epa.gov/eco-research/ecoregions,https://tpwd.texas.gov/landwater/land/programs/landscape-ecology/ems/,"Public dashboard field. Long source prose, photos, image URLs, full source protocols, and page boilerplate are intentionally excluded from public data files. Use linked source pages for full context.",,Silver Bluestem,Seed | Clump,No Treatment | Division,Materials listed: Seed | Clump. Treatment tags listed: No Treatment | Division. Full propagation instructions are not reproduced in this public dataset; use the linked NPSOT/source pages for complete protocols.,https://www.npsot.org/posts/native-plant/bothriochloa-laguroides-ssp-torreyana/,https://frontrange.wildones.org/wp-content/images/sites/105/2020/10/Bothriochloa-laguroides-ssp.-torreyana-.pdf | https://propagate.one/how-to-propagate-bothriochloa-laguroides/,,
Bouteloua curtipendula,Bouteloua curtipendula,"Sideoats Grama, Banderilla, Banderita, Navajita",Poaceae,Perennial,Deciduous,Grass,Grass/Grass-like,Sun,"Sun, Part Shade",Low,Medium,1–3,1–2,"Dry, Moist","Jun, Jul, Aug, Sep, Oct, Nov","Red, Orange, Yellow","Birds, Butterflies","Green Skipper butterfly, Dotted Skipper butterfly",,,Upland prairie and open grassland systems,Shallow Upland Prairie,Shallow Upland Prairie,dry upland prairie slope,dry upland prairie slope,"Dry, Moist; Medium; Sun, Part Shade; Medium; High",High,No,Publish now,Literature-supported microregion assignment; field/GIS confirmation can be added in a later release.,"LBJ/USDA/FNA/USACE support species habitat traits; NRCS/EPA/TPWD links support site/soil/ecoregion/vegetation validation, not species identity.",v1-online-public-draft,2026-05-27,bouteloua-curtipendula,https://www.wildflower.org/plants/result.php?id_plant=BOCU,https://www.wildflower.org/plants/result.php?id_plant=BOCU,https://plants.usda.gov/home/basicSearchResults?searchString=Bouteloua+curtipendula,https://floranorthamerica.org/Special:Search?search=Bouteloua+curtipendula,https://wetland-plants.sec.usace.army.mil/,https://websoilsurvey.nrcs.usda.gov/app/,https://www.epa.gov/eco-research/ecoregions,https://tpwd.texas.gov/landwater/land/programs/landscape-ecology/ems/,"Public dashboard field. Long source prose, photos, image URLs, full source protocols, and page boilerplate are intentionally excluded from public data files. Use linked source pages for full context.",,Sideoats Grama,Clump | Seed,Division | No Treatment,Materials listed: Clump | Seed. Treatment tags listed: Division | No Treatment. Full propagation instructions are not reproduced in this public dataset; use the linked NPSOT/source pages for complete protocols.,https://www.npsot.org/posts/native-plant/bouteloua-curtipendula/,https://earthone.io/plant/bouteloua%20curtipendula?srsltid=AfmBOoo-JejmFcoo0QnNe3pOSOJ3aPytyyNLOQzJHIruCyVt9ahfTKYR | https://growitbuildit.com/sideoats-grama-bouteloua-curtipendula/ | https://www.wildflower.org/plants/result.php?id_plant=BOCU,,
Bouteloua dactyloides,Bouteloua dactyloides,"Buffalograss, Buffalo Grass",Poaceae,Perennial,Deciduous,Grass,Grass/Grass-like,Sun,Sun,Low,"Low, Medium",0.5–1,1–2,Dry,"Apr, May, Jun, Jul, Aug, Sep, Oct, Nov, Dec",Yellow,"Birds, Butterflies",Green Skipper butterfly.,,,Upland prairie and open grassland systems,Shallow Upland Prairie,,sandy/loamy upland prairie or open field,sandy/loamy upland prairie or open field,"Dry; Low, Medium; Sun; High; High",High,No,Publish now,Literature-supported microregion assignment; field/GIS confirmation can be added in a later release.,"LBJ/USDA/FNA/USACE support species habitat traits; NRCS/EPA/TPWD links support site/soil/ecoregion/vegetation validation, not species identity.",v1-online-public-draft,2026-05-27,bouteloua-dactyloides,https://www.wildflower.org/plants/result.php?id_plant=BODA2,https://www.wildflower.org/plants/result.php?id_plant=BODA2,https://plants.usda.gov/home/basicSearchResults?searchString=Bouteloua+dactyloides,https://floranorthamerica.org/Special:Search?search=Bouteloua+dactyloides,https://wetland-plants.sec.usace.army.mil/,https://websoilsurvey.nrcs.usda.gov/app/,https://www.epa.gov/eco-research/ecoregions,https://tpwd.texas.gov/landwater/land/programs/landscape-ecology/ems/,"Public dashboard field. Long source prose, photos, image URLs, full source protocols, and page boilerplate are intentionally excluded from public data files. Use linked source pages for full context.",Region: AGCP AK AW CB EMP GP HI MW NCNE WMVE Status: FACU FACU FACU FACU FACU FACU UPL,Buffalograss,Seed,Stratification | No Treatment,Materials listed: Seed. Treatment tags listed: Stratification | No Treatment. Full propagation instructions are not reproduced in this public dataset; use the linked NPSOT/source pages for complete protocols.,https://www.npsot.org/posts/native-plant/buffalograss/,https://www.wildflower.org/plants/result.php?id_plant=BODA2 | https://www.prairiemoon.com/buchloe-dactyloides-buffalo-grass-cultivar#panel-planting,,
Bouteloua gracilis,Bouteloua gracilis,Blue Grama,Poaceae,Perennial,Deciduous,Grass,Grass/Grass-like,Sun,Sun,Low,"Low, Medium",1–2,1–2,Dry,"Jul, Aug, Sep, Oct",Yellow,"Birds, Butterflies",Skippers,,,Upland prairie and open grassland systems,Shallow Upland Prairie,,sandy/loamy upland prairie or open field,sandy/loamy upland prairie or open field,"Dry; Low, Medium; Sun; Medium; High",High,No,Publish now,Literature-supported microregion assignment; field/GIS confirmation can be added in a later release.,"LBJ/USDA/FNA/USACE support species habitat traits; NRCS/EPA/TPWD links support site/soil/ecoregion/vegetation validation, not species identity.",v1-online-public-draft,2026-05-27,bouteloua-gracilis,https://www.wildflower.org/plants/result.php?id_plant=BOGR2,https://www.wildflower.org/plants/result.php?id_plant=BOGR2,https://plants.usda.gov/home/basicSearchResults?searchString=Bouteloua+gracilis,https://floranorthamerica.org/Special:Search?search=Bouteloua+gracilis,https://wetland-plants.sec.usace.army.mil/,https://websoilsurvey.nrcs.usda.gov/app/,https://www.epa.gov/eco-research/ecoregions,https://tpwd.texas.gov/landwater/land/programs/landscape-ecology/ems/,"Public dashboard field. Long source prose, photos, image URLs, full source protocols, and page boilerplate are intentionally excluded from public data files. Use linked source pages for full context.",,Blue Grama,Seed,No Treatment,Materials listed: Seed. Treatment tags listed: No Treatment. Full propagation instructions are not reproduced in this public dataset; use the linked NPSOT/source pages for complete protocols.,https://www.npsot.org/posts/native-plant/blue-grama/,https://www.opnseed.com/products/bouteloua-gracilis-blue-grama#:~:text=Direct%20sow%20seeds%20into%20prepared,,
Bouteloua rigidiseta,Bouteloua rigidiseta,Texas Grama,Poaceae,Perennial,Deciduous,Grass,Grass/Grass-like,Sun,Sun,Low,Low,1–2,1–2,Dry,"Apr, May, Jun, Jul, Aug, Sep, Oct, Nov","Yellow, Green, Brown","Birds, Butterflies","Branded skippers, Satyrs",,,Upland prairie and open grassland systems,Shallow Upland Prairie,,dry upland prairie slope,dry upland prairie slope,Dry; Low; Sun,High,No,Publish now,Literature-supported microregion assignment; field/GIS confirmation can be added in a later release.,"LBJ/USDA/FNA/USACE support species habitat traits; NRCS/EPA/TPWD links support site/soil/ecoregion/vegetation validation, not species identity.",v1-online-public-draft,2026-05-27,bouteloua-rigidiseta,https://www.wildflower.org/plants/result.php?id_plant=BORI,https://www.wildflower.org/plants/result.php?id_plant=BORI,https://plants.usda.gov/home/basicSearchResults?searchString=Bouteloua+rigidiseta,https://floranorthamerica.org/Special:Search?search=Bouteloua+rigidiseta,https://wetland-plants.sec.usace.army.mil/,https://websoilsurvey.nrcs.usda.gov/app/,https://www.epa.gov/eco-research/ecoregions,https://tpwd.texas.gov/landwater/land/programs/landscape-ecology/ems/,"Public dashboard field. Long source prose, photos, image URLs, full source protocols, and page boilerplate are intentionally excluded from public data files. Use linked source pages for full context.",,Texas Grama,Clump,Division,Materials listed: Clump. Treatment tags listed: Division. Full propagation instructions are not reproduced in this public dataset; use the linked NPSOT/source pages for complete protocols.,https://www.npsot.org/posts/native-plant/bouteloua-rigidiseta/,https://www.picturethisai.com/care/propagate/Bouteloua_rigidiseta.html,,
Brickellia eupatorioides,Brickellia eupatorioides,False Boneset,Asteraceae,Perennial,Deciduous,Herb,Herb,Sun,,Medium,,3–5,1–3,,"May, Jun, Jul, Aug, Sep, Oct, Nov","White, Pink, Yellow, Green",,,,,Upland prairie and open grassland systems,Shallow Upland Prairie,Deep Clay Prairie; Upland Savanna,prairie/open field; sunny open,grassland communities / prairie-type openings,,High,No,Publish now,Literature-supported microregion assignment; field/GIS confirmation can be added in a later release.,"LBJ/USDA/FNA/USACE support species habitat traits; NRCS/EPA/TPWD links support site/soil/ecoregion/vegetation validation, not species identity.",v1-online-public-draft,2026-05-27,brickellia-eupatorioides,https://www.wildflower.org/plants/result.php?id_plant=BREU,https://www.wildflower.org/plants/result.php?id_plant=BREU,https://plants.usda.gov/home/basicSearchResults?searchString=Brickellia+eupatorioides,https://floranorthamerica.org/Special:Search?search=Brickellia+eupatorioides,https://wetland-plants.sec.usace.army.mil/,https://websoilsurvey.nrcs.usda.gov/app/,https://www.epa.gov/eco-research/ecoregions,https://tpwd.texas.gov/landwater/land/programs/landscape-ecology/ems/,"Public dashboard field. Long source prose, photos, image URLs, full source protocols, and page boilerplate are intentionally excluded from public data files. Use linked source pages for full context.",,False Boneset,Seed | Stem,No Treatment | Cutting,Materials listed: Seed | Stem. Treatment tags listed: No Treatment | Cutting. Full propagation instructions are not reproduced in this public dataset; use the linked NPSOT/source pages for complete protocols.,https://www.npsot.org/posts/native-plant/brickellia-eupatorioides/,https://propagate.one/how-to-propagate-brickellia-eupatorioides/ | https://www.picturethisai.com/care/Brickellia_eupatorioides.html | https://plantiary.com/plant/brickellia-eupatorioides_4294.html?,,
Callicarpa americana,Callicarpa americana,"American Beautyberry, French Mulberry",Lamiaceae,Perennial,Deciduous,Shrub,Shrub,Part Shade,Part Shade,Medium,Low,3–8,3–6,Moist,"May, Jun, Jul","White, Pink","Birds, Butterflies",,Northern Bobwhite (Colinus virginianus),USFS FEIS American beautyberry: https://www.fs.usda.gov/database/feis/ | USFS FEIS American Beautyberry: https://research.fs.usda.gov/feis/species-reviews/calame,Woodland and karst upland systems,Upland Woodland,Shallow Upland Prairie,upland woodland or shaded understory,upland woodland or shaded understory,Moist; Low; Part Shade; Medium,High,No,Publish now,Literature-supported microregion assignment; field/GIS confirmation can be added in a later release.,"LBJ/USDA/FNA/USACE support species habitat traits; NRCS/EPA/TPWD links support site/soil/ecoregion/vegetation validation, not species identity.",v1-online-public-draft,2026-05-27,callicarpa-americana,https://www.wildflower.org/plants/result.php?id_plant=CAAM2,https://www.wildflower.org/plants/result.php?id_plant=CAAM2,https://plants.usda.gov/home/basicSearchResults?searchString=Callicarpa+americana,https://floranorthamerica.org/Special:Search?search=Callicarpa+americana,https://wetland-plants.sec.usace.army.mil/,https://websoilsurvey.nrcs.usda.gov/app/,https://www.epa.gov/eco-research/ecoregions,https://tpwd.texas.gov/landwater/land/programs/landscape-ecology/ems/,"Public dashboard field. Long source prose, photos, image URLs, full source protocols, and page boilerplate are intentionally excluded from public data files. Use linked source pages for full context.",Region: AGCP AK AW CB EMP GP HI MW NCNE WMVE Status: FACU FACU FACU FACU,American Beautyberry,Seed | Softwood | Hardwood,No Treatment | Stratification | Cutting,Materials listed: Seed | Softwood | Hardwood. Treatment tags listed: No Treatment | Stratification | Cutting. Full propagation instructions are not reproduced in this public dataset; use the linked NPSOT/source pages for complete protocols.,https://www.npsot.org/posts/native-plant/callicarpa-americana/,https://www.epicgardening.com/american-beautyberry/#:~:text=Propagating%20From%20Cuttings | https://www.fnps.org/assets/pdf/pubs/callicarpa_americana_beautyberry.pdf | https://plants.usda.gov/DocumentLibrary/factsheet/pdf/fs_caam2.pdf | https://theplantnative.com/plant/american-beautyberry/#:~:text=Can%20I%20grow%20American%20Beautyberry%20by%20cuttings?,yes,
Callirhoe involucrata,Callirhoe involucrata,"Winecup, Purple Poppy Mallow",Malvaceae,Perennial,Deciduous,Herb,Herb,Sun,"Sun, Part Shade",Low,Medium,0.5–1,2–3,"Dry, Moist","Mar, Apr, May, Jun","White, Pink, Purple",Butterflies,,,,Upland prairie and open grassland systems,Shallow Upland Prairie,Karst Outcrops,sandy/loamy upland prairie or open field,sandy/loamy upland prairie or open field,"Dry, Moist; Medium; Sun, Part Shade; Medium",Medium,Optional,Publish with caveat,"Usable for public draft release, but should remain flagged as provisional until optional spot-check or field/GIS support is added.","LBJ/USDA/FNA/USACE support species habitat traits; NRCS/EPA/TPWD links support site/soil/ecoregion/vegetation validation, not species identity.",v1-online-public-draft,2026-05-27,callirhoe-involucrata,https://www.wildflower.org/plants/result.php?id_plant=CAIN2,https://www.wildflower.org/plants/result.php?id_plant=CAIN2,https://plants.usda.gov/home/basicSearchResults?searchString=Callirhoe+involucrata,https://floranorthamerica.org/Special:Search?search=Callirhoe+involucrata,https://wetland-plants.sec.usace.army.mil/,https://websoilsurvey.nrcs.usda.gov/app/,https://www.epa.gov/eco-research/ecoregions,https://tpwd.texas.gov/landwater/land/programs/landscape-ecology/ems/,"Public dashboard field. Long source prose, photos, image URLs, full source protocols, and page boilerplate are intentionally excluded from public data files. Use linked source pages for full context.",,Winecup,Seed,Scarification | Stratification,Materials listed: Seed. Treatment tags listed: Scarification | Stratification. Full propagation instructions are not reproduced in this public dataset; use the linked NPSOT/source pages for complete protocols.,https://www.npsot.org/posts/native-plant/callirhoe-involucrata/,https://www.wildflower.org/plants/result.php?id_plant=CAIN2 | https://muse.jhu.edu/article/168297#:~:text=Seed%20Propagation | https://growitbuildit.com/callirhoe-involucrata-how-to-grow/#:~:text=Winecup%20Flowers%20needs%20to%20have | https://pfaf.org/user/Plant.aspx?LatinName=Callirhoe+involucrata#:~:text=Plant%20Propagation,yes,
Calylophus berlandieri,Calylophus berlandieri,"Berlandier's Sundrops, Square-bud Primrose, Sundrops",Onagraceae,Perennial,Deciduous,Herb,"Herb, Subshrub",Sun,"Sun, Part Shade",Low,Low,1–2,1–2,Moist,"Mar, Apr, May, Jun, Jul, Aug, Sep",Yellow,,,,,"Ecotone, thicket, and disturbance-edge systems",Ecotone / Edge Thicket,Karst Outcrops; Ecotone / Edge Thicket,"disturbed edge, roadside, or old-field transition","disturbed edge, roadside, or old-field transition","Moist; Low; Sun, Part Shade",High,No,Publish now,Literature-supported microregion assignment; field/GIS confirmation can be added in a later release.,"LBJ/USDA/FNA/USACE support species habitat traits; NRCS/EPA/TPWD links support site/soil/ecoregion/vegetation validation, not species identity.",v1-online-public-draft,2026-05-27,calylophus-berlandieri,https://www.wildflower.org/plants/result.php?id_plant=CABE6,https://www.wildflower.org/plants/result.php?id_plant=CABE6,https://plants.usda.gov/home/basicSearchResults?searchString=Calylophus+berlandieri,https://floranorthamerica.org/Special:Search?search=Calylophus+berlandieri,https://wetland-plants.sec.usace.army.mil/,https://websoilsurvey.nrcs.usda.gov/app/,https://www.epa.gov/eco-research/ecoregions,https://tpwd.texas.gov/landwater/land/programs/landscape-ecology/ems/,"Public dashboard field. Long source prose, photos, image URLs, full source protocols, and page boilerplate are intentionally excluded from public data files. Use linked source pages for full context.",,,,,,,,yes,
Calyptocarpus vialis,Calyptocarpus vialis,Horseherb,Asteraceae,Perennial,Semi-evergreen,Herb,Herb,Part Shade,"Sun, Part Shade, Shade",Medium,"Low, Medium",0.5–1,1–2,"Dry, Moist","Mar, Apr, May, Jun, Jul, Aug, Sep, Oct, Nov",Yellow,Butterflies,,,,Upland prairie and open grassland systems,Shallow Upland Prairie,Shallow Upland Prairie; Upland Woodland,sandy/loamy upland prairie or open field,sandy/loamy upland prairie or open field,"Dry, Moist; Low, Medium; Sun, Part Shade, Shade; High",High,No,Publish now,Literature-supported microregion assignment; field/GIS confirmation can be added in a later release.,"LBJ/USDA/FNA/USACE support species habitat traits; NRCS/EPA/TPWD links support site/soil/ecoregion/vegetation validation, not species identity.",v1-online-public-draft,2026-05-27,calyptocarpus-vialis,https://www.wildflower.org/plants/result.php?id_plant=CAVI2,https://www.wildflower.org/plants/result.php?id_plant=CAVI2,https://plants.usda.gov/home/basicSearchResults?searchString=Calyptocarpus+vialis,https://floranorthamerica.org/Special:Search?search=Calyptocarpus+vialis,https://wetland-plants.sec.usace.army.mil/,https://websoilsurvey.nrcs.usda.gov/app/,https://www.epa.gov/eco-research/ecoregions,https://tpwd.texas.gov/landwater/land/programs/landscape-ecology/ems/,"Public dashboard field. Long source prose, photos, image URLs, full source protocols, and page boilerplate are intentionally excluded from public data files. Use linked source pages for full context.",Region: AGCP AK AW CB EMP GP HI MW NCNE WMVE Status: FAC FAC FAC FAC FAC FAC FACU,Horseherb,Stem | Seed | Clump,Cutting | No Treatment | Division,Materials listed: Stem | Seed | Clump. Treatment tags listed: Cutting | No Treatment | Division. Full propagation instructions are not reproduced in this public dataset; use the linked NPSOT/source pages for complete protocols.,https://www.npsot.org/posts/native-plant/calyptocarpus-vialis/,https://propagate.one/how-to-propagate-calyptocarpus-vialis/ | https://earthone.io/plant/calyptocarpus%20vialis | https://www.plantanswers.com/Articles/HorseherbOrStragglerDaisy.asp#:~:text=Horseherb%20(Calyptecarpus%20vialis,yes,
Campsis radicans,Campsis radicans,"Trumpet Creeper, Trumpet Vine, Common Trumpet Creeper, Cow Vine, Foxglove Vine, Hellvine, Devil's Shoestring",Bignoniaceae,Perennial,Deciduous,Vine,Vine,Sun,Sun,Medium,Low,20–40,3–6 (spread),"Dry, Moist","Jun, Jul, Aug, Sep","Red, Orange, Yellow",Hummingbirds,Trumpet Vine Sphinx Moth ( Paratraea plebeja ),,,Upland prairie and open grassland systems,Shallow Upland Prairie,Shallow Upland Prairie,sandy/loamy upland prairie or open field,sandy/loamy upland prairie or open field,"Dry, Moist; Low; Sun; High; High",High,No,Publish now,Literature-supported microregion assignment; field/GIS confirmation can be added in a later release.,"LBJ/USDA/FNA/USACE support species habitat traits; NRCS/EPA/TPWD links support site/soil/ecoregion/vegetation validation, not species identity.",v1-online-public-draft,2026-05-27,campsis-radicans,https://www.wildflower.org/plants/result.php?id_plant=CARA2,https://www.wildflower.org/plants/result.php?id_plant=CARA2,https://plants.usda.gov/home/basicSearchResults?searchString=Campsis+radicans,https://floranorthamerica.org/Special:Search?search=Campsis+radicans,https://wetland-plants.sec.usace.army.mil/,https://websoilsurvey.nrcs.usda.gov/app/,https://www.epa.gov/eco-research/ecoregions,https://tpwd.texas.gov/landwater/land/programs/landscape-ecology/ems/,"Public dashboard field. Long source prose, photos, image URLs, full source protocols, and page boilerplate are intentionally excluded from public data files. Use linked source pages for full context.",Region: AGCP AK AW CB EMP GP HI MW NCNE WMVE Status: FAC FACU FAC FACU FACU FAC FACU,Trumpet Creeper Vine,Seed,Stratification,Materials listed: Seed. Treatment tags listed: Stratification. Full propagation instructions are not reproduced in this public dataset; use the linked NPSOT/source pages for complete protocols.,https://www.npsot.org/posts/native-plant/campsis-radicans/,https://www.wildflower.org/plants/result.php?id_plant=CARA2,yes,
Capsicum annuum,Capsicum annuum,"Chile Tepin, Chile Pequin, Chiltepin, Chile Petin, Bird Pepper, Turkey Pepper, Cayenne Pepper",Solanaceae,Annual | Perennial,Deciduous,Herb,Herb,Sun,"Sun, Part Shade, Shade",Medium,Low,1–4,1–3,Moist,"May, Jun, Jul, Aug, Sep, Oct",White,Birds,,,,Woodland and karst upland systems,Karst Outcrops,Upland Woodland; Deep Clay Prairie,"limestone ledge, cliff, or bluff","limestone ledge, cliff, or bluff","Moist; Low; Sun, Part Shade, Shade",High,No,Publish now,Literature-supported microregion assignment; field/GIS confirmation can be added in a later release.,"LBJ/USDA/FNA/USACE support species habitat traits; NRCS/EPA/TPWD links support site/soil/ecoregion/vegetation validation, not species identity.",v1-online-public-draft,2026-05-27,capsicum-annuum,https://www.wildflower.org/plants/result.php?id_plant=CAAN4,https://www.wildflower.org/plants/result.php?id_plant=CAAN4,https://plants.usda.gov/home/basicSearchResults?searchString=Capsicum+annuum,https://floranorthamerica.org/Special:Search?search=Capsicum+annuum,https://wetland-plants.sec.usace.army.mil/,https://websoilsurvey.nrcs.usda.gov/app/,https://www.epa.gov/eco-research/ecoregions,https://tpwd.texas.gov/landwater/land/programs/landscape-ecology/ems/,"Public dashboard field. Long source prose, photos, image URLs, full source protocols, and page boilerplate are intentionally excluded from public data files. Use linked source pages for full context.",,Chile Pequin,Seed,Scarification | No Treatment,Materials listed: Seed. Treatment tags listed: Scarification | No Treatment. Full propagation instructions are not reproduced in this public dataset; use the linked NPSOT/source pages for complete protocols.,https://www.npsot.org/posts/native-plant/capsicum-annuum/,https://www.picturethisai.com/care/propagate/Capsicum_annuum_var._conoides.html | https://earthone.io/plant/capsicum%20annuum?srsltid=AfmBOopwiyJ5NopHi3f5dyXvaZ2aWP6vqH3PC9D5ZTMPiXBVq36oP3Xo,yes,
Carex blanda,Carex blanda,"Eastern Woodland Sedge, Creek Sedge, Common Wood Sedge",Cyperaceae,Perennial,Deciduous,Herb,Grass/Grass-like,Part Shade,"Sun, Part Shade, Shade",Medium,High,1–2,1–2,"Dry, Moist","Mar, Apr, May, Jun",Green,,,,,Riparian and floodplain systems,Riparian Banks,,riparian corridor or drainage margin,riparian corridor or drainage margin,"Dry, Moist; High; Sun, Part Shade, Shade; Medium",High,No,Publish now,Literature-supported microregion assignment; field/GIS confirmation can be added in a later release.,"LBJ/USDA/FNA/USACE support species habitat traits; NRCS/EPA/TPWD links support site/soil/ecoregion/vegetation validation, not species identity.",v1-online-public-draft,2026-05-27,carex-blanda,https://www.wildflower.org/plants/result.php?id_plant=CABL,https://www.wildflower.org/plants/result.php?id_plant=CABL,https://plants.usda.gov/home/basicSearchResults?searchString=Carex+blanda,https://floranorthamerica.org/Special:Search?search=Carex+blanda,https://wetland-plants.sec.usace.army.mil/,https://websoilsurvey.nrcs.usda.gov/app/,https://www.epa.gov/eco-research/ecoregions,https://tpwd.texas.gov/landwater/land/programs/landscape-ecology/ems/,"Public dashboard field. Long source prose, photos, image URLs, full source protocols, and page boilerplate are intentionally excluded from public data files. Use linked source pages for full context.",Region: AGCP AK AW CB EMP GP HI MW NCNE WMVE Status: FAC FAC FAC FAC FAC FAC FACU,Creek Sedge,Clump | Seed,Division | No Treatment,Materials listed: Clump | Seed. Treatment tags listed: Division | No Treatment. Full propagation instructions are not reproduced in this public dataset; use the linked NPSOT/source pages for complete protocols.,https://www.npsot.org/posts/native-plant/carex-blanda/,https://propagate.one/how-to-propagate-carex-blanda/,,
Carex cherokeensis,Carex cherokeensis,Cherokee Sedge,Cyperaceae,Perennial,Semi-Evergreen,Herb,Grass/Grass-like,Part Shade,Part Shade,Medium,Medium,1–2,1–2,"Moist, Wet","Apr, May, Jun",Not Applicable,,,,,Woodland and karst upland systems,Upland Woodland,Mesic Canyons & Seeps; Riparian Banks,woodland/wood edge; moist mesic; shade/part shade,"moist sandy loam woodland, needs drainage","Moist, Wet; Medium; Part Shade",High,No,Publish now,Literature-supported microregion assignment; field/GIS confirmation can be added in a later release.,"LBJ/USDA/FNA/USACE support species habitat traits; NRCS/EPA/TPWD links support site/soil/ecoregion/vegetation validation, not species identity.",v1-online-public-draft,2026-05-27,carex-cherokeensis,https://www.wildflower.org/plants/result.php?id_plant=CACH3,https://www.wildflower.org/plants/result.php?id_plant=CACH3,https://plants.usda.gov/home/basicSearchResults?searchString=Carex+cherokeensis,https://floranorthamerica.org/Special:Search?search=Carex+cherokeensis,https://wetland-plants.sec.usace.army.mil/,https://websoilsurvey.nrcs.usda.gov/app/,https://www.epa.gov/eco-research/ecoregions,https://tpwd.texas.gov/landwater/land/programs/landscape-ecology/ems/,"Public dashboard field. Long source prose, photos, image URLs, full source protocols, and page boilerplate are intentionally excluded from public data files. Use linked source pages for full context.",Region: AGCP AK AW CB EMP GP HI MW NCNE WMVE Status: FACW FACW FACW FACW FACW,Cherokee Sedge,Seed,Stratification,Materials listed: Seed. Treatment tags listed: Stratification. Full propagation instructions are not reproduced in this public dataset; use the linked NPSOT/source pages for complete protocols.,https://www.npsot.org/posts/native-plant/carex-cherokeensis/,https://www.nrcs.usda.gov/plantmaterials/wvpmcmt9842.pdf,,
Carex emoryi,Carex emoryi,"Emory's Sedge, Emory Sedge",Cyperaceae,Perennial,Deciduous,Herb,Grass/Grass-like,Sun,"Sun, Part Shade",Medium,,2–3,2–3,Wet,"Jul, Aug","White, Green, Brown",,,,,Riparian and floodplain systems,Riparian Banks,Aquatic / Spring Runs,stream/river bank; marsh/swamp/wetland; moist mesic; sunny open; shade/part shade,river and stream banks; sand/gravel bars; shoreline/retention pond use,"Wet; Sun, Part Shade",High,No,Publish now,Literature-supported microregion assignment; field/GIS confirmation can be added in a later release.,"LBJ/USDA/FNA/USACE support species habitat traits; NRCS/EPA/TPWD links support site/soil/ecoregion/vegetation validation, not species identity.",v1-online-public-draft,2026-05-27,carex-emoryi,https://www.wildflower.org/plants/result.php?id_plant=CAEM2,https://www.wildflower.org/plants/result.php?id_plant=CAEM2,https://plants.usda.gov/home/basicSearchResults?searchString=Carex+emoryi,https://floranorthamerica.org/Special:Search?search=Carex+emoryi,https://wetland-plants.sec.usace.army.mil/,https://websoilsurvey.nrcs.usda.gov/app/,https://www.epa.gov/eco-research/ecoregions,https://tpwd.texas.gov/landwater/land/programs/landscape-ecology/ems/,"Public dashboard field. Long source prose, photos, image URLs, full source protocols, and page boilerplate are intentionally excluded from public data files. Use linked source pages for full context.",Region: AGCP AK AW CB EMP GP HI MW NCNE WMVE Status: OBL OBL OBL OBL OBL OBL OBL,Emory Sedge,Clump | Seed | Stem | Rhizome,Division | No Treatment | Cutting,Materials listed: Clump | Seed | Stem | Rhizome. Treatment tags listed: Division | No Treatment | Cutting. Full propagation instructions are not reproduced in this public dataset; use the linked NPSOT/source pages for complete protocols.,https://www.npsot.org/posts/native-plant/carex-emoryi/,https://www.picturethisai.com/care/propagate/Carex_emoryi.html | https://greg.app/emorys-sedge-overview/ | https://www.botanikks.com/plants/carex-emoryi-dewey/539285/1 | https://plantiary.com/plant/carex-emoryi_4682.html,,
Carex perdentata,Carex perdentata,"Sand Sedge, Meadow Sedge",Cyperaceae,Perennial,Semi-Evergreen,Herb,Grass/Grass-like,Sun,Sun,Low,,1–2,1–2,Moist,"Mar, Apr, May",Not Applicable,,,,,Savanna and woodland-edge systems,Upland Savanna,Upland Woodland; Mesic Canyons & Seeps,woodland/wood edge; dry upland; moist mesic; sunny open,savannas and open mesic forests; high moisture requirement,Moist; Sun,Medium,Optional,Publish with caveat,"Usable for public draft release, but should remain flagged as provisional until optional spot-check or field/GIS support is added.","LBJ/USDA/FNA/USACE support species habitat traits; NRCS/EPA/TPWD links support site/soil/ecoregion/vegetation validation, not species identity.",v1-online-public-draft,2026-05-27,carex-perdentata,https://www.wildflower.org/plants/result.php?id_plant=CAPE40,https://www.wildflower.org/plants/result.php?id_plant=CAPE40,https://plants.usda.gov/home/basicSearchResults?searchString=Carex+perdentata,https://floranorthamerica.org/Special:Search?search=Carex+perdentata,https://wetland-plants.sec.usace.army.mil/,https://websoilsurvey.nrcs.usda.gov/app/,https://www.epa.gov/eco-research/ecoregions,https://tpwd.texas.gov/landwater/land/programs/landscape-ecology/ems/,"Public dashboard field. Long source prose, photos, image URLs, full source protocols, and page boilerplate are intentionally excluded from public data files. Use linked source pages for full context.",,,,,,,,,
Carex texensis,Carex texensis,Texas Sedge,Cyperaceae,Perennial,Semi-Evergreen,Herb,Grass/Grass-like,Sun,"Sun, Part Shade",Low,Medium,1–2,1–2,"Dry, Moist","Mar, Apr, May",Not Applicable,,,,,Upland prairie and open grassland systems,Shallow Upland Prairie,Upland Woodland; Upland Savanna,sandy/loamy upland prairie or open field,sandy/loamy upland prairie or open field,"Dry, Moist; Medium; Sun, Part Shade",Medium,Optional,Publish with caveat,"Usable for public draft release, but should remain flagged as provisional until optional spot-check or field/GIS support is added.","LBJ/USDA/FNA/USACE support species habitat traits; NRCS/EPA/TPWD links support site/soil/ecoregion/vegetation validation, not species identity.",v1-online-public-draft,2026-05-27,carex-texensis,https://www.wildflower.org/plants/result.php?id_plant=CATE7,https://www.wildflower.org/plants/result.php?id_plant=CATE7,https://plants.usda.gov/home/basicSearchResults?searchString=Carex+texensis,https://floranorthamerica.org/Special:Search?search=Carex+texensis,https://wetland-plants.sec.usace.army.mil/,https://websoilsurvey.nrcs.usda.gov/app/,https://www.epa.gov/eco-research/ecoregions,https://tpwd.texas.gov/landwater/land/programs/landscape-ecology/ems/,"Public dashboard field. Long source prose, photos, image URLs, full source protocols, and page boilerplate are intentionally excluded from public data files. Use linked source pages for full context.",,,,,,,,,
Carya illinoinensis,Carya illinoinensis,Pecan,Juglandaceae,Perennial,Deciduous,Tree,Tree,"Sun, Part Shade",Sun,Medium,High,70,60,Moist,"Mar, Apr, May",Yellow,Butterflies,Gray hairstreak butterfly,Carolina Chickadee (Poecile carolinensis); Downy Woodpecker (Dryobates pubescens); Summer Tanager (Piranga rubra); Yellow Warbler (Setophaga petechia); Yellow-billed Cuckoo (Coccyzus americanus); Blue Jay (Cyanocitta cristata); Red-bellied Woodpecker (Melanerpes carolinus); Tufted Titmouse (Baeolophus bicolor); White-breasted Nuthatch (Sitta carolinensis); Wild Turkey (Meleagris gallopavo); Blue Grosbeak (Passerina caerulea); Common Grackle (Quiscalus quiscula); Mississippi Kite (Ictinia mississippiensis); Orchard Oriole (Icterus spurius),USDA Pecan Plant Guide: https://plants.usda.gov/DocumentLibrary/plantguide/pdf/pg_cail2.pdf | tanager feeding specialization / riparian canopy observations | tanager diet / riparian woodland breeding | Cornell Lab / riparian forest trophic studies | USDA NRCS pecan wildlife value: https://plants.usda.gov | riparian songbird breeding / grosbeak habitat use | icterid social behavior / riparian canopy nesting | raptor nesting studies / Central Texas breeding records | Southern Plains raptor ecology / Texas urban-riparian nesting | kite breeding ecology / Central Texas observations | Cornell Lab / riparian canopy nesting studies | icterid nesting / riparian pecan studies | oriole nesting / riparian woodland studies | woodpecker foraging ecology / pecan woodland studies | woodpecker diet and nesting studies | riparian obligate bird studies / cuckoo diet,Riparian and floodplain systems,Riparian Banks,Shallow Upland Prairie,stream/river bank,stream/river bank,Moist; High; Sun; Low,High,No,Publish now,Literature-supported microregion assignment; field/GIS confirmation can be added in a later release.,"LBJ/USDA/FNA/USACE support species habitat traits; NRCS/EPA/TPWD links support site/soil/ecoregion/vegetation validation, not species identity.",v1-online-public-draft,2026-05-27,carya-illinoinensis,https://www.wildflower.org/plants/result.php?id_plant=CAIL2,https://www.wildflower.org/plants/result.php?id_plant=CAIL2,https://plants.usda.gov/home/basicSearchResults?searchString=Carya+illinoinensis,https://floranorthamerica.org/Special:Search?search=Carya+illinoinensis,https://wetland-plants.sec.usace.army.mil/,https://websoilsurvey.nrcs.usda.gov/app/,https://www.epa.gov/eco-research/ecoregions,https://tpwd.texas.gov/landwater/land/programs/landscape-ecology/ems/,"Public dashboard field. Long source prose, photos, image URLs, full source protocols, and page boilerplate are intentionally excluded from public data files. Use linked source pages for full context.",Region: AGCP AK AW CB EMP GP HI MW NCNE WMVE Status: FACU FAC FACU FAC FACW FACW FAC,Pecan,Seed | Softwood,Stratification | Cutting,Materials listed: Seed | Softwood. Treatment tags listed: Stratification | Cutting. Full propagation instructions are not reproduced in this public dataset; use the linked NPSOT/source pages for complete protocols.,https://www.npsot.org/posts/native-plant/carya-illinoinensis/,https://plants.usda.gov/DocumentLibrary/plantguide/pdf/pg_cail2.pdf | https://hort.ifas.ufl.edu/database/lppi/sp070.shtml#:~:text=Time%20of%20year%20to%20graft | https://hort.ifas.ufl.edu/database/lppi/sp070.shtml | https://www.times-gazette.com/story/lifestyle/2019/04/29/a-stroll-through-garden-starting/5316186007/,,
Celtis ehrenbergiana,Celtis ehrenbergiana,Desert (Spiny) Hackberry,Cannabaceae,Perennial,Deciduous,Shrub,Shrub,"Sun, Part Shade","Sun, Part Shade",Low,Low,15,9,Dry,"Feb, Mar, Apr, May","White, Green","Birds, Butterflies",American Snout butterfly,,,Upland prairie and open grassland systems,Shallow Upland Prairie,Karst Outcrops,sandy/loamy upland prairie or open field,sandy/loamy upland prairie or open field,"Dry; Low; Sun, Part Shade; High",High,No,Publish now,Literature-supported microregion assignment; field/GIS confirmation can be added in a later release.,"LBJ/USDA/FNA/USACE support species habitat traits; NRCS/EPA/TPWD links support site/soil/ecoregion/vegetation validation, not species identity.",v1-online-public-draft,2026-05-27,celtis-ehrenbergiana,https://www.wildflower.org/plants/result.php?id_plant=CEEH,https://www.wildflower.org/plants/result.php?id_plant=CEEH,https://plants.usda.gov/home/basicSearchResults?searchString=Celtis+ehrenbergiana,https://floranorthamerica.org/Special:Search?search=Celtis+ehrenbergiana,https://wetland-plants.sec.usace.army.mil/,https://websoilsurvey.nrcs.usda.gov/app/,https://www.epa.gov/eco-research/ecoregions,https://tpwd.texas.gov/landwater/land/programs/landscape-ecology/ems/,"Public dashboard field. Long source prose, photos, image URLs, full source protocols, and page boilerplate are intentionally excluded from public data files. Use linked source pages for full context.",,,,,,,,,
Cephalanthus occidentalis,Cephalanthus occidentalis,"Common Buttonbush, Buttonbush, Button Willow, Honey Bells, Honeybells, Honey Balls, Honeyballs, Button-bush",Rubiaceae,Perennial,Deciduous,Shrub,Shrub,"Sun, Part Shade","Part Shade, Shade",Wet,High,6,6,"Moist, Wet","Jun, Jul, Aug, Sep","White, Pink","Birds, Butterflies",,,,"Aquatic, spring-run, and wetland systems",Aquatic / Spring Runs,Shallow Upland Prairie,pond/lake margin or shallow open water,pond/lake margin or shallow open water,"Moist, Wet; High; Part Shade, Shade; Medium",High,No,Publish now,Literature-supported microregion assignment; field/GIS confirmation can be added in a later release.,"LBJ/USDA/FNA/USACE support species habitat traits; NRCS/EPA/TPWD links support site/soil/ecoregion/vegetation validation, not species identity.",v1-online-public-draft,2026-05-27,cephalanthus-occidentalis,https://www.wildflower.org/plants/result.php?id_plant=CEOC2,https://www.wildflower.org/plants/result.php?id_plant=CEOC2,https://plants.usda.gov/home/basicSearchResults?searchString=Cephalanthus+occidentalis,https://floranorthamerica.org/Special:Search?search=Cephalanthus+occidentalis,https://wetland-plants.sec.usace.army.mil/,https://websoilsurvey.nrcs.usda.gov/app/,https://www.epa.gov/eco-research/ecoregions,https://tpwd.texas.gov/landwater/land/programs/landscape-ecology/ems/,"Public dashboard field. Long source prose, photos, image URLs, full source protocols, and page boilerplate are intentionally excluded from public data files. Use linked source pages for full context.",Region: AGCP AK AW CB EMP GP HI MW NCNE WMVE Status: OBL OBL OBL OBL OBL OBL OBL,Buttonbush,Seed | Stem,No Treatment | Cutting,Materials listed: Seed | Stem. Treatment tags listed: No Treatment | Cutting. Full propagation instructions are not reproduced in this public dataset; use the linked NPSOT/source pages for complete protocols.,https://www.npsot.org/posts/native-plant/cephalanthus-occidentalis/,https://www.growveg.com/plants/us-and-canada/how-to-grow-buttonbush/#:~:text=Buttonbush%20can%20be%20started%20from | https://www.thespruce.com/buttonbush-growing-guide-5323850#:~:text=Propagating%20Buttonbush,yes,
Cercis canadensis var. mexicana,Cercis canadensis var. mexicana,Mexican Redbud,Fabaceae,Perennial,Deciduous,Tree,Tree,"Sun, Part Shade","Sun, Part Shade",Moist,"Low, Medium",25,25,Dry,"Feb, Mar, Apr","Pink, Purple",Butterflies,Henry's Elfin butterfly,,,Woodland and karst upland systems,Karst Outcrops,,rocky calcareous limestone outcrop,rocky calcareous limestone outcrop,"Dry; Low, Medium; Sun, Part Shade; High",High,No,Publish now,Literature-supported microregion assignment; field/GIS confirmation can be added in a later release.,"LBJ/USDA/FNA/USACE support species habitat traits; NRCS/EPA/TPWD links support site/soil/ecoregion/vegetation validation, not species identity.",v1-online-public-draft,2026-05-27,cercis-canadensis-var-mexicana,https://www.wildflower.org/plants/result.php?id_plant=CECAM,https://www.wildflower.org/plants/result.php?id_plant=CECAM,https://plants.usda.gov/home/basicSearchResults?searchString=Cercis+canadensis+var.+mexicana,https://floranorthamerica.org/Special:Search?search=Cercis+canadensis+var.+mexicana,https://wetland-plants.sec.usace.army.mil/,https://websoilsurvey.nrcs.usda.gov/app/,https://www.epa.gov/eco-research/ecoregions,https://tpwd.texas.gov/landwater/land/programs/landscape-ecology/ems/,"Public dashboard field. Long source prose, photos, image URLs, full source protocols, and page boilerplate are intentionally excluded from public data files. Use linked source pages for full context.",,,,,,,,yes,
Cercis canadensis var. texensis,Cercis canadensis var. texensis,Texas Redbud,Fabaceae,Perennial,Deciduous,Tree,Tree,"Sun, Part Shade","Sun, Part Shade",Medium,"Low, Medium",30,25,Dry,"Mar, Apr","White, Pink, Purple",Butterflies,Henry's Elfin butterfly,,,Upland prairie and open grassland systems,Shallow Upland Prairie,,dry upland prairie slope,dry upland prairie slope,"Dry; Low, Medium; Sun, Part Shade; Low; Medium, High",High,No,Publish now,Literature-supported microregion assignment; field/GIS confirmation can be added in a later release.,"LBJ/USDA/FNA/USACE support species habitat traits; NRCS/EPA/TPWD links support site/soil/ecoregion/vegetation validation, not species identity.",v1-online-public-draft,2026-05-27,cercis-canadensis-var-texensis,https://www.wildflower.org/plants/result.php?id_plant=CECAT,https://www.wildflower.org/plants/result.php?id_plant=CECAT,https://plants.usda.gov/home/basicSearchResults?searchString=Cercis+canadensis+var.+texensis,https://floranorthamerica.org/Special:Search?search=Cercis+canadensis+var.+texensis,https://wetland-plants.sec.usace.army.mil/,https://websoilsurvey.nrcs.usda.gov/app/,https://www.epa.gov/eco-research/ecoregions,https://tpwd.texas.gov/landwater/land/programs/landscape-ecology/ems/,"Public dashboard field. Long source prose, photos, image URLs, full source protocols, and page boilerplate are intentionally excluded from public data files. Use linked source pages for full context.",,Texas Redbud,Stem | Seed,Cutting | No Treatment,Materials listed: Stem | Seed. Treatment tags listed: Cutting | No Treatment. Full propagation instructions are not reproduced in this public dataset; use the linked NPSOT/source pages for complete protocols.,https://www.npsot.org/posts/native-plant/cercis-canadensis-var-texensis/,https://www.picturethisai.com/care/propagate/Cercis_canadensis_var._texensis.html | https://www.rhs.org.uk/plants/309065/cercis-canadensis-var-texensis-texas-white/details | https://www.wildflower.org/plants/result.php?id_plant=CECAT,yes,
Chaetopappa ericoides,Chaetopappa ericoides,Rose Heath,Asteraceae,Perennial,Deciduous,Herb,"Herb, Subshrub",Full Sun,,Dry,,0.5,0.5,,"Apr, May, Jun, Jul, Aug",White,,,,,Woodland and karst upland systems,Karst Outcrops,Upland Woodland; Shallow Upland Prairie,rocky calcareous limestone outcrop,rocky calcareous limestone outcrop,,Medium,Optional,Publish with caveat,"Usable for public draft release, but should remain flagged as provisional until optional spot-check or field/GIS support is added.","LBJ/USDA/FNA/USACE support species habitat traits; NRCS/EPA/TPWD links support site/soil/ecoregion/vegetation validation, not species identity.",v1-online-public-draft,2026-05-27,chaetopappa-ericoides,https://www.wildflower.org/plants/result.php?id_plant=CHER2,https://www.wildflower.org/plants/result.php?id_plant=CHER2,https://plants.usda.gov/home/basicSearchResults?searchString=Chaetopappa+ericoides,https://floranorthamerica.org/Special:Search?search=Chaetopappa+ericoides,https://wetland-plants.sec.usace.army.mil/,https://websoilsurvey.nrcs.usda.gov/app/,https://www.epa.gov/eco-research/ecoregions,https://tpwd.texas.gov/landwater/land/programs/landscape-ecology/ems/,"Public dashboard field. Long source prose, photos, image URLs, full source protocols, and page boilerplate are intentionally excluded from public data files. Use linked source pages for full context.",,,,,,,,,
Chamaecrista fasciculata,Chamaecrista fasciculata,"Partridge Pea, Sleepingplant, Sensitive Plant",Fabaceae,Annual,Deciduous,Herb,Herb,Sun,"Sun, Part Shade",Low,Medium,2,1,"Dry, Moist","Jun, Jul, Aug, Sep, Oct",Yellow,"Birds, Butterflies","Cloudless giant sulphur, Orange sulphur, Sleepy orange butterflies.",Northern Bobwhite (Colinus virginianus),Native American Seed Partridge Pea: https://seedsource.com/partridge-pea/,Upland prairie and open grassland systems,Shallow Upland Prairie,,sandy/loamy upland prairie or open field,sandy/loamy upland prairie or open field,"Dry, Moist; Medium; Sun, Part Shade",High,No,Publish now,Literature-supported microregion assignment; field/GIS confirmation can be added in a later release.,"LBJ/USDA/FNA/USACE support species habitat traits; NRCS/EPA/TPWD links support site/soil/ecoregion/vegetation validation, not species identity.",v1-online-public-draft,2026-05-27,chamaecrista-fasciculata,https://www.wildflower.org/plants/result.php?id_plant=CHFA2,https://www.wildflower.org/plants/result.php?id_plant=CHFA2,https://plants.usda.gov/home/basicSearchResults?searchString=Chamaecrista+fasciculata,https://floranorthamerica.org/Special:Search?search=Chamaecrista+fasciculata,https://wetland-plants.sec.usace.army.mil/,https://websoilsurvey.nrcs.usda.gov/app/,https://www.epa.gov/eco-research/ecoregions,https://tpwd.texas.gov/landwater/land/programs/landscape-ecology/ems/,"Public dashboard field. Long source prose, photos, image URLs, full source protocols, and page boilerplate are intentionally excluded from public data files. Use linked source pages for full context.",Region: AGCP AK AW CB EMP GP HI MW NCNE WMVE Status: FACU FACU FACU FACU FACU FACU FACU,Partridge Pea,Seed | Root | Stem,No Treatment | Scarification | Division | Cutting,Materials listed: Seed | Root | Stem. Treatment tags listed: No Treatment | Scarification | Division | Cutting. Full propagation instructions are not reproduced in this public dataset; use the linked NPSOT/source pages for complete protocols.,https://www.npsot.org/posts/native-plant/chamaecrista-fasciculata/,https://seedsource.com/partridge-pea/ | https://npn.rngr.net/renderNPNProtocolDetails?selectedProtocolIds=fabaceae-chamaecrista-1297 | https://nativefloraseeds.org/products/partridge-pea | https://propagate.one/how-to-propagate-chamaecrista-fasciculata/ | https://greg.app/propagate-partridge-pea/#:~:text=Harvesting%20Partridge%20Pea%20seeds%20at,yes,
Chasmanthium latifolium,Chasmanthium latifolium,"Inland Sea Oats, Indian Wood Oats, Wild Oats, River Oats, Flathead Oats, Upland Oats, Upland Sea Oats",Poaceae,Perennial,Deciduous,Grass,Grass/Grass-like,"Part Shade, Shade","Part Shade, Shade",Medium,Medium,3,2,Moist,"Jun, Jul, Aug, Sep",Green,Butterflies,"Pepper & salt skipper butterfly, Bell's road side skipper butterfly, Bronzed roadside skipper butterfly",,,Upland prairie and open grassland systems,Shallow Upland Prairie,Riparian Banks,dry upland prairie slope,dry upland prairie slope,"Moist; Medium; Part Shade, Shade; Low",Medium,Optional,Publish with caveat,"Usable for public draft release, but should remain flagged as provisional until optional spot-check or field/GIS support is added.","LBJ/USDA/FNA/USACE support species habitat traits; NRCS/EPA/TPWD links support site/soil/ecoregion/vegetation validation, not species identity.",v1-online-public-draft,2026-05-27,chasmanthium-latifolium,https://www.wildflower.org/plants/result.php?id_plant=CHLA5,https://www.wildflower.org/plants/result.php?id_plant=CHLA5,https://plants.usda.gov/home/basicSearchResults?searchString=Chasmanthium+latifolium,https://floranorthamerica.org/Special:Search?search=Chasmanthium+latifolium,https://wetland-plants.sec.usace.army.mil/,https://websoilsurvey.nrcs.usda.gov/app/,https://www.epa.gov/eco-research/ecoregions,https://tpwd.texas.gov/landwater/land/programs/landscape-ecology/ems/,"Public dashboard field. Long source prose, photos, image URLs, full source protocols, and page boilerplate are intentionally excluded from public data files. Use linked source pages for full context.",Region: AGCP AK AW CB EMP GP HI MW NCNE WMVE Status: FAC FAC FACU FACU FACW FACW FAC,Inland Sea Oats,Seed | Clump,No Treatment | Scarification | Division,Materials listed: Seed | Clump. Treatment tags listed: No Treatment | Scarification | Division. Full propagation instructions are not reproduced in this public dataset; use the linked NPSOT/source pages for complete protocols.,https://www.npsot.org/posts/native-plant/chasmanthium-latifolium/,https://wwhttps://www.wildflowerfarm.com/chasmanthium-latifolium-northern-sea-oats.html#:~:text=Plant%20seed%200.64%20cm%20(1 | https://mowildflowers.net/chasmanthium-latifolium--river-oats-/#:~:text=Seed:%20Best%20germination%20can%20be,,
Chilopsis linearis,Chilopsis linearis,"Desert Willow, Flowering Willow, Willow-leaved Catalpa, Willowleaf Catalpa, Bow Willow, Flor De Mimbre, Mimbre",Bignoniaceae,Perennial,Deciduous,Tree,Tree,Sun,Sun,Low,Low,30,20,"Dry, Moist","Apr, May, Jun, Jul, Aug, Sep, Oct","White, Pink, Purple, Violet","Birds, Butterflies, Hummingbirds",White-winged moth,,,Riparian and floodplain systems,Riparian Banks,Karst Outcrops; Mesic Canyons & Seeps; Shallow Upland Prairie,stream/river bank; ravine/canyon/depression; limestone/caliche/calcareous; deep clay/swale; disturbed/roadside/ditch,arroyos/swales/stream banks with well-drained limestone,"Dry, Moist; Low; Sun; Medium; High",High,No,Publish now,Literature-supported microregion assignment; field/GIS confirmation can be added in a later release.,"LBJ/USDA/FNA/USACE support species habitat traits; NRCS/EPA/TPWD links support site/soil/ecoregion/vegetation validation, not species identity.",v1-online-public-draft,2026-05-27,chilopsis-linearis,https://www.wildflower.org/plants/result.php?id_plant=CHLI2,https://www.wildflower.org/plants/result.php?id_plant=CHLI2,https://plants.usda.gov/home/basicSearchResults?searchString=Chilopsis+linearis,https://floranorthamerica.org/Special:Search?search=Chilopsis+linearis,https://wetland-plants.sec.usace.army.mil/,https://websoilsurvey.nrcs.usda.gov/app/,https://www.epa.gov/eco-research/ecoregions,https://tpwd.texas.gov/landwater/land/programs/landscape-ecology/ems/,"Public dashboard field. Long source prose, photos, image URLs, full source protocols, and page boilerplate are intentionally excluded from public data files. Use linked source pages for full context.",Region: AGCP AK AW CB EMP GP HI MW NCNE WMVE Status: FACU FAC FACU FAC,Desert Willow,Seed | Softwood,No Treatment | Cutting,Materials listed: Seed | Softwood. Treatment tags listed: No Treatment | Cutting. Full propagation instructions are not reproduced in this public dataset; use the linked NPSOT/source pages for complete protocols.,https://www.npsot.org/posts/native-plant/chilopsis-linearis/,https://legacylandscaper.com/desert-willow-chilopsis-linearis/#:~:text=How%20to%20Propagate%20Desert%20Willow | https://www.wildflower.org/plants/result.php?id_plant=CHLI2 | https://plants.usda.gov/DocumentLibrary/plantguide/pdf/pg_chli2.pdf | https://johndenson.com/desert-willow-chilopsis-linearis/#:~:text=Growing%20Desert%20Willows%20from%20Seed | https://www.thespruce.com/desert-willow-growing-guide-5210875#:~:text=Propagating%20desert%20willow%20by%20seed%20is%20the%20preferred%20and%20easiest,yes,
Chloracantha spinosa,Chloracantha spinosa,"Spiny Chloracantha, Mexican Devil-weed",Asteraceae,Perennial,Deciduous,Shrub,Herb,"Sun, Part Shade",,Medium,,5,5,,"May, Jun, Jul, Aug, Sep, Oct, Nov, Dec",White,,,,,Riparian and floodplain systems,Riparian Banks,Ecotone / Edge Thicket; Mesic Canyons & Seeps; Deep Clay Prairie,stream/river bank; marsh/swamp/wetland; seep/wet ledge; dry upland; moist mesic; sunny open; shade/part shade,dry habitats plus moist spots such as streambanks and seeps; tolerates saline sites,,High,No,Publish now,Literature-supported microregion assignment; field/GIS confirmation can be added in a later release.,"LBJ/USDA/FNA/USACE support species habitat traits; NRCS/EPA/TPWD links support site/soil/ecoregion/vegetation validation, not species identity.",v1-online-public-draft,2026-05-27,chloracantha-spinosa,https://www.wildflower.org/plants/result.php?id_plant=CHSP11,https://www.wildflower.org/plants/result.php?id_plant=CHSP11,https://plants.usda.gov/home/basicSearchResults?searchString=Chloracantha+spinosa,https://floranorthamerica.org/Special:Search?search=Chloracantha+spinosa,https://wetland-plants.sec.usace.army.mil/,https://websoilsurvey.nrcs.usda.gov/app/,https://www.epa.gov/eco-research/ecoregions,https://tpwd.texas.gov/landwater/land/programs/landscape-ecology/ems/,"Public dashboard field. Long source prose, photos, image URLs, full source protocols, and page boilerplate are intentionally excluded from public data files. Use linked source pages for full context.",Region: AGCP AK AW CB EMP GP HI MW NCNE WMVE Status: FACW FAC FACW FAC,,,,,,,,
Chrysactinia mexicana,Chrysactinia mexicana,Damianita,Asteraceae,Perennial,Evergreen,Subshrub,"Subshrub, Shrub",Sun,Sun,Low,Low,1,1.5,Dry,"Mar, Apr, May, Jun, Jul, Aug, Sep, Oct, Nov",Yellow,,,,,Woodland and karst upland systems,Karst Outcrops,,rocky calcareous limestone outcrop,rocky calcareous limestone outcrop,Dry; Low; Sun; High,High,No,Publish now,Literature-supported microregion assignment; field/GIS confirmation can be added in a later release.,"LBJ/USDA/FNA/USACE support species habitat traits; NRCS/EPA/TPWD links support site/soil/ecoregion/vegetation validation, not species identity.",v1-online-public-draft,2026-05-27,chrysactinia-mexicana,https://www.wildflower.org/plants/result.php?id_plant=CHME3,https://www.wildflower.org/plants/result.php?id_plant=CHME3,https://plants.usda.gov/home/basicSearchResults?searchString=Chrysactinia+mexicana,https://floranorthamerica.org/Special:Search?search=Chrysactinia+mexicana,https://wetland-plants.sec.usace.army.mil/,https://websoilsurvey.nrcs.usda.gov/app/,https://www.epa.gov/eco-research/ecoregions,https://tpwd.texas.gov/landwater/land/programs/landscape-ecology/ems/,"Public dashboard field. Long source prose, photos, image URLs, full source protocols, and page boilerplate are intentionally excluded from public data files. Use linked source pages for full context.",,Damianita,Seed,No Treatment,Materials listed: Seed. Treatment tags listed: No Treatment. Full propagation instructions are not reproduced in this public dataset; use the linked NPSOT/source pages for complete protocols.,https://www.npsot.org/posts/native-plant/chrysactinia-mexicana/,https://www.wildflower.org/plants/result.php?id_plant=CHME3,,
Clematis drummondii,Clematis drummondii,Old Man's Beard,Ranunculaceae,Perennial,Deciduous,Vine,Vine,Full Sun to Part Shade,"Sun, Part Shade",Dry to Moist,Low,20,,"Dry, Moist","Apr, May, Jun, Jul, Aug, Sep",White,Butterflies,Fatal metalmark butterfly.,,,Upland prairie and open grassland systems,Shallow Upland Prairie,Karst Outcrops,sandy/loamy upland prairie or open field,sandy/loamy upland prairie or open field,"Dry, Moist; Low; Sun, Part Shade",High,No,Publish now,Literature-supported microregion assignment; field/GIS confirmation can be added in a later release.,"LBJ/USDA/FNA/USACE support species habitat traits; NRCS/EPA/TPWD links support site/soil/ecoregion/vegetation validation, not species identity.",v1-online-public-draft,2026-05-27,clematis-drummondii,https://www.wildflower.org/plants/result.php?id_plant=CLDR,https://www.wildflower.org/plants/result.php?id_plant=CLDR,https://plants.usda.gov/home/basicSearchResults?searchString=Clematis+drummondii,https://floranorthamerica.org/Special:Search?search=Clematis+drummondii,https://wetland-plants.sec.usace.army.mil/,https://websoilsurvey.nrcs.usda.gov/app/,https://www.epa.gov/eco-research/ecoregions,https://tpwd.texas.gov/landwater/land/programs/landscape-ecology/ems/,"Public dashboard field. Long source prose, photos, image URLs, full source protocols, and page boilerplate are intentionally excluded from public data files. Use linked source pages for full context.",,Texas Virgin's Bower,Seed | Stem,Stratification | Scarification | Cutting,Materials listed: Seed | Stem. Treatment tags listed: Stratification | Scarification | Cutting. Full propagation instructions are not reproduced in this public dataset; use the linked NPSOT/source pages for complete protocols.,https://www.npsot.org/posts/native-plant/clematis-drummondii/,https://npn.rngr.net/renderNPNProtocolDetails?selectedProtocolIds=clematis-drummondii-clematis | https://www.borderlandsplants.org/product-page/old-man-s-beard-seed-clematis-drummondii | https://www.wildflower.org/plants/result.php?id_plant=CLDR,,
Clematis pitcheri,Clematis pitcheri,"Purple Leatherflower, Purple Clematis, Leatherflower, Bluebill, Bellflower Clematis, Pitcher's Clematis",Ranunculaceae,Perennial,Deciduous,Vine,Vine,"Sun, Part Shade","Sun, Part Shade",Medium,Medium,10,5,Moist,"May, Jun, Jul, Aug, Sep",Purple,,,,,Woodland and karst upland systems,Karst Outcrops,Shallow Upland Prairie,"limestone ledge, cliff, or bluff","limestone ledge, cliff, or bluff","Moist; Medium; Sun, Part Shade",Medium,Optional,Publish with caveat,"Usable for public draft release, but should remain flagged as provisional until optional spot-check or field/GIS support is added.","LBJ/USDA/FNA/USACE support species habitat traits; NRCS/EPA/TPWD links support site/soil/ecoregion/vegetation validation, not species identity.",v1-online-public-draft,2026-05-27,clematis-pitcheri,https://www.wildflower.org/plants/result.php?id_plant=CLPI,https://www.wildflower.org/plants/result.php?id_plant=CLPI,https://plants.usda.gov/home/basicSearchResults?searchString=Clematis+pitcheri,https://floranorthamerica.org/Special:Search?search=Clematis+pitcheri,https://wetland-plants.sec.usace.army.mil/,https://websoilsurvey.nrcs.usda.gov/app/,https://www.epa.gov/eco-research/ecoregions,https://tpwd.texas.gov/landwater/land/programs/landscape-ecology/ems/,"Public dashboard field. Long source prose, photos, image URLs, full source protocols, and page boilerplate are intentionally excluded from public data files. Use linked source pages for full context.",Region: AGCP AK AW CB EMP GP HI MW NCNE WMVE Status: FACU FACU FACU FACU FACU FACU FACU,Purple Leatherflower,Seed,Stratification,Materials listed: Seed. Treatment tags listed: Stratification. Full propagation instructions are not reproduced in this public dataset; use the linked NPSOT/source pages for complete protocols.,https://www.npsot.org/posts/native-plant/clematis-pitcheri/,https://www.wildflower.org/plants/result.php?id_plant=CLPI,,
Clematis texensis,Clematis texensis,"Scarlet Clematis, Scarlet Leatherflower, Texas Clematis",Ranunculaceae,Perennial,Deciduous,Vine,Vine,"Sun, Part Shade",Part Shade,Medium,Low,10,5,Moist,"Mar, Apr, May, Jun, Jul",Red,,,,,Woodland and karst upland systems,Karst Outcrops,Shallow Upland Prairie,"limestone ledge, cliff, or bluff","limestone ledge, cliff, or bluff",Moist; Low; Part Shade,Medium,Optional,Publish with caveat,"Usable for public draft release, but should remain flagged as provisional until optional spot-check or field/GIS support is added.","LBJ/USDA/FNA/USACE support species habitat traits; NRCS/EPA/TPWD links support site/soil/ecoregion/vegetation validation, not species identity.",v1-online-public-draft,2026-05-27,clematis-texensis,https://www.wildflower.org/plants/result.php?id_plant=CLTE2,https://www.wildflower.org/plants/result.php?id_plant=CLTE2,https://plants.usda.gov/home/basicSearchResults?searchString=Clematis+texensis,https://floranorthamerica.org/Special:Search?search=Clematis+texensis,https://wetland-plants.sec.usace.army.mil/,https://websoilsurvey.nrcs.usda.gov/app/,https://www.epa.gov/eco-research/ecoregions,https://tpwd.texas.gov/landwater/land/programs/landscape-ecology/ems/,"Public dashboard field. Long source prose, photos, image URLs, full source protocols, and page boilerplate are intentionally excluded from public data files. Use linked source pages for full context.",,Scarlet Leatherflower,Seed | Stem,Scarification | Stratification | Cutting | Layering,Materials listed: Seed | Stem. Treatment tags listed: Scarification | Stratification | Cutting | Layering. Full propagation instructions are not reproduced in this public dataset; use the linked NPSOT/source pages for complete protocols.,https://www.npsot.org/posts/native-plant/clematis-texensis/,https://www.picturethisai.com/care/propagate/Clematis_texensis.html | https://gonzalesmastergardeners.org/uploads/7/2/5/4/72540621/clematis_texensis.pdf | https://plantiary.com/plant/clematis-texensis_6341.html | https://plantingo.com/plant-care-guide/clematis-texensis-buckley/3579,yes,
Cocculus carolinus,Cocculus carolinus,Carolina Snailseed,Menispermaceae,Perennial,Deciduous,Vine,Vine,Part Shade,Part Shade,Moist,Low,20,,Moist,"Jun, Jul, Aug",Green,,,,,Woodland and karst upland systems,Karst Outcrops,,"limestone ledge, cliff, or bluff","limestone ledge, cliff, or bluff",Moist; Low; Part Shade,High,No,Publish now,Literature-supported microregion assignment; field/GIS confirmation can be added in a later release.,"LBJ/USDA/FNA/USACE support species habitat traits; NRCS/EPA/TPWD links support site/soil/ecoregion/vegetation validation, not species identity.",v1-online-public-draft,2026-05-27,cocculus-carolinus,https://www.wildflower.org/plants/result.php?id_plant=COCA,https://www.wildflower.org/plants/result.php?id_plant=COCA,https://plants.usda.gov/home/basicSearchResults?searchString=Cocculus+carolinus,https://floranorthamerica.org/Special:Search?search=Cocculus+carolinus,https://wetland-plants.sec.usace.army.mil/,https://websoilsurvey.nrcs.usda.gov/app/,https://www.epa.gov/eco-research/ecoregions,https://tpwd.texas.gov/landwater/land/programs/landscape-ecology/ems/,"Public dashboard field. Long source prose, photos, image URLs, full source protocols, and page boilerplate are intentionally excluded from public data files. Use linked source pages for full context.",Region: AGCP AK AW CB EMP GP HI MW NCNE WMVE Status: FAC FACU FAC FACU FAC,Carolina Snailseed,Stem | Seed,Cutting | Stratification,Materials listed: Stem | Seed. Treatment tags listed: Cutting | Stratification. Full propagation instructions are not reproduced in this public dataset; use the linked NPSOT/source pages for complete protocols.,https://www.npsot.org/posts/native-plant/cocculus-carolinus/,https://propagate.one/how-to-propagate-cocculus-carolinus/ | https://worldplants.ca/display.php?id=9677# | https://plants.ces.ncsu.edu/plants/cocculus-carolinus/ | https://www.gardeningknowhow.com/ornamental/vines/moonseed-vine/growing-carolina-moonseed-for-birds.htm,,
Colubrina texensis,Colubrina texensis,Texas Hogplum,Rhamnaceae,Perennial,Deciduous,Shrub,Shrub,Part Shade,Part Shade,Low,Low,4,4,Dry,"May, Jun, Jul",Green,Birds,,,,Upland prairie and open grassland systems,Shallow Upland Prairie,Karst Outcrops,sandy/loamy upland prairie or open field,sandy/loamy upland prairie or open field,Dry; Low; Part Shade,High,No,Publish now,Literature-supported microregion assignment; field/GIS confirmation can be added in a later release.,"LBJ/USDA/FNA/USACE support species habitat traits; NRCS/EPA/TPWD links support site/soil/ecoregion/vegetation validation, not species identity.",v1-online-public-draft,2026-05-27,colubrina-texensis,https://www.wildflower.org/plants/result.php?id_plant=COTE6,https://www.wildflower.org/plants/result.php?id_plant=COTE6,https://plants.usda.gov/home/basicSearchResults?searchString=Colubrina+texensis,https://floranorthamerica.org/Special:Search?search=Colubrina+texensis,https://wetland-plants.sec.usace.army.mil/,https://websoilsurvey.nrcs.usda.gov/app/,https://www.epa.gov/eco-research/ecoregions,https://tpwd.texas.gov/landwater/land/programs/landscape-ecology/ems/,"Public dashboard field. Long source prose, photos, image URLs, full source protocols, and page boilerplate are intentionally excluded from public data files. Use linked source pages for full context.",,Texas Hog Plum,Seed | Semi-harwood,Stratification | Cutting,Materials listed: Seed | Semi-harwood. Treatment tags listed: Stratification | Cutting. Full propagation instructions are not reproduced in this public dataset; use the linked NPSOT/source pages for complete protocols.,https://www.npsot.org/posts/native-plant/colubrina-texensis/,https://www.wildflower.org/plants/result.php?id_plant=COTE6 | https://www.picturethisai.com/care/propagate/Colubrina_texensis.html,,
Commelina erecta,Commelina erecta,"Dayflower, Widow's Tears, White-mouth Dayflower, Whitemouth Dayflower",Commelinaceae,Perennial,Deciduous,Herb,Herb,"Sun, Part Shade",Part Shade,Medium,,1.5,1.5,Dry,"May, Jun, Jul, Aug, Sep, Oct",Blue,Birds,,Mourning Dove (Zenaida macroura); Northern Bobwhite (Colinus virginianus); White-winged Dove (Zenaida asiatica),Bamert Seed Dayflower Plant Profile: https://bamertseed.com/plants/dayflower/,Upland prairie and open grassland systems,Shallow Upland Prairie,Upland Woodland,sandy/loamy upland prairie or open field,sandy/loamy upland prairie or open field,Dry; Part Shade,Medium,Optional,Publish with caveat,"Usable for public draft release, but should remain flagged as provisional until optional spot-check or field/GIS support is added.","LBJ/USDA/FNA/USACE support species habitat traits; NRCS/EPA/TPWD links support site/soil/ecoregion/vegetation validation, not species identity.",v1-online-public-draft,2026-05-27,commelina-erecta,https://www.wildflower.org/plants/result.php?id_plant=COER,https://www.wildflower.org/plants/result.php?id_plant=COER,https://plants.usda.gov/home/basicSearchResults?searchString=Commelina+erecta,https://floranorthamerica.org/Special:Search?search=Commelina+erecta,https://wetland-plants.sec.usace.army.mil/,https://websoilsurvey.nrcs.usda.gov/app/,https://www.epa.gov/eco-research/ecoregions,https://tpwd.texas.gov/landwater/land/programs/landscape-ecology/ems/,"Public dashboard field. Long source prose, photos, image URLs, full source protocols, and page boilerplate are intentionally excluded from public data files. Use linked source pages for full context.",Region: AGCP AK AW CB EMP GP HI MW NCNE WMVE Status: FACU FACU FAC FAC FACU FAC UPL FACU,Dayflower,Seed | Stem,No Treatment | Cutting,Materials listed: Seed | Stem. Treatment tags listed: No Treatment | Cutting. Full propagation instructions are not reproduced in this public dataset; use the linked NPSOT/source pages for complete protocols.,https://www.npsot.org/posts/native-plant/commelina-erecta/,https://propagate.one/how-to-propagate-commelina-erecta/ | https://www.gardenia.net/plant/commelina-erecta#:~:text=Virtually%20pest%20and%20disease%20free | https://sharonsflorida.com/plants-page/native-wildflowers/whitemouth-dayflower/#:~:text=Propagation,,
Condalia hookeri,Condalia hookeri,Brasil,Rhamnaceae,Perennial,Semi-Evergreen,Shrub,"Shrub, Tree",Part Shade,Part Shade,Low,Low,24,9,Dry,"Mar, Apr, May, Jun, Jul, Aug, Sep, Oct",Green,"Birds, Butterflies",Snout butterfly.,,,Upland prairie and open grassland systems,Shallow Upland Prairie,,sandy/loamy upland prairie or open field,sandy/loamy upland prairie or open field,Dry; Low; Part Shade,High,No,Publish now,Literature-supported microregion assignment; field/GIS confirmation can be added in a later release.,"LBJ/USDA/FNA/USACE support species habitat traits; NRCS/EPA/TPWD links support site/soil/ecoregion/vegetation validation, not species identity.",v1-online-public-draft,2026-05-27,condalia-hookeri,https://www.wildflower.org/plants/result.php?id_plant=COHO,https://www.wildflower.org/plants/result.php?id_plant=COHO,https://plants.usda.gov/home/basicSearchResults?searchString=Condalia+hookeri,https://floranorthamerica.org/Special:Search?search=Condalia+hookeri,https://wetland-plants.sec.usace.army.mil/,https://websoilsurvey.nrcs.usda.gov/app/,https://www.epa.gov/eco-research/ecoregions,https://tpwd.texas.gov/landwater/land/programs/landscape-ecology/ems/,"Public dashboard field. Long source prose, photos, image URLs, full source protocols, and page boilerplate are intentionally excluded from public data files. Use linked source pages for full context.",,Bluewood Condalia,Semi-harwood | Seed,Cutting | Scarification,Materials listed: Semi-harwood | Seed. Treatment tags listed: Cutting | Scarification. Full propagation instructions are not reproduced in this public dataset; use the linked NPSOT/source pages for complete protocols.,https://www.npsot.org/posts/native-plant/condalia-hookeri/,https://propagate.one/how-to-propagate-condalia-hookeri/,,
Conoclinium coelestinum,Conoclinium coelestinum,"Blue Mistflower, Wild Ageratum, Blue Boneset",Asteraceae,Perennial,Deciduous,Herb,Herb,"Sun, Part Shade","Sun, Part Shade",Medium,Medium,1–3,2–3,Moist,"Jul, Aug, Sep, Oct, Nov","Blue, Purple","Birds, Butterflies",,,,Riparian and floodplain systems,Riparian Banks,Upland Woodland; Ecotone / Edge Thicket; Deep Clay Prairie,stream/river bank; marsh/swamp/wetland; limestone/caliche/calcareous; deep clay/swale; woodland/wood edge; disturbed/roadside/ditch; moist mesic; sunny open; shade/part shade,wood margins/stream banks/low woods/wet meadows/ditches,"Moist; Medium; Sun, Part Shade; Medium",High,No,Publish now,Literature-supported microregion assignment; field/GIS confirmation can be added in a later release.,"LBJ/USDA/FNA/USACE support species habitat traits; NRCS/EPA/TPWD links support site/soil/ecoregion/vegetation validation, not species identity.",v1-online-public-draft,2026-05-27,conoclinium-coelestinum,https://www.wildflower.org/plants/result.php?id_plant=COCO13,https://www.wildflower.org/plants/result.php?id_plant=COCO13,https://plants.usda.gov/home/basicSearchResults?searchString=Conoclinium+coelestinum,https://floranorthamerica.org/Special:Search?search=Conoclinium+coelestinum,https://wetland-plants.sec.usace.army.mil/,https://websoilsurvey.nrcs.usda.gov/app/,https://www.epa.gov/eco-research/ecoregions,https://tpwd.texas.gov/landwater/land/programs/landscape-ecology/ems/,"Public dashboard field. Long source prose, photos, image URLs, full source protocols, and page boilerplate are intentionally excluded from public data files. Use linked source pages for full context.",Region: AGCP AK AW CB EMP GP HI MW NCNE WMVE Status: FAC FAC FACW FACW FAC,Blue Mistflower,Seed | Stem | Clump,Stratification | Cutting | Division | No Treatment,Materials listed: Seed | Stem | Clump. Treatment tags listed: Stratification | Cutting | Division | No Treatment. Full propagation instructions are not reproduced in this public dataset; use the linked NPSOT/source pages for complete protocols.,https://www.npsot.org/posts/native-plant/conoclinium-coelestinum/,https://www.epicgardening.com/blue-mistflower/ | https://www.joyfulbutterfly.com/product/blue-mistflower-seeds-conoclinium-coelestinum/#:~:text=How%20to%20Start%20Blue%20Mistflower | https://www.picturethisai.com/care/propagate/Conoclinium_coelestinum.html#:~:text=A%20sharp%20knife%20or%20pruning | https://longleafpine.fnpschapters.org/data/uploads/propagation-manual-for-fl-panhandle-native-plants/conoclinum-coelestinum.pdf,yes,
Coreopsis basalis,Coreopsis basalis,"Goldenmane Tickseed, Golden-wave",Asteraceae,Annual,Deciduous,Herb,Herb,Sun,Sun,Dry–Medium,Low,1–2,1–2,Dry,"Jun, Jul",Yellow,,,,,Upland prairie and open grassland systems,Shallow Upland Prairie,,sandy/loamy upland prairie or open field,sandy/loamy upland prairie or open field,Dry; Low; Sun,High,No,Publish now,Literature-supported microregion assignment; field/GIS confirmation can be added in a later release.,"LBJ/USDA/FNA/USACE support species habitat traits; NRCS/EPA/TPWD links support site/soil/ecoregion/vegetation validation, not species identity.",v1-online-public-draft,2026-05-27,coreopsis-basalis,https://www.wildflower.org/plants/result.php?id_plant=COBA2,https://www.wildflower.org/plants/result.php?id_plant=COBA2,https://plants.usda.gov/home/basicSearchResults?searchString=Coreopsis+basalis,https://floranorthamerica.org/Special:Search?search=Coreopsis+basalis,https://wetland-plants.sec.usace.army.mil/,https://websoilsurvey.nrcs.usda.gov/app/,https://www.epa.gov/eco-research/ecoregions,https://tpwd.texas.gov/landwater/land/programs/landscape-ecology/ems/,"Public dashboard field. Long source prose, photos, image URLs, full source protocols, and page boilerplate are intentionally excluded from public data files. Use linked source pages for full context.",,Golden Tickseed,Seed,No Treatment,Materials listed: Seed. Treatment tags listed: No Treatment. Full propagation instructions are not reproduced in this public dataset; use the linked NPSOT/source pages for complete protocols.,https://www.npsot.org/posts/native-plant/coreopsis-basalis/,https://seedsource.com/golden-wave/,,
Coreopsis lanceolata,Coreopsis lanceolata,"Lanceleaf Coreopsis, Lance-leaved Coreopsis, Lanceleaf Tickseed, Sand Coreopsis",Asteraceae,Perennial,Deciduous,Herb,Herb,Sun,"Sun, Part Shade, Shade",Medium,Medium,1–2,1–2,Dry,"Apr, May, Jun",Yellow,Butterflies,,,,Upland prairie and open grassland systems,Shallow Upland Prairie,,sandy/loamy upland prairie or open field,sandy/loamy upland prairie or open field,"Dry; Medium; Sun, Part Shade, Shade",High,No,Publish now,Literature-supported microregion assignment; field/GIS confirmation can be added in a later release.,"LBJ/USDA/FNA/USACE support species habitat traits; NRCS/EPA/TPWD links support site/soil/ecoregion/vegetation validation, not species identity.",v1-online-public-draft,2026-05-27,coreopsis-lanceolata,https://www.wildflower.org/plants/result.php?id_plant=COLA5,https://www.wildflower.org/plants/result.php?id_plant=COLA5,https://plants.usda.gov/home/basicSearchResults?searchString=Coreopsis+lanceolata,https://floranorthamerica.org/Special:Search?search=Coreopsis+lanceolata,https://wetland-plants.sec.usace.army.mil/,https://websoilsurvey.nrcs.usda.gov/app/,https://www.epa.gov/eco-research/ecoregions,https://tpwd.texas.gov/landwater/land/programs/landscape-ecology/ems/,"Public dashboard field. Long source prose, photos, image URLs, full source protocols, and page boilerplate are intentionally excluded from public data files. Use linked source pages for full context.",Region: AGCP AK AW CB EMP GP HI MW NCNE WMVE Status: UPL FACU FACU FACU UPL FACU FACU UPL,Lanceleaf Coreopsis,Bud | Seed | Softwood,Division | No Treatment | Cutting | Stratification,Materials listed: Bud | Seed | Softwood. Treatment tags listed: Division | No Treatment | Cutting | Stratification. Full propagation instructions are not reproduced in this public dataset; use the linked NPSOT/source pages for complete protocols.,https://www.npsot.org/posts/native-plant/coreopsis-lanceolata/,https://www.wildflower.org/plants/result.php?id_plant=COLA5 | https://www.thespruce.com/coreopsis-lanceolata-7255292#:~:text=After%20two%20to%20three%20years | https://edis.ifas.ufl.edu/publication/EP058 | https://www.fnps.org/assets/pdf/pubs/coreopsis_lanceolata_lanceleaftickseed_3_0.pdf | https://brightlanegardens.com/native-plants/plant-glossary/native-perennials/lanceleaf-coreopsis-coreopsis-lanceolata/,yes,
Cornus drummondii,Cornus drummondii,"Roughleaf Dogwood, Drummond's Dogwood, Rough-leaf Dogwood",Cornaceae,Perennial,Deciduous,"Shrub, Tree",Tree,"Sun, Part Shade","Part Shade, Shade",Medium,Low,10–15,10–15,"Dry, Moist","Apr, May, Jun, Jul",White,"Birds, Butterflies",,,,Woodland and karst upland systems,Karst Outcrops,Shallow Upland Prairie; Aquatic / Spring Runs; Upland Woodland,rocky calcareous limestone outcrop,rocky calcareous limestone outcrop,"Dry, Moist; Low; Part Shade, Shade; Low",Medium,Optional,Publish with caveat,"Usable for public draft release, but should remain flagged as provisional until optional spot-check or field/GIS support is added.","LBJ/USDA/FNA/USACE support species habitat traits; NRCS/EPA/TPWD links support site/soil/ecoregion/vegetation validation, not species identity.",v1-online-public-draft,2026-05-27,cornus-drummondii,https://www.wildflower.org/plants/result.php?id_plant=CODR,https://www.wildflower.org/plants/result.php?id_plant=CODR,https://plants.usda.gov/home/basicSearchResults?searchString=Cornus+drummondii,https://floranorthamerica.org/Special:Search?search=Cornus+drummondii,https://wetland-plants.sec.usace.army.mil/,https://websoilsurvey.nrcs.usda.gov/app/,https://www.epa.gov/eco-research/ecoregions,https://tpwd.texas.gov/landwater/land/programs/landscape-ecology/ems/,"Public dashboard field. Long source prose, photos, image URLs, full source protocols, and page boilerplate are intentionally excluded from public data files. Use linked source pages for full context.",Region: AGCP AK AW CB EMP GP HI MW NCNE WMVE Status: FAC FAC FAC FAC FAC,Roughleaf Dogwood,Seed | Semi-harwood,Stratification | Cutting,Materials listed: Seed | Semi-harwood. Treatment tags listed: Stratification | Cutting. Full propagation instructions are not reproduced in this public dataset; use the linked NPSOT/source pages for complete protocols.,https://www.npsot.org/posts/native-plant/cornus-drummondii/,https://www.wildflower.org/plants/result.php?id_plant=CODR | https://propagate.one/how-to-propagate-cornus-drummondii/ | https://www.picturethisai.com/care/propagate/Cornus_drummondii.html,yes,
Cotinus obovatus,Cotinus obovatus,"American Smoke Tree, Texas Smoke Tree, Wild Smoke Tree, Smoke Tree, Smokebush, Chittamwood",Anacardiaceae,Perennial,Deciduous,Tree,Tree,Sun,"Sun, Part Shade",Medium,Low,20–30,20–30,Dry,"Apr, May","Pink, Yellow, Purple",,,,,Upland prairie and open grassland systems,Shallow Upland Prairie,,dry upland prairie slope,dry upland prairie slope,"Dry; Low; Sun, Part Shade; High",High,No,Publish now,Literature-supported microregion assignment; field/GIS confirmation can be added in a later release.,"LBJ/USDA/FNA/USACE support species habitat traits; NRCS/EPA/TPWD links support site/soil/ecoregion/vegetation validation, not species identity.",v1-online-public-draft,2026-05-27,cotinus-obovatus,https://www.wildflower.org/plants/result.php?id_plant=COOB2,https://www.wildflower.org/plants/result.php?id_plant=COOB2,https://plants.usda.gov/home/basicSearchResults?searchString=Cotinus+obovatus,https://floranorthamerica.org/Special:Search?search=Cotinus+obovatus,https://wetland-plants.sec.usace.army.mil/,https://websoilsurvey.nrcs.usda.gov/app/,https://www.epa.gov/eco-research/ecoregions,https://tpwd.texas.gov/landwater/land/programs/landscape-ecology/ems/,"Public dashboard field. Long source prose, photos, image URLs, full source protocols, and page boilerplate are intentionally excluded from public data files. Use linked source pages for full context.",,American Smoketree,Seed | Semi-harwood,No Treatment | Scarification | Stratification | Cutting,Materials listed: Seed | Semi-harwood. Treatment tags listed: No Treatment | Scarification | Stratification | Cutting. Full propagation instructions are not reproduced in this public dataset; use the linked NPSOT/source pages for complete protocols.,https://www.npsot.org/posts/native-plant/cotinus-obovatus/,https://www.wildflower.org/plants/result.php?id_plant=COOB2 | https://www.gardeningknowhow.com/ornamental/trees/smoke-tree/smoke-tree-propagation-methods.htm,,
Croton texensis,Croton texensis,"Texas Croton, Doveweed, Texas Goatweed",Euphorbiaceae,Annual,Deciduous,Herb,Herb,Sun,,Dry–Medium,,1–2,1–2,,"Jun, Jul, Aug, Sep, Oct, Nov",White,Butterflies,"Anaea andria, Goatweed Leafwing",,,Upland prairie and open grassland systems,Shallow Upland Prairie,,sandy/loamy upland prairie or open field,sandy/loamy upland prairie or open field,,High,No,Publish now,Literature-supported microregion assignment; field/GIS confirmation can be added in a later release.,"LBJ/USDA/FNA/USACE support species habitat traits; NRCS/EPA/TPWD links support site/soil/ecoregion/vegetation validation, not species identity.",v1-online-public-draft,2026-05-27,croton-texensis,https://www.wildflower.org/plants/result.php?id_plant=CRTE4,https://www.wildflower.org/plants/result.php?id_plant=CRTE4,https://plants.usda.gov/home/basicSearchResults?searchString=Croton+texensis,https://floranorthamerica.org/Special:Search?search=Croton+texensis,https://wetland-plants.sec.usace.army.mil/,https://websoilsurvey.nrcs.usda.gov/app/,https://www.epa.gov/eco-research/ecoregions,https://tpwd.texas.gov/landwater/land/programs/landscape-ecology/ems/,"Public dashboard field. Long source prose, photos, image URLs, full source protocols, and page boilerplate are intentionally excluded from public data files. Use linked source pages for full context.",,,,,,,,,
Cynanchum barbigerum,Cynanchum barbigerum,"Cynanchum, Bearded Swallow-wort, Thicket Threadvine",Apocynaceae,Perennial,Deciduous,Vine,Vine,Sun,Sun,Low,,3,3,,"Mar, Apr, May, Jun, Jul",White,Butterflies,,,,"Ecotone, thicket, and disturbance-edge systems",Ecotone / Edge Thicket,Upland Woodland; Shallow Upland Prairie,woodland/wood edge; dry upland; sunny open,"climbing vine, low-water sunny/edge context",Sun,Medium,Optional,Publish with caveat,"Usable for public draft release, but should remain flagged as provisional until optional spot-check or field/GIS support is added.","LBJ/USDA/FNA/USACE support species habitat traits; NRCS/EPA/TPWD links support site/soil/ecoregion/vegetation validation, not species identity.",v1-online-public-draft,2026-05-27,cynanchum-barbigerum,https://www.wildflower.org/plants/result.php?id_plant=CYBA,https://www.wildflower.org/plants/result.php?id_plant=CYBA,https://plants.usda.gov/home/basicSearchResults?searchString=Cynanchum+barbigerum,https://floranorthamerica.org/Special:Search?search=Cynanchum+barbigerum,https://wetland-plants.sec.usace.army.mil/,https://websoilsurvey.nrcs.usda.gov/app/,https://www.epa.gov/eco-research/ecoregions,https://tpwd.texas.gov/landwater/land/programs/landscape-ecology/ems/,"Public dashboard field. Long source prose, photos, image URLs, full source protocols, and page boilerplate are intentionally excluded from public data files. Use linked source pages for full context.",,,,,,,,,
Dalea aurea,Dalea aurea,"Golden Dalea, Golden Prairie Clover",Fabaceae,Perennial,Deciduous,Herb,Herb,Sun,Sun,Dry–Medium,,1–2,1–2,Dry,"Apr, May, Jun",Yellow,,,,,Upland prairie and open grassland systems,Shallow Upland Prairie,,open dry upland prairie/grassland,open dry upland prairie/grassland,Dry; Sun,High,No,Publish now,Literature-supported microregion assignment; field/GIS confirmation can be added in a later release.,"LBJ/USDA/FNA/USACE support species habitat traits; NRCS/EPA/TPWD links support site/soil/ecoregion/vegetation validation, not species identity.",v1-online-public-draft,2026-05-27,dalea-aurea,https://www.wildflower.org/plants/result.php?id_plant=DAAU,https://www.wildflower.org/plants/result.php?id_plant=DAAU,https://plants.usda.gov/home/basicSearchResults?searchString=Dalea+aurea,https://floranorthamerica.org/Special:Search?search=Dalea+aurea,https://wetland-plants.sec.usace.army.mil/,https://websoilsurvey.nrcs.usda.gov/app/,https://www.epa.gov/eco-research/ecoregions,https://tpwd.texas.gov/landwater/land/programs/landscape-ecology/ems/,"Public dashboard field. Long source prose, photos, image URLs, full source protocols, and page boilerplate are intentionally excluded from public data files. Use linked source pages for full context.",,Golden Dalea,Seed | Stem,Scarification | Cutting,Materials listed: Seed | Stem. Treatment tags listed: Scarification | Cutting. Full propagation instructions are not reproduced in this public dataset; use the linked NPSOT/source pages for complete protocols.,https://www.npsot.org/posts/native-plant/dalea-aurea/,https://temperate.theferns.info/plant/Dalea+aurea#:~:text=Propagation | https://davesgarden.com/guides/pf/go/68331 | https://www.picturethisai.com/care/propagate/Dalea_aurea.html,,
Dalea frutescens,Dalea frutescens,"Black Dalea, Black Prairie Clover",Fabaceae,Perennial,Deciduous,Subshrub,Shrub,Sun,Sun,Low (Dry),Low,2–4,2–4,Dry,"Jul, Aug, Sep, Oct",Purple,Butterflies,Dogface butterfly,,,Upland prairie and open grassland systems,Shallow Upland Prairie,Karst Outcrops,sandy/loamy upland prairie or open field,sandy/loamy upland prairie or open field,Dry; Low; Sun,High,No,Publish now,Literature-supported microregion assignment; field/GIS confirmation can be added in a later release.,"LBJ/USDA/FNA/USACE support species habitat traits; NRCS/EPA/TPWD links support site/soil/ecoregion/vegetation validation, not species identity.",v1-online-public-draft,2026-05-27,dalea-frutescens,https://www.wildflower.org/plants/result.php?id_plant=DAFR2,https://www.wildflower.org/plants/result.php?id_plant=DAFR2,https://plants.usda.gov/home/basicSearchResults?searchString=Dalea+frutescens,https://floranorthamerica.org/Special:Search?search=Dalea+frutescens,https://wetland-plants.sec.usace.army.mil/,https://websoilsurvey.nrcs.usda.gov/app/,https://www.epa.gov/eco-research/ecoregions,https://tpwd.texas.gov/landwater/land/programs/landscape-ecology/ems/,"Public dashboard field. Long source prose, photos, image URLs, full source protocols, and page boilerplate are intentionally excluded from public data files. Use linked source pages for full context.",,Black Dalea,Seed | Softwood | Clump,Scarification | Cutting | Division,Materials listed: Seed | Softwood | Clump. Treatment tags listed: Scarification | Cutting | Division. Full propagation instructions are not reproduced in this public dataset; use the linked NPSOT/source pages for complete protocols.,https://www.npsot.org/posts/native-plant/dalea-frutescens/,https://www.picturethisai.com/care/propagate/Dalea_lasiathera.html | https://legacylandscaper.com/black-dalea-dalea-frutescens/#:~:text=Propagates%20by%20seeds%20and%20occasionally,yes,
Dalea purpurea,Dalea purpurea,Purple Prairie Clover,Fabaceae,Perennial,Deciduous,Herb,Subshrub,Sun,Sun,Low,Low,1–3,,Dry,"Jun, Jul, Aug, Sep",Purple,Butterflies,,,,Upland prairie and open grassland systems,Shallow Upland Prairie,,open dry upland prairie/grassland,open dry upland prairie/grassland,Dry; Low; Sun; High,High,No,Publish now,Literature-supported microregion assignment; field/GIS confirmation can be added in a later release.,"LBJ/USDA/FNA/USACE support species habitat traits; NRCS/EPA/TPWD links support site/soil/ecoregion/vegetation validation, not species identity.",v1-online-public-draft,2026-05-27,dalea-purpurea,https://www.wildflower.org/plants/result.php?id_plant=DAPU5,https://www.wildflower.org/plants/result.php?id_plant=DAPU5,https://plants.usda.gov/home/basicSearchResults?searchString=Dalea+purpurea,https://floranorthamerica.org/Special:Search?search=Dalea+purpurea,https://wetland-plants.sec.usace.army.mil/,https://websoilsurvey.nrcs.usda.gov/app/,https://www.epa.gov/eco-research/ecoregions,https://tpwd.texas.gov/landwater/land/programs/landscape-ecology/ems/,"Public dashboard field. Long source prose, photos, image URLs, full source protocols, and page boilerplate are intentionally excluded from public data files. Use linked source pages for full context.",,,,,,,,yes,
Dasylirion texanum,Dasylirion texanum,"Texas Sotol, Sotol",Asparagaceae,Perennial,Evergreen,Succulent,Grass/Grass-like,Sun,Sun,Low (Dry),Low,3–6,3–6,Dry,"Jun, Jul",Yellow,,,,,Upland prairie and open grassland systems,Shallow Upland Prairie,,sandy/loamy upland prairie or open field,sandy/loamy upland prairie or open field,Dry; Low; Sun,High,No,Publish now,Literature-supported microregion assignment; field/GIS confirmation can be added in a later release.,"LBJ/USDA/FNA/USACE support species habitat traits; NRCS/EPA/TPWD links support site/soil/ecoregion/vegetation validation, not species identity.",v1-online-public-draft,2026-05-27,dasylirion-texanum,https://www.wildflower.org/plants/result.php?id_plant=DATE3,https://www.wildflower.org/plants/result.php?id_plant=DATE3,https://plants.usda.gov/home/basicSearchResults?searchString=Dasylirion+texanum,https://floranorthamerica.org/Special:Search?search=Dasylirion+texanum,https://wetland-plants.sec.usace.army.mil/,https://websoilsurvey.nrcs.usda.gov/app/,https://www.epa.gov/eco-research/ecoregions,https://tpwd.texas.gov/landwater/land/programs/landscape-ecology/ems/,"Public dashboard field. Long source prose, photos, image URLs, full source protocols, and page boilerplate are intentionally excluded from public data files. Use linked source pages for full context.",,Texas Sotol,Seed | Stem | Offshoots,No Treatment | Cutting | Division,Materials listed: Seed | Stem | Offshoots. Treatment tags listed: No Treatment | Cutting | Division. Full propagation instructions are not reproduced in this public dataset; use the linked NPSOT/source pages for complete protocols.,https://www.npsot.org/posts/native-plant/dasylirion-texanum/,https://www.picturethisai.com/wiki/Dasylirion_texanum.html | https://temperate.theferns.info/plant/Dasylirion+texanum#:~:text=Seed%20%2D%20sow%20spring%20in%20a | https://earthone.io/plant/dasylirion%20texanum?srsltid=AfmBOopemcMIKrrhesxxBLfhtMVbgdtI_wglnazkcVwFVnEEeF42lmBG | https://www.picturethisai.com/care/propagate/Dasylirion_texanum.html#:~:text=Texas%20Sotol%20is%20a%20resilient,,
Datura wrightii,Datura wrightii,"Jimsonweed, Sacred Thorn-apple, Thorn-apple, Angel Trumpet, Sacred Datura, Western Jimson Weed",Solanaceae,Perennial,Deciduous,Herb,Herb,"Sun, Part Shade","Sun, Part Shade",Low–Medium,Medium,2–5,4–6,Dry,"May, Jun, Jul, Aug, Sep, Oct, Nov",White,,"Manduca sexta, Carolina Sphinx Moth",,,Upland prairie and open grassland systems,Shallow Upland Prairie,Deep Clay Prairie; Upland Woodland; Karst Outcrops,sandy/loamy upland prairie or open field,sandy/loamy upland prairie or open field,"Dry; Medium; Sun, Part Shade",High,No,Publish now,Literature-supported microregion assignment; field/GIS confirmation can be added in a later release.,"LBJ/USDA/FNA/USACE support species habitat traits; NRCS/EPA/TPWD links support site/soil/ecoregion/vegetation validation, not species identity.",v1-online-public-draft,2026-05-27,datura-wrightii,https://www.wildflower.org/plants/result.php?id_plant=DAWR2,https://www.wildflower.org/plants/result.php?id_plant=DAWR2,https://plants.usda.gov/home/basicSearchResults?searchString=Datura+wrightii,https://floranorthamerica.org/Special:Search?search=Datura+wrightii,https://wetland-plants.sec.usace.army.mil/,https://websoilsurvey.nrcs.usda.gov/app/,https://www.epa.gov/eco-research/ecoregions,https://tpwd.texas.gov/landwater/land/programs/landscape-ecology/ems/,"Public dashboard field. Long source prose, photos, image URLs, full source protocols, and page boilerplate are intentionally excluded from public data files. Use linked source pages for full context.",Region: AGCP AK AW CB EMP GP HI MW NCNE WMVE Status: UPL UPL UPL FACU UPL UPL FACU FACU UPL,Angel Trumpet,Bud | Stem,Scarification | Cutting,Materials listed: Bud | Stem. Treatment tags listed: Scarification | Cutting. Full propagation instructions are not reproduced in this public dataset; use the linked NPSOT/source pages for complete protocols.,https://www.npsot.org/posts/native-plant/datura-wrightii/,https://extension.arizona.edu/sites/extension.arizona.edu/files/barnesm/SacredDatura.pdf | https://calscape.org/Datura-wrightii-(Sacred-Datura | https://earthone.io/plant/datura%20wrightii?srsltid=AfmBOorO3RwoTHokzrMwwSTP86bI1b2JxD2UssjxjgfR8jtG59hSKuaP,yes,
Delphinium carolinianum,Delphinium carolinianum,"Larkspur, Carolina larkspur",Ranunculaceae,Perennial,Deciduous,Herb,Herb,Sun,Part Shade,Low,Low,3,2,Dry,"Apr, May, Jun, Jul","White, Blue, Violet",,,,,Upland prairie and open grassland systems,Shallow Upland Prairie,Deep Clay Prairie; Shallow Upland Prairie,sandy/loamy upland prairie or open field,sandy/loamy upland prairie or open field,Dry; Low; Part Shade,High,No,Publish now,Literature-supported microregion assignment; field/GIS confirmation can be added in a later release.,"LBJ/USDA/FNA/USACE support species habitat traits; NRCS/EPA/TPWD links support site/soil/ecoregion/vegetation validation, not species identity.",v1-online-public-draft,2026-05-27,delphinium-carolinianum,https://www.wildflower.org/plants/result.php?id_plant=DECA3,https://www.wildflower.org/plants/result.php?id_plant=DECA3,https://plants.usda.gov/home/basicSearchResults?searchString=Delphinium+carolinianum,https://floranorthamerica.org/Special:Search?search=Delphinium+carolinianum,https://wetland-plants.sec.usace.army.mil/,https://websoilsurvey.nrcs.usda.gov/app/,https://www.epa.gov/eco-research/ecoregions,https://tpwd.texas.gov/landwater/land/programs/landscape-ecology/ems/,"Public dashboard field. Long source prose, photos, image URLs, full source protocols, and page boilerplate are intentionally excluded from public data files. Use linked source pages for full context.",,Prairie Larkspur,Seed,No Treatment,Materials listed: Seed. Treatment tags listed: No Treatment. Full propagation instructions are not reproduced in this public dataset; use the linked NPSOT/source pages for complete protocols.,https://www.npsot.org/posts/native-plant/delphinium-carolinianum/,https://www.wildflower.org/plants/result.php?id_plant=DECA3,,
Dermatophyllum secundiflorum,Dermatophyllum secundiflorum,Texas Mountain Laurel,Fabaceae,Perennial,Evergreen,"Shrub, Tree","Shrub, Tree","Sun, Part Shade","Sun, Part Shade",Low (Dry),"Low, Medium",10–20,8–12,"Dry, Moist","Feb, Mar, Apr","Blue, Purple",Butterflies,,,,Woodland and karst upland systems,Karst Outcrops,Shallow Upland Prairie,rocky calcareous limestone outcrop,rocky calcareous limestone outcrop,"Dry, Moist; Low, Medium; Sun, Part Shade; High; High",Medium,Optional,Publish with caveat,"Usable for public draft release, but should remain flagged as provisional until optional spot-check or field/GIS support is added.","LBJ/USDA/FNA/USACE support species habitat traits; NRCS/EPA/TPWD links support site/soil/ecoregion/vegetation validation, not species identity.",v1-online-public-draft,2026-05-27,dermatophyllum-secundiflorum,https://www.wildflower.org/plants/result.php?id_plant=DESE5,https://www.wildflower.org/plants/result.php?id_plant=DESE5,https://plants.usda.gov/home/basicSearchResults?searchString=Dermatophyllum+secundiflorum,https://floranorthamerica.org/Special:Search?search=Dermatophyllum+secundiflorum,https://wetland-plants.sec.usace.army.mil/,https://websoilsurvey.nrcs.usda.gov/app/,https://www.epa.gov/eco-research/ecoregions,https://tpwd.texas.gov/landwater/land/programs/landscape-ecology/ems/,"Public dashboard field. Long source prose, photos, image URLs, full source protocols, and page boilerplate are intentionally excluded from public data files. Use linked source pages for full context.",,Texas Mountain Laurel,Clump | Semi-harwood | Stem | Seed,Division | Cutting | Layering | Scarification | No Treatment,Materials listed: Clump | Semi-harwood | Stem | Seed. Treatment tags listed: Division | Cutting | Layering | Scarification | No Treatment. Full propagation instructions are not reproduced in this public dataset; use the linked NPSOT/source pages for complete protocols.,https://www.npsot.org/posts/native-plant/sophora-secundiflora/,https://propagate.one/how-to-propagate-dermatophyllum-secundiflorum/ | https://unitedsounds.org/how-to-propagate-texas-mountain-laurel-pl866 | https://www.thespruce.com/texas-mountain-laurel-growing-guide-5215169#toc-propagating | https://w3.biosci.utexas.edu/prc/DigFlora/SOSE3/MtL-propagation.html,,
Desmanthus illinoensis,Desmanthus illinoensis,"Illinois Bundleflower, Bundleflower, Prairie Bundle Flower, Prickleweed, Illinois Desmanthus, Prairie Mimosa",Fabaceae,Perennial,Deciduous,Herb,Shrub,Sun,Sun,Medium,Medium,2–4,2–4,Moist,"May, Jun, Jul, Aug, Sep",White,Butterflies,,,,Upland prairie and open grassland systems,Shallow Upland Prairie,Riparian Banks,dry upland prairie slope,dry upland prairie slope,Moist; Medium; Sun; Medium,High,No,Publish now,Literature-supported microregion assignment; field/GIS confirmation can be added in a later release.,"LBJ/USDA/FNA/USACE support species habitat traits; NRCS/EPA/TPWD links support site/soil/ecoregion/vegetation validation, not species identity.",v1-online-public-draft,2026-05-27,desmanthus-illinoensis,https://www.wildflower.org/plants/result.php?id_plant=DEIL,https://www.wildflower.org/plants/result.php?id_plant=DEIL,https://plants.usda.gov/home/basicSearchResults?searchString=Desmanthus+illinoensis,https://floranorthamerica.org/Special:Search?search=Desmanthus+illinoensis,https://wetland-plants.sec.usace.army.mil/,https://websoilsurvey.nrcs.usda.gov/app/,https://www.epa.gov/eco-research/ecoregions,https://tpwd.texas.gov/landwater/land/programs/landscape-ecology/ems/,"Public dashboard field. Long source prose, photos, image URLs, full source protocols, and page boilerplate are intentionally excluded from public data files. Use linked source pages for full context.",Region: AGCP AK AW CB EMP GP HI MW NCNE WMVE Status: FAC FACU FAC FACU FACU FACU FACU,Illinois Bundleflower,Seed,Scarification | No Treatment,Materials listed: Seed. Treatment tags listed: Scarification | No Treatment. Full propagation instructions are not reproduced in this public dataset; use the linked NPSOT/source pages for complete protocols.,https://www.npsot.org/posts/native-plant/desmanthus-illinoensis/,https://sharpseed.com/illinois-bundleflower/#:~:text=Establishment | https://www.grandprismaticseed.com/natives/illinois-bundleflower#:~:text=Bundleflower%20is%20also%20a%20good | https://warcapps.usgs.gov/PlantID/Species/Details/1846#:~:text=Propagation%20by%20seed%20is%20best | https://www.electricveg.com/fabaceae/desmanthus-illinoensis.html,,
Dichondra carolinensis,Dichondra carolinensis,"Carolina Ponyfoot, Ponyfoot",Convolvulaceae,Perennial,Semi-Evergreen,Herb,Herb,Part Shade,,Medium,,0.5–1,1–2,,"Mar, Apr, May, Jun, Jul, Aug, Sep","White, Green",,,,,Savanna and woodland-edge systems,Upland Savanna,Upland Woodland; Shallow Upland Prairie,woodland/wood edge; dry upland; shade/part shade,pine-oak savannas and woods; high light; dry loamy soil,,High,No,Publish now,Literature-supported microregion assignment; field/GIS confirmation can be added in a later release.,"LBJ/USDA/FNA/USACE support species habitat traits; NRCS/EPA/TPWD links support site/soil/ecoregion/vegetation validation, not species identity.",v1-online-public-draft,2026-05-27,dichondra-carolinensis,https://www.wildflower.org/plants/result.php?id_plant=DICA3,https://www.wildflower.org/plants/result.php?id_plant=DICA3,https://plants.usda.gov/home/basicSearchResults?searchString=Dichondra+carolinensis,https://floranorthamerica.org/Special:Search?search=Dichondra+carolinensis,https://wetland-plants.sec.usace.army.mil/,https://websoilsurvey.nrcs.usda.gov/app/,https://www.epa.gov/eco-research/ecoregions,https://tpwd.texas.gov/landwater/land/programs/landscape-ecology/ems/,"Public dashboard field. Long source prose, photos, image URLs, full source protocols, and page boilerplate are intentionally excluded from public data files. Use linked source pages for full context.",Region: AGCP AK AW CB EMP GP HI MW NCNE WMVE Status: FAC FACW FAC FAC FACW,Carolina Ponyfoot,Seed | Stem,No Treatment | Cutting,Materials listed: Seed | Stem. Treatment tags listed: No Treatment | Cutting. Full propagation instructions are not reproduced in this public dataset; use the linked NPSOT/source pages for complete protocols.,https://www.npsot.org/posts/native-plant/dichondra-carolinensis/,https://www.picturethisai.com/care/propagate/Dichondra_carolinensis.html | https://plantiary.com/plant/dichondra-carolinensis_3777.html,,
Diospyros texana,Diospyros texana,"Texas Persimmon, Mexican Persimmon, Black Persimmon, Chapote, Chapote Prieto",Ebenaceae,Perennial,Deciduous,Tree,Tree,"Sun, Part Shade","Sun, Part Shade",Low (Dry),Low,15–30,10–20,Dry,"Feb, Mar, Apr","White, Green","Birds, Butterflies","Gray hairstreak, Henry's Elfin butterfly",Bewick's Wren (Thryomanes bewickii); Carolina Wren (Thryothorus ludovicianus); American Robin (Turdus migratorius); Cedar Waxwing (Bombycilla cedrorum); Curve-billed Thrasher (Toxostoma curvirostre); Northern Bobwhite (Colinus virginianus); Northern Mockingbird (Mimus polyglottos); Painted Bunting (Passerina ciris); Rio Grande Turkey (Meleagris gallopavo); White-winged Dove (Zenaida asiatica); Wild Turkey (Meleagris gallopavo); Golden-fronted Woodpecker (Melanerpes aurifrons); White-eyed Vireo (Vireo griseus),shrub-nesting bird habitat structure studies | wren microhabitat / South-Central Texas structure research | CKWRI Texas Persimmon: https://www.ckwri.tamuk.edu/plant/texas-persimmon | frugivore diet / persimmon fruit records | Caesar Kleberg Wildlife Research Institute: https://www.ckwri.tamuk.edu/plant/texas-persimmon | bunting diet / South Texas fruit-use records | Southwest frugivore diet studies | wren ecology / South-central Texas woodland research | South Texas woodpecker ecology / persimmon fruit-use | vireo breeding ecology / shrub-tree edge habitat,Upland prairie and open grassland systems,Shallow Upland Prairie,Karst Outcrops,dry upland prairie slope,dry upland prairie slope,"Dry; Low; Sun, Part Shade; High",Medium,Optional,Publish with caveat,"Usable for public draft release, but should remain flagged as provisional until optional spot-check or field/GIS support is added.","LBJ/USDA/FNA/USACE support species habitat traits; NRCS/EPA/TPWD links support site/soil/ecoregion/vegetation validation, not species identity.",v1-online-public-draft,2026-05-27,diospyros-texana,https://www.wildflower.org/plants/result.php?id_plant=DITE3,https://www.wildflower.org/plants/result.php?id_plant=DITE3,https://plants.usda.gov/home/basicSearchResults?searchString=Diospyros+texana,https://floranorthamerica.org/Special:Search?search=Diospyros+texana,https://wetland-plants.sec.usace.army.mil/,https://websoilsurvey.nrcs.usda.gov/app/,https://www.epa.gov/eco-research/ecoregions,https://tpwd.texas.gov/landwater/land/programs/landscape-ecology/ems/,"Public dashboard field. Long source prose, photos, image URLs, full source protocols, and page boilerplate are intentionally excluded from public data files. Use linked source pages for full context.",,Texas Persimmon,Stem | Seed | Seedling,Cutting | No Treatment | Transplant,Materials listed: Stem | Seed | Seedling. Treatment tags listed: Cutting | No Treatment | Transplant. Full propagation instructions are not reproduced in this public dataset; use the linked NPSOT/source pages for complete protocols.,https://www.npsot.org/posts/native-plant/diospyros-texana/,https://www.picturethisai.com/wiki/Diospyros_texana.html#:~:text=Water:%20Texas%20persimmon%20is%20drought | https://earthone.io/plant/diospyros%20texana?srsltid=AfmBOoquJUt6LI2L9CHrd97zIfhPl4WjyLUOiTLqH8M5jm-glOVC2vrk | https://hort.ifas.ufl.edu/trees/DIOTEXA.pdf | https://www.gardenia.net/plant/diospyros-texana-texas-persimmon | https://www.wildflower.org/plants/result.php?id_plant=DITE3,yes,
Diospyros virginiana,Diospyros virginiana,"Common Persimmon, Eastern Persimmon, Possumwood, Date Plum, Winter Plum, Jove's Fruit",Ebenaceae,Perennial,Deciduous,Tree,Tree,"Sun, Part Shade","Sun, Part Shade",Medium,Medium,30–80,20–35,"Dry, Moist","Apr, May, Jun","Yellow, Green",Birds,,,,Upland prairie and open grassland systems,Shallow Upland Prairie,Upland Woodland,sandy/loamy upland prairie or open field,sandy/loamy upland prairie or open field,"Dry, Moist; Medium; Sun, Part Shade",High,No,Publish now,Literature-supported microregion assignment; field/GIS confirmation can be added in a later release.,"LBJ/USDA/FNA/USACE support species habitat traits; NRCS/EPA/TPWD links support site/soil/ecoregion/vegetation validation, not species identity.",v1-online-public-draft,2026-05-27,diospyros-virginiana,https://www.wildflower.org/plants/result.php?id_plant=DIVI5,https://www.wildflower.org/plants/result.php?id_plant=DIVI5,https://plants.usda.gov/home/basicSearchResults?searchString=Diospyros+virginiana,https://floranorthamerica.org/Special:Search?search=Diospyros+virginiana,https://wetland-plants.sec.usace.army.mil/,https://websoilsurvey.nrcs.usda.gov/app/,https://www.epa.gov/eco-research/ecoregions,https://tpwd.texas.gov/landwater/land/programs/landscape-ecology/ems/,"Public dashboard field. Long source prose, photos, image URLs, full source protocols, and page boilerplate are intentionally excluded from public data files. Use linked source pages for full context.",Region: AGCP AK AW CB EMP GP HI MW NCNE WMVE Status: FAC FAC FAC FAC FAC FAC FACU,Common Persimmon,Seed | Root | Stem,Stratification | Cutting,Materials listed: Seed | Root | Stem. Treatment tags listed: Stratification | Cutting. Full propagation instructions are not reproduced in this public dataset; use the linked NPSOT/source pages for complete protocols.,https://www.npsot.org/posts/native-plant/diospyros-virginiana/,https://www.wildflower.org/plants/result.php?id_plant=DIVI5 | https://thefruitnut.com/storing-and-stratifying-american-persimmon-seeds/#:~:text=Step%20%231: | https://www.sciencedirect.com/science/article/abs/pii/S0304423817307744#:~:text=kaki%20(Hejazi%20et%20al.%2C,,
Dracopis amplexicaulis,Dracopis amplexicaulis,"Clasping Coneflower, Clasping-leaf Coneflower",Asteraceae,Annual,Deciduous,Herb,Herb,Sun,Part Shade,Medium,High,2–4,1–2,Moist,"Apr, May, Jun, Jul",Yellow,,,,,Woodland and karst upland systems,Mesic Canyons & Seeps,Deep Clay Prairie; Riparian Banks,ravine/canyon/depression; limestone/caliche/calcareous; deep clay/swale; disturbed/roadside/ditch; moist mesic; shade/part shade,"ditches/ravines/depressions, moist/high water",Moist; High; Part Shade; Medium,High,No,Publish now,Literature-supported microregion assignment; field/GIS confirmation can be added in a later release.,"LBJ/USDA/FNA/USACE support species habitat traits; NRCS/EPA/TPWD links support site/soil/ecoregion/vegetation validation, not species identity.",v1-online-public-draft,2026-05-27,dracopis-amplexicaulis,https://www.wildflower.org/plants/result.php?id_plant=DRAM,https://www.wildflower.org/plants/result.php?id_plant=DRAM,https://plants.usda.gov/home/basicSearchResults?searchString=Dracopis+amplexicaulis,https://floranorthamerica.org/Special:Search?search=Dracopis+amplexicaulis,https://wetland-plants.sec.usace.army.mil/,https://websoilsurvey.nrcs.usda.gov/app/,https://www.epa.gov/eco-research/ecoregions,https://tpwd.texas.gov/landwater/land/programs/landscape-ecology/ems/,"Public dashboard field. Long source prose, photos, image URLs, full source protocols, and page boilerplate are intentionally excluded from public data files. Use linked source pages for full context.",Region: AGCP AK AW CB EMP GP HI MW NCNE WMVE Status: FAC FACW FAC FAC FACU FACU FAC,,,,,,,,
Dyschoriste linearis,Dyschoriste linearis,"Snake Herb, Polkadots, Narrowleaf Dyschoriste",Acanthaceae,Perennial,Deciduous,Herb,Herb,Sun,Sun,Low–Medium,Low,1–2,1–2,"Moist, Wet","Apr, May, Jun, Jul, Aug, Sep, Oct",Purple,Butterflies,,,,Upland prairie and open grassland systems,Shallow Upland Prairie,Karst Outcrops,dry upland prairie slope,dry upland prairie slope,"Moist, Wet; Low; Sun",Medium,Optional,Publish with caveat,"Usable for public draft release, but should remain flagged as provisional until optional spot-check or field/GIS support is added.","LBJ/USDA/FNA/USACE support species habitat traits; NRCS/EPA/TPWD links support site/soil/ecoregion/vegetation validation, not species identity.",v1-online-public-draft,2026-05-27,dyschoriste-linearis,https://www.wildflower.org/plants/result.php?id_plant=DYLI,https://www.wildflower.org/plants/result.php?id_plant=DYLI,https://plants.usda.gov/home/basicSearchResults?searchString=Dyschoriste+linearis,https://floranorthamerica.org/Special:Search?search=Dyschoriste+linearis,https://wetland-plants.sec.usace.army.mil/,https://websoilsurvey.nrcs.usda.gov/app/,https://www.epa.gov/eco-research/ecoregions,https://tpwd.texas.gov/landwater/land/programs/landscape-ecology/ems/,"Public dashboard field. Long source prose, photos, image URLs, full source protocols, and page boilerplate are intentionally excluded from public data files. Use linked source pages for full context.",,Snakeherb,Stem,Cutting,Materials listed: Stem. Treatment tags listed: Cutting. Full propagation instructions are not reproduced in this public dataset; use the linked NPSOT/source pages for complete protocols.,https://www.npsot.org/posts/native-plant/dyschoriste-linearis/,https://www.picturethisai.com/wiki/Dyschoriste_linearis.html,,
Echinacea angustifolia,Echinacea angustifolia,"Black Samson, Black Samson Echinacea, Narrow-leaf Coneflower",Asteraceae,Perennial,Deciduous,Herb,Herb,Sun,"Sun, Part Shade",Medium,Low,2–3,1–2,Dry,"May, Jun, Jul","Pink, Purple",Butterflies,,,,Upland prairie and open grassland systems,Shallow Upland Prairie,,sandy/loamy upland prairie or open field,sandy/loamy upland prairie or open field,"Dry; Low; Sun, Part Shade",High,No,Publish now,Literature-supported microregion assignment; field/GIS confirmation can be added in a later release.,"LBJ/USDA/FNA/USACE support species habitat traits; NRCS/EPA/TPWD links support site/soil/ecoregion/vegetation validation, not species identity.",v1-online-public-draft,2026-05-27,echinacea-angustifolia,https://www.wildflower.org/plants/result.php?id_plant=ECAN2,https://www.wildflower.org/plants/result.php?id_plant=ECAN2,https://plants.usda.gov/home/basicSearchResults?searchString=Echinacea+angustifolia,https://floranorthamerica.org/Special:Search?search=Echinacea+angustifolia,https://wetland-plants.sec.usace.army.mil/,https://websoilsurvey.nrcs.usda.gov/app/,https://www.epa.gov/eco-research/ecoregions,https://tpwd.texas.gov/landwater/land/programs/landscape-ecology/ems/,"Public dashboard field. Long source prose, photos, image URLs, full source protocols, and page boilerplate are intentionally excluded from public data files. Use linked source pages for full context.",,Black Samson,Seed,Stratification | Scarification,Materials listed: Seed. Treatment tags listed: Stratification | Scarification. Full propagation instructions are not reproduced in this public dataset; use the linked NPSOT/source pages for complete protocols.,https://www.npsot.org/posts/native-plant/echinacea-angustifolia/,https://npn.rngr.net/renderNPNProtocolDetails?selectedProtocolIds=asteraceae-echinacea-1349 | https://openprairie.sdstate.edu/nativeplant/11/#:~:text=Germination:%20Etherol%20treatment%20(1mM%20solution | https://newcropsorganics.ces.ncsu.edu/wp-content/uploads/2017/06/Echinacea-Angustifolia.pdf?fwd=no,yes,
Ehretia anacua,Ehretia anacua,"Anacua, Sugarberry Anacua, Anaqua, Anacahuita, Knockaway, Knackaway, Sandpaper Tree, Manzanita, Manzanillo, Tlalahuacate",Boraginaceae,Perennial,Semi-Evergreen,Tree,Tree,Sun,"Sun, Part Shade",Medium,Low,20–30,20–25,Dry,"Feb, Mar, Apr",White,Birds,The exclusive host for larvae and adults of the Anacua Tortoise Beetle ( Coptocycla texana ).,,,Upland prairie and open grassland systems,Shallow Upland Prairie,Ecotone / Edge Thicket,sandy/loamy upland prairie or open field,sandy/loamy upland prairie or open field,"Dry; Low; Sun, Part Shade",High,No,Publish now,Literature-supported microregion assignment; field/GIS confirmation can be added in a later release.,"LBJ/USDA/FNA/USACE support species habitat traits; NRCS/EPA/TPWD links support site/soil/ecoregion/vegetation validation, not species identity.",v1-online-public-draft,2026-05-27,ehretia-anacua,https://www.wildflower.org/plants/result.php?id_plant=EHAN,https://www.wildflower.org/plants/result.php?id_plant=EHAN,https://plants.usda.gov/home/basicSearchResults?searchString=Ehretia+anacua,https://floranorthamerica.org/Special:Search?search=Ehretia+anacua,https://wetland-plants.sec.usace.army.mil/,https://websoilsurvey.nrcs.usda.gov/app/,https://www.epa.gov/eco-research/ecoregions,https://tpwd.texas.gov/landwater/land/programs/landscape-ecology/ems/,"Public dashboard field. Long source prose, photos, image URLs, full source protocols, and page boilerplate are intentionally excluded from public data files. Use linked source pages for full context.",,Sandpaper Tree,Seed | Stem,Stratification | Cutting,Materials listed: Seed | Stem. Treatment tags listed: Stratification | Cutting. Full propagation instructions are not reproduced in this public dataset; use the linked NPSOT/source pages for complete protocols.,https://www.npsot.org/posts/native-plant/ehretia-anacua/,https://www.wildflower.org/plants/result.php?id_plant=EHAN | https://propagate.one/how-to-propagate-ehretia-anacua/,yes,
Elymus canadensis,Elymus canadensis,Canada Wildrye,Poaceae,Perennial,Deciduous,Grass,Grass/Grass-like,"Sun, Part Shade","Sun, Part Shade",Medium,Medium,2–4,,Moist,"Mar, Apr, May, Jun","Yellow, Green, Brown",Butterflies,For Zabulon skipper butterfly,,,Upland prairie and open grassland systems,Shallow Upland Prairie,Shallow Upland Prairie,sandy/loamy upland prairie or open field,sandy/loamy upland prairie or open field,"Moist; Medium; Sun, Part Shade; High; High",High,No,Publish now,Literature-supported microregion assignment; field/GIS confirmation can be added in a later release.,"LBJ/USDA/FNA/USACE support species habitat traits; NRCS/EPA/TPWD links support site/soil/ecoregion/vegetation validation, not species identity.",v1-online-public-draft,2026-05-27,elymus-canadensis,https://www.wildflower.org/plants/result.php?id_plant=ELCA4,https://www.wildflower.org/plants/result.php?id_plant=ELCA4,https://plants.usda.gov/home/basicSearchResults?searchString=Elymus+canadensis,https://floranorthamerica.org/Special:Search?search=Elymus+canadensis,https://wetland-plants.sec.usace.army.mil/,https://websoilsurvey.nrcs.usda.gov/app/,https://www.epa.gov/eco-research/ecoregions,https://tpwd.texas.gov/landwater/land/programs/landscape-ecology/ems/,"Public dashboard field. Long source prose, photos, image URLs, full source protocols, and page boilerplate are intentionally excluded from public data files. Use linked source pages for full context.",Region: AGCP AK AW CB EMP GP HI MW NCNE WMVE Status: FAC FAC FACU FACU FACU FACU FAC,Prairie Wildrye,Seed,No Treatment | Stratification,Materials listed: Seed. Treatment tags listed: No Treatment | Stratification. Full propagation instructions are not reproduced in this public dataset; use the linked NPSOT/source pages for complete protocols.,https://www.npsot.org/posts/native-plant/elymus-canadensis/,https://www.opnseed.com/products/elymus-canadensis-nodding-wild-rye#:~:text=Direct%20sow%20seeds%20into%20prepared | https://bwsr.state.mn.us/sites/default/files/2023-02/Featured%20Plant%20March%202023%20Canada%20wildrye%20II%20Accessible.pdf,,
Engelmannia peristenia,Engelmannia peristenia,"Engelmann's Daisy, Engelmann Daisy, Cutleaf Daisy",Asteraceae,Perennial,Deciduous,Herb,Herb,Sun,Sun,Low,Medium,1–3,2–3,Dry,"Mar, Apr, May, Jun, Jul",Yellow,Birds,,,,Upland prairie and open grassland systems,Shallow Upland Prairie,Shallow Upland Prairie,sandy/loamy upland prairie or open field,sandy/loamy upland prairie or open field,Dry; Medium; Sun,High,No,Publish now,Literature-supported microregion assignment; field/GIS confirmation can be added in a later release.,"LBJ/USDA/FNA/USACE support species habitat traits; NRCS/EPA/TPWD links support site/soil/ecoregion/vegetation validation, not species identity.",v1-online-public-draft,2026-05-27,engelmannia-peristenia,https://www.wildflower.org/plants/result.php?id_plant=ENPE4,https://www.wildflower.org/plants/result.php?id_plant=ENPE4,https://plants.usda.gov/home/basicSearchResults?searchString=Engelmannia+peristenia,https://floranorthamerica.org/Special:Search?search=Engelmannia+peristenia,https://wetland-plants.sec.usace.army.mil/,https://websoilsurvey.nrcs.usda.gov/app/,https://www.epa.gov/eco-research/ecoregions,https://tpwd.texas.gov/landwater/land/programs/landscape-ecology/ems/,"Public dashboard field. Long source prose, photos, image URLs, full source protocols, and page boilerplate are intentionally excluded from public data files. Use linked source pages for full context.",,Engelmann's Daisy,Seed | Rosette,No Treatment | Transplant,Materials listed: Seed | Rosette. Treatment tags listed: No Treatment | Transplant. Full propagation instructions are not reproduced in this public dataset; use the linked NPSOT/source pages for complete protocols.,https://www.npsot.org/posts/native-plant/engelmannia-peristenia/,https://www.wildflower.org/plants/result.php?id_plant=ENPE4,yes,
Equisetum hyemale,Equisetum hyemale,"Scouring-rush Horsetail, Horsetail, Scouring Rush, Canuela",Equisetaceae,Perennial,Evergreen,Fern,Herb,"Sun, Part Shade, Shade","Sun, Part Shade, Shade",Medium–High,Medium,2–4,1–2,"Moist, Wet","Jan, Feb, Mar, Apr, May, Jun, Jul, Aug, Sep, Oct, Nov, Dec",Not Applicable,,,,,Riparian and floodplain systems,Riparian Banks,Aquatic / Spring Runs; Mesic Canyons & Seeps; Karst Outcrops; Shallow Upland Prairie,stream/river bank; floodplain/bottomland; marsh/swamp/wetland; seep/wet ledge; limestone/caliche/calcareous; rocky/ledge/slope; prairie/open field; deep clay/swale; woodland/wood edge; disturbed/roadside/ditch; dry upland; moist mesic; sunny open; shade/part shade,stream/alluvial flats/wet ledges/shallow water,"Moist, Wet; Medium; Sun, Part Shade, Shade",High,No,Publish now,Literature-supported microregion assignment; field/GIS confirmation can be added in a later release.,"LBJ/USDA/FNA/USACE support species habitat traits; NRCS/EPA/TPWD links support site/soil/ecoregion/vegetation validation, not species identity.",v1-online-public-draft,2026-05-27,equisetum-hyemale,https://www.wildflower.org/plants/result.php?id_plant=EQHY,https://www.wildflower.org/plants/result.php?id_plant=EQHY,https://plants.usda.gov/home/basicSearchResults?searchString=Equisetum+hyemale,https://floranorthamerica.org/Special:Search?search=Equisetum+hyemale,https://wetland-plants.sec.usace.army.mil/,https://websoilsurvey.nrcs.usda.gov/app/,https://www.epa.gov/eco-research/ecoregions,https://tpwd.texas.gov/landwater/land/programs/landscape-ecology/ems/,"Public dashboard field. Long source prose, photos, image URLs, full source protocols, and page boilerplate are intentionally excluded from public data files. Use linked source pages for full context.",Region: AGCP AK AW CB EMP GP HI MW NCNE WMVE Status: FACW FACW FACW FACW FACW FACW FAC FACW,,,,,,,,
Eragrostis hirsuta,Eragrostis hirsuta,Big Top Love Grass,Poaceae,Perennial,Deciduous,Grass,Grass/Grass-like,Full Sun,,Dry to Moist,,3,2,,"Jun, Jul, Aug, Sep, Oct","Green, Purple, Brown",,,,,"Ecotone, thicket, and disturbance-edge systems",Ecotone / Edge Thicket,Deep Clay Prairie; Shallow Upland Prairie,roadside/disturbed sandy clay loam edge,roadside/disturbed sandy clay loam edge,,Medium,Optional,Publish with caveat,"Usable for public draft release, but should remain flagged as provisional until optional spot-check or field/GIS support is added.","LBJ/USDA/FNA/USACE support species habitat traits; NRCS/EPA/TPWD links support site/soil/ecoregion/vegetation validation, not species identity.",v1-online-public-draft,2026-05-27,eragrostis-hirsuta,https://www.wildflower.org/plants/result.php?id_plant=ERHI,https://www.wildflower.org/plants/result.php?id_plant=ERHI,https://plants.usda.gov/home/basicSearchResults?searchString=Eragrostis+hirsuta,https://floranorthamerica.org/Special:Search?search=Eragrostis+hirsuta,https://wetland-plants.sec.usace.army.mil/,https://websoilsurvey.nrcs.usda.gov/app/,https://www.epa.gov/eco-research/ecoregions,https://tpwd.texas.gov/landwater/land/programs/landscape-ecology/ems/,"Public dashboard field. Long source prose, photos, image URLs, full source protocols, and page boilerplate are intentionally excluded from public data files. Use linked source pages for full context.",Region: AGCP AK AW CB EMP GP HI MW NCNE WMVE Status: FACU UPL FACU FACU FACU,Big Top Lovegrass,Clump,Division,Materials listed: Clump. Treatment tags listed: Division. Full propagation instructions are not reproduced in this public dataset; use the linked NPSOT/source pages for complete protocols.,https://www.npsot.org/posts/native-plant/eragrostis-hirsuta/,https://plants.ces.ncsu.edu/plants/eragrostis-hirsuta/,,
Eragrostis spectabilis,Eragrostis spectabilis,"Purple Lovegrass, Purple Love Grass, Purple Plains Lovegrass, Tumblegrass, Petticoat Climber",Poaceae,Perennial,Deciduous,Grass,Grass/Grass-like,Sun,Sun,Low–Medium,Low,1–2,2–3,Moist,"Aug, Sep, Oct","Red, Purple",,,,,Upland prairie and open grassland systems,Shallow Upland Prairie,,sandy/loamy upland prairie or open field,sandy/loamy upland prairie or open field,Moist; Low; Sun; Low,High,No,Publish now,Literature-supported microregion assignment; field/GIS confirmation can be added in a later release.,"LBJ/USDA/FNA/USACE support species habitat traits; NRCS/EPA/TPWD links support site/soil/ecoregion/vegetation validation, not species identity.",v1-online-public-draft,2026-05-27,eragrostis-spectabilis,https://www.wildflower.org/plants/result.php?id_plant=ERSP,https://www.wildflower.org/plants/result.php?id_plant=ERSP,https://plants.usda.gov/home/basicSearchResults?searchString=Eragrostis+spectabilis,https://floranorthamerica.org/Special:Search?search=Eragrostis+spectabilis,https://wetland-plants.sec.usace.army.mil/,https://websoilsurvey.nrcs.usda.gov/app/,https://www.epa.gov/eco-research/ecoregions,https://tpwd.texas.gov/landwater/land/programs/landscape-ecology/ems/,"Public dashboard field. Long source prose, photos, image URLs, full source protocols, and page boilerplate are intentionally excluded from public data files. Use linked source pages for full context.",Region: AGCP AK AW CB EMP GP HI MW NCNE WMVE Status: FACU UPL UPL UPL UPL UPL UPL,Purple Lovegrass,Seed | Clump,No Treatment | Division,Materials listed: Seed | Clump. Treatment tags listed: No Treatment | Division. Full propagation instructions are not reproduced in this public dataset; use the linked NPSOT/source pages for complete protocols.,https://www.npsot.org/posts/native-plant/eragrostis-spectabilis/,https://www.outsidepride.com/seed/ornamental-grass/love-grass/love-grass-purple.html#:~:text=Purple%20love%20grass%20(Eragrostis%20spectabilis | https://www.rpseeds.co.uk/products/eragrostis-spectabilis-purple-love-grass-seeds#:~:text=GROWING%20GUIDE | https://www.picturethisai.com/care/propagate/Eragrostis_spectabilis.html#:~:text=Purple%20lovegrass%20is%20typically%20propagated%20through%20division%2C,,
Eragrostis trichodes,Eragrostis trichodes,"Sand Love Grass, Sand lovegrass",Poaceae,Perennial,Deciduous,Grass,Grass/Grass-like,Sun,Part Shade,Low,Medium,3,2,,"Apr, May",Yellow,,,,,Woodland and karst upland systems,Upland Woodland,Shallow Upland Prairie,upland woodland or shaded understory,upland woodland or shaded understory,Medium; Part Shade; High,Medium,Optional,Publish with caveat,"Usable for public draft release, but should remain flagged as provisional until optional spot-check or field/GIS support is added.","LBJ/USDA/FNA/USACE support species habitat traits; NRCS/EPA/TPWD links support site/soil/ecoregion/vegetation validation, not species identity.",v1-online-public-draft,2026-05-27,eragrostis-trichodes,https://www.wildflower.org/plants/result.php?id_plant=ERTR3,https://www.wildflower.org/plants/result.php?id_plant=ERTR3,https://plants.usda.gov/home/basicSearchResults?searchString=Eragrostis+trichodes,https://floranorthamerica.org/Special:Search?search=Eragrostis+trichodes,https://wetland-plants.sec.usace.army.mil/,https://websoilsurvey.nrcs.usda.gov/app/,https://www.epa.gov/eco-research/ecoregions,https://tpwd.texas.gov/landwater/land/programs/landscape-ecology/ems/,"Public dashboard field. Long source prose, photos, image URLs, full source protocols, and page boilerplate are intentionally excluded from public data files. Use linked source pages for full context.",,Sand Lovegrass,Seed,Stratification | No Treatment,Materials listed: Seed. Treatment tags listed: Stratification | No Treatment. Full propagation instructions are not reproduced in this public dataset; use the linked NPSOT/source pages for complete protocols.,https://www.npsot.org/posts/native-plant/eragrostis-trichodes/,https://npn.rngr.net/renderNPNProtocolDetails?selectedProtocolIds=poaceae-eragrostis-1770#:~:text=General%20Distribution: | https://plants.usda.gov/DocumentLibrary/plantguide/pdf/pg_ertr3.pdf | https://www.everwilde.com/store/Eragrostis-trichodes-Seed.html,,
Erigeron philadelphicus,Erigeron philadelphicus,Philadelphia Fleabane,Asteraceae,Biennial,Deciduous,Herb,Herb,Full Sun to Part Shade,Part Shade,Moist,Medium,2.5,2,,"Mar, Apr, May, Jun","White, Yellow, Purple",,,,,"Ecotone, thicket, and disturbance-edge systems",Ecotone / Edge Thicket,Upland Woodland; Shallow Upland Prairie; Upland Savanna,limestone/caliche/calcareous; prairie/open field; woodland/wood edge; shade/part shade,"rich thickets, fields, open woods",Medium; Part Shade; Medium,High,No,Publish now,Literature-supported microregion assignment; field/GIS confirmation can be added in a later release.,"LBJ/USDA/FNA/USACE support species habitat traits; NRCS/EPA/TPWD links support site/soil/ecoregion/vegetation validation, not species identity.",v1-online-public-draft,2026-05-27,erigeron-philadelphicus,https://www.wildflower.org/plants/result.php?id_plant=ERPH,https://www.wildflower.org/plants/result.php?id_plant=ERPH,https://plants.usda.gov/home/basicSearchResults?searchString=Erigeron+philadelphicus,https://floranorthamerica.org/Special:Search?search=Erigeron+philadelphicus,https://wetland-plants.sec.usace.army.mil/,https://websoilsurvey.nrcs.usda.gov/app/,https://www.epa.gov/eco-research/ecoregions,https://tpwd.texas.gov/landwater/land/programs/landscape-ecology/ems/,"Public dashboard field. Long source prose, photos, image URLs, full source protocols, and page boilerplate are intentionally excluded from public data files. Use linked source pages for full context.",Region: AGCP AK AW CB EMP GP HI MW NCNE WMVE Status: FAC FACU FACU FAC FACW FAC FACU,Philadelphia Fleabane,Seed | Bud,No Treatment | Division | Stratification,Materials listed: Seed | Bud. Treatment tags listed: No Treatment | Division | Stratification. Full propagation instructions are not reproduced in this public dataset; use the linked NPSOT/source pages for complete protocols.,https://www.npsot.org/posts/native-plant/erigeron-philadelphicus/,https://earthone.io/plant/erigeron%20philadelphicus | https://courses.washington.edu/esrm412/protocols/2017/ERPH.pdf,,
Eriochloa sericea,Eriochloa sericea,Texas Cupgrass,Poaceae,Perennial,Deciduous,Grass,Grass/Grass-like,Sun,Sun,Medium,Medium,2–3,2–3,Dry,"May, Jun, Jul, Aug, Sep, Oct",Not Applicable,,,,,Upland prairie and open grassland systems,Shallow Upland Prairie,,sandy/loamy upland prairie or open field,sandy/loamy upland prairie or open field,Dry; Medium; Sun,High,No,Publish now,Literature-supported microregion assignment; field/GIS confirmation can be added in a later release.,"LBJ/USDA/FNA/USACE support species habitat traits; NRCS/EPA/TPWD links support site/soil/ecoregion/vegetation validation, not species identity.",v1-online-public-draft,2026-05-27,eriochloa-sericea,https://www.wildflower.org/plants/result.php?id_plant=ERSE5,https://www.wildflower.org/plants/result.php?id_plant=ERSE5,https://plants.usda.gov/home/basicSearchResults?searchString=Eriochloa+sericea,https://floranorthamerica.org/Special:Search?search=Eriochloa+sericea,https://wetland-plants.sec.usace.army.mil/,https://websoilsurvey.nrcs.usda.gov/app/,https://www.epa.gov/eco-research/ecoregions,https://tpwd.texas.gov/landwater/land/programs/landscape-ecology/ems/,"Public dashboard field. Long source prose, photos, image URLs, full source protocols, and page boilerplate are intentionally excluded from public data files. Use linked source pages for full context.",,,,,,,,,
Eriogonum longifolium,Eriogonum longifolium,"Longleaf Buckwheat, Longleaf Wild Buckwheat",Polygonaceae,Perennial,Deciduous,Herb,Herb,Sun,,Low,,2–3,1–2,,"Jun, Jul, Aug, Sep","White, Green",,,,,Upland prairie and open grassland systems,Shallow Upland Prairie,Karst Outcrops,dry upland; sunny open,dry sun/low water buckwheat; upland/open,,Medium,Optional,Publish with caveat,"Usable for public draft release, but should remain flagged as provisional until optional spot-check or field/GIS support is added.","LBJ/USDA/FNA/USACE support species habitat traits; NRCS/EPA/TPWD links support site/soil/ecoregion/vegetation validation, not species identity.",v1-online-public-draft,2026-05-27,eriogonum-longifolium,https://www.wildflower.org/plants/result.php?id_plant=ERLO5,https://www.wildflower.org/plants/result.php?id_plant=ERLO5,https://plants.usda.gov/home/basicSearchResults?searchString=Eriogonum+longifolium,https://floranorthamerica.org/Special:Search?search=Eriogonum+longifolium,https://wetland-plants.sec.usace.army.mil/,https://websoilsurvey.nrcs.usda.gov/app/,https://www.epa.gov/eco-research/ecoregions,https://tpwd.texas.gov/landwater/land/programs/landscape-ecology/ems/,"Public dashboard field. Long source prose, photos, image URLs, full source protocols, and page boilerplate are intentionally excluded from public data files. Use linked source pages for full context.",,,,,,,,,
Eryngium leavenworthii,Eryngium leavenworthii,"Leavenworth's Eryngo, Eryngo, False Purple Thistle",Apiaceae,Annual,Deciduous,Herb,Herb,Sun,"Sun, Part Shade",Low,Low,2–3,1–2,Moist,"Jul, Aug, Sep","Blue, Purple",,,,,Woodland and karst upland systems,Karst Outcrops,Shallow Upland Prairie; Upland Woodland; Deep Clay Prairie,limestone/caliche/calcareous; rocky/ledge/slope; prairie/open field; deep clay/swale; woodland/wood edge; dry upland; moist mesic; sunny open; shade/part shade,rocky prairies/open woods/calcareous soils,"Moist; Low; Sun, Part Shade",High,No,Publish now,Literature-supported microregion assignment; field/GIS confirmation can be added in a later release.,"LBJ/USDA/FNA/USACE support species habitat traits; NRCS/EPA/TPWD links support site/soil/ecoregion/vegetation validation, not species identity.",v1-online-public-draft,2026-05-27,eryngium-leavenworthii,https://www.wildflower.org/plants/result.php?id_plant=ERLE11,https://www.wildflower.org/plants/result.php?id_plant=ERLE11,https://plants.usda.gov/home/basicSearchResults?searchString=Eryngium+leavenworthii,https://floranorthamerica.org/Special:Search?search=Eryngium+leavenworthii,https://wetland-plants.sec.usace.army.mil/,https://websoilsurvey.nrcs.usda.gov/app/,https://www.epa.gov/eco-research/ecoregions,https://tpwd.texas.gov/landwater/land/programs/landscape-ecology/ems/,"Public dashboard field. Long source prose, photos, image URLs, full source protocols, and page boilerplate are intentionally excluded from public data files. Use linked source pages for full context.",,Leavenworth Eryngo,Seed,No Treatment | Stratification,Materials listed: Seed. Treatment tags listed: No Treatment | Stratification. Full propagation instructions are not reproduced in this public dataset; use the linked NPSOT/source pages for complete protocols.,https://www.npsot.org/posts/native-plant/eryngium-leavenworthii/,https://www.picturethisai.com/care/propagate/Eryngium_leavenworthii.html | https://www.westcoastseeds.com/blogs/wcs-academy/how-to-grow-eryngium,,
Eryngium yuccifolium,Eryngium yuccifolium,"Rattlesnake Master, Button Eryngo, Button Snakeroot, Beargrass, Bear's Grass",Apiaceae,Perennial,Deciduous,Herb,Herb,"Sun, Part Shade",Sun,Medium,Medium,3–5,2–3,Moist,"May, Jun, Jul, Aug",White,,,,,Upland prairie and open grassland systems,Shallow Upland Prairie,,sandy/loamy upland prairie or open field,sandy/loamy upland prairie or open field,Moist; Medium; Sun,High,No,Publish now,Literature-supported microregion assignment; field/GIS confirmation can be added in a later release.,"LBJ/USDA/FNA/USACE support species habitat traits; NRCS/EPA/TPWD links support site/soil/ecoregion/vegetation validation, not species identity.",v1-online-public-draft,2026-05-27,eryngium-yuccifolium,https://www.wildflower.org/plants/result.php?id_plant=ERYU,https://www.wildflower.org/plants/result.php?id_plant=ERYU,https://plants.usda.gov/home/basicSearchResults?searchString=Eryngium+yuccifolium,https://floranorthamerica.org/Special:Search?search=Eryngium+yuccifolium,https://wetland-plants.sec.usace.army.mil/,https://websoilsurvey.nrcs.usda.gov/app/,https://www.epa.gov/eco-research/ecoregions,https://tpwd.texas.gov/landwater/land/programs/landscape-ecology/ems/,"Public dashboard field. Long source prose, photos, image URLs, full source protocols, and page boilerplate are intentionally excluded from public data files. Use linked source pages for full context.",Region: AGCP AK AW CB EMP GP HI MW NCNE WMVE Status: FAC FAC FACW FAC FAC,Rattlesnake Master,Root | Seed,Division | No Treatment | Stratification,Materials listed: Root | Seed. Treatment tags listed: Division | No Treatment | Stratification. Full propagation instructions are not reproduced in this public dataset; use the linked NPSOT/source pages for complete protocols.,https://www.npsot.org/posts/native-plant/eryngium-yuccifolium/,https://www.wildflower.org/plants/result.php?id_plant=ERYU | https://www.epicgardening.com/rattlesnake-master/#:~:text=Propagation | https://www.everwilde.com/store/Eryngium-yuccifolium-WildFlower-Seed.html,,
Erythrina herbacea,Erythrina herbacea,Coral Bean,Fabaceae,Perennial,Deciduous,Shrub,Shrub,"Sun, Part Shade","Sun, Part Shade",Low–Medium,Medium,3–6,3–6,Dry,"Mar, Apr, May, Jun, Jul, Aug, Sep, Oct, Nov",Red,Hummingbirds,,,,Upland prairie and open grassland systems,Shallow Upland Prairie,Upland Woodland,sandy/loamy upland prairie or open field,sandy/loamy upland prairie or open field,"Dry; Medium; Sun, Part Shade",High,No,Publish now,Literature-supported microregion assignment; field/GIS confirmation can be added in a later release.,"LBJ/USDA/FNA/USACE support species habitat traits; NRCS/EPA/TPWD links support site/soil/ecoregion/vegetation validation, not species identity.",v1-online-public-draft,2026-05-27,erythrina-herbacea,https://www.wildflower.org/plants/result.php?id_plant=ERHE4,https://www.wildflower.org/plants/result.php?id_plant=ERHE4,https://plants.usda.gov/home/basicSearchResults?searchString=Erythrina+herbacea,https://floranorthamerica.org/Special:Search?search=Erythrina+herbacea,https://wetland-plants.sec.usace.army.mil/,https://websoilsurvey.nrcs.usda.gov/app/,https://www.epa.gov/eco-research/ecoregions,https://tpwd.texas.gov/landwater/land/programs/landscape-ecology/ems/,"Public dashboard field. Long source prose, photos, image URLs, full source protocols, and page boilerplate are intentionally excluded from public data files. Use linked source pages for full context.",,,,,,,,,
Eustoma exaltatum,Eustoma exaltatum,"Catchfly Prairie Gentian, Bluebell Gentian, Western Blue Gentian, Blue Marsh Lily, Small Bluebell, Catchfly Gentian, Seaside Gentian",Gentianaceae,Annual,Deciduous,Herb,Herb,"Sun, Part Shade","Sun, Part Shade",Medium,,1–2,1–2,Moist,"May, Jun, Jul, Aug, Sep, Oct","Blue, Purple",,,,,Upland prairie and open grassland systems,Shallow Upland Prairie,Shallow Upland Prairie; Aquatic / Spring Runs,sandy/loamy upland prairie or open field,sandy/loamy upland prairie or open field,"Moist; Sun, Part Shade",High,No,Publish now,Literature-supported microregion assignment; field/GIS confirmation can be added in a later release.,"LBJ/USDA/FNA/USACE support species habitat traits; NRCS/EPA/TPWD links support site/soil/ecoregion/vegetation validation, not species identity.",v1-online-public-draft,2026-05-27,eustoma-exaltatum,https://www.wildflower.org/plants/result.php?id_plant=EUEX5,https://www.wildflower.org/plants/result.php?id_plant=EUEX5,https://plants.usda.gov/home/basicSearchResults?searchString=Eustoma+exaltatum,https://floranorthamerica.org/Special:Search?search=Eustoma+exaltatum,https://wetland-plants.sec.usace.army.mil/,https://websoilsurvey.nrcs.usda.gov/app/,https://www.epa.gov/eco-research/ecoregions,https://tpwd.texas.gov/landwater/land/programs/landscape-ecology/ems/,"Public dashboard field. Long source prose, photos, image URLs, full source protocols, and page boilerplate are intentionally excluded from public data files. Use linked source pages for full context.",Region: AGCP AK AW CB EMP GP HI MW NCNE WMVE Status: FACW OBL FACW FACW FACW FACW OBL,Small Bluebell,Seed | Stem,No Treatment | Cutting,Materials listed: Seed | Stem. Treatment tags listed: No Treatment | Cutting. Full propagation instructions are not reproduced in this public dataset; use the linked NPSOT/source pages for complete protocols.,https://www.npsot.org/posts/native-plant/eustoma-exaltatum/,https://travaldo.blogspot.com/2021/05/eustoma-exaltatum-seaside-gentian-care-and-culture.html | https://earthone.io/plant/eustoma%20exaltatum?srsltid=AfmBOorMKnualL8J_GzvaCNouptqDtRoddH9fYYabUNKHmk_MHdzZ35q | https://www.wildflower.org/expert/show.php?id=6237&frontpage=true,,
Eysenhardtia texana,Eysenhardtia texana,"Texas Kidneywood, Kidneywood, Bee Brush, Vara Dulce, Palo Dulce",Fabaceae,Perennial,Deciduous,Shrub,Shrub,"Sun, Part Shade",Sun,Low,Low,6–10,4–6,Dry,"May, Jun, Jul, Aug, Sep, Oct",White,Butterflies,Dogface butterfly,,,Woodland and karst upland systems,Karst Outcrops,,rocky calcareous limestone outcrop,rocky calcareous limestone outcrop,Dry; Low; Sun,High,No,Publish now,Literature-supported microregion assignment; field/GIS confirmation can be added in a later release.,"LBJ/USDA/FNA/USACE support species habitat traits; NRCS/EPA/TPWD links support site/soil/ecoregion/vegetation validation, not species identity.",v1-online-public-draft,2026-05-27,eysenhardtia-texana,https://www.wildflower.org/plants/result.php?id_plant=EYTE,https://www.wildflower.org/plants/result.php?id_plant=EYTE,https://plants.usda.gov/home/basicSearchResults?searchString=Eysenhardtia+texana,https://floranorthamerica.org/Special:Search?search=Eysenhardtia+texana,https://wetland-plants.sec.usace.army.mil/,https://websoilsurvey.nrcs.usda.gov/app/,https://www.epa.gov/eco-research/ecoregions,https://tpwd.texas.gov/landwater/land/programs/landscape-ecology/ems/,"Public dashboard field. Long source prose, photos, image URLs, full source protocols, and page boilerplate are intentionally excluded from public data files. Use linked source pages for full context.",,Kidneywood,Seed | Softwood | Semi-harwood,No Treatment | Cutting | Scarification,Materials listed: Seed | Softwood | Semi-harwood. Treatment tags listed: No Treatment | Cutting | Scarification. Full propagation instructions are not reproduced in this public dataset; use the linked NPSOT/source pages for complete protocols.,https://www.npsot.org/posts/native-plant/eysenhardtia-texana/,https://www.ckwri.tamuk.edu/plant/texas-kidneywood#:~:text=Texas%20kidneywood%20can%20be%20grown%20from%20seed | https://plants.sc.egov.usda.gov/DocumentLibrary/factsheet/pdf/fs_eyte.pdf | https://www.gardenia.net/plant/eysenhardtia-texana-texas-kidneywood-grow-care-guide,yes,
Fleischmannia incarnata,Fleischmannia incarnata,Pink Thoroughwort,Asteraceae,Perennial,Deciduous,Herb,Herb,"Sun, Part Shade",,Medium,,2–3,2–3,,"Oct, Nov, Dec","White, Pink, Purple",Butterflies,,,,Riparian and floodplain systems,Riparian Banks,Ecotone / Edge Thicket; Upland Woodland; Aquatic / Spring Runs,stream/river bank; marsh/swamp/wetland; woodland/wood edge; moist mesic; sunny open; shade/part shade,"moist woodlands, thickets, marshes, and streambanks",,High,No,Publish now,Literature-supported microregion assignment; field/GIS confirmation can be added in a later release.,"LBJ/USDA/FNA/USACE support species habitat traits; NRCS/EPA/TPWD links support site/soil/ecoregion/vegetation validation, not species identity.",v1-online-public-draft,2026-05-27,fleischmannia-incarnata,https://www.wildflower.org/plants/result.php?id_plant=FLIN2,https://www.wildflower.org/plants/result.php?id_plant=FLIN2,https://plants.usda.gov/home/basicSearchResults?searchString=Fleischmannia+incarnata,https://floranorthamerica.org/Special:Search?search=Fleischmannia+incarnata,https://wetland-plants.sec.usace.army.mil/,https://websoilsurvey.nrcs.usda.gov/app/,https://www.epa.gov/eco-research/ecoregions,https://tpwd.texas.gov/landwater/land/programs/landscape-ecology/ems/,"Public dashboard field. Long source prose, photos, image URLs, full source protocols, and page boilerplate are intentionally excluded from public data files. Use linked source pages for full context.",Region: AGCP AK AW CB EMP GP HI MW NCNE WMVE Status: FACU FAC FAC FAC,Pink Thoroughwort,Seed | Stem | Clump,No Treatment | Cutting | Division,Materials listed: Seed | Stem | Clump. Treatment tags listed: No Treatment | Cutting | Division. Full propagation instructions are not reproduced in this public dataset; use the linked NPSOT/source pages for complete protocols.,https://www.npsot.org/posts/native-plant/fleischmannia-incarnata/,https://www.picturethisai.com/wiki/Fleischmannia_incarnata.html#:~:text=Water:%20Pink%20slender%2Dthoroughwort%20thrives | https://propagate.one/how-to-propagate-fleischmannia-incarnata/?amp=1&print=pdf,yes,
Forestiera pubescens,Forestiera pubescens,"Elbowbush, Stretchberry, Spring Herald, Desert Olive, Tanglewood, Devil's Elbow, Spring Goldenglow, New Mexico Privet, Texas Forsythia",Oleaceae,Perennial,Deciduous,Shrub,Shrub,"Sun, Part Shade","Sun, Part Shade, Shade",Low–Medium,"Low, Medium",6–12,6–10,"Dry, Moist","Jan, Feb, Mar","Yellow, Green","Birds, Butterflies",Hairstreaks,,,Upland prairie and open grassland systems,Shallow Upland Prairie,Shallow Upland Prairie,open dry upland prairie/grassland,open dry upland prairie/grassland,"Dry, Moist; Low, Medium; Sun, Part Shade, Shade; Medium, High",Medium,Optional,Publish with caveat,"Usable for public draft release, but should remain flagged as provisional until optional spot-check or field/GIS support is added.","LBJ/USDA/FNA/USACE support species habitat traits; NRCS/EPA/TPWD links support site/soil/ecoregion/vegetation validation, not species identity.",v1-online-public-draft,2026-05-27,forestiera-pubescens,https://www.wildflower.org/plants/result.php?id_plant=FOPU2,https://www.wildflower.org/plants/result.php?id_plant=FOPU2,https://plants.usda.gov/home/basicSearchResults?searchString=Forestiera+pubescens,https://floranorthamerica.org/Special:Search?search=Forestiera+pubescens,https://wetland-plants.sec.usace.army.mil/,https://websoilsurvey.nrcs.usda.gov/app/,https://www.epa.gov/eco-research/ecoregions,https://tpwd.texas.gov/landwater/land/programs/landscape-ecology/ems/,"Public dashboard field. Long source prose, photos, image URLs, full source protocols, and page boilerplate are intentionally excluded from public data files. Use linked source pages for full context.",Region: AGCP AK AW CB EMP GP HI MW NCNE WMVE Status: FACU FACU FACU FACU FACU FACU,Elbowbush,Seed | Stem,Stratification | Cutting,Materials listed: Seed | Stem. Treatment tags listed: Stratification | Cutting. Full propagation instructions are not reproduced in this public dataset; use the linked NPSOT/source pages for complete protocols.,https://www.npsot.org/posts/native-plant/forestiera-pubescens/,https://www.wildflower.org/plants/result.php?id_plant=fopup#: | https://plants.usda.gov/DocumentLibrary/factsheet/pdf/fs_fopu2.pdf | https://www.theeyrye.com/forestiera.html,yes,
Frangula caroliniana,Frangula caroliniana,"Carolina Buckthorn, Carolina False Buckthorn, Yellow Buckthorn, Indian Cherry, Yellowwood",Rhamnaceae,Perennial,Deciduous,Shrub,Tree,"Sun, Part Shade",Part Shade,Medium,,12–20,8–12,Moist,"Apr, May, Jun","White, Yellow, Green","Birds, Butterflies",Snout butterfly,,,Riparian and floodplain systems,Riparian Banks,Upland Woodland,stream/river bank,stream/river bank,Moist; Part Shade,High,No,Publish now,Literature-supported microregion assignment; field/GIS confirmation can be added in a later release.,"LBJ/USDA/FNA/USACE support species habitat traits; NRCS/EPA/TPWD links support site/soil/ecoregion/vegetation validation, not species identity.",v1-online-public-draft,2026-05-27,frangula-caroliniana,https://www.wildflower.org/plants/result.php?id_plant=FRCA13,https://www.wildflower.org/plants/result.php?id_plant=FRCA13,https://plants.usda.gov/home/basicSearchResults?searchString=Frangula+caroliniana,https://floranorthamerica.org/Special:Search?search=Frangula+caroliniana,https://wetland-plants.sec.usace.army.mil/,https://websoilsurvey.nrcs.usda.gov/app/,https://www.epa.gov/eco-research/ecoregions,https://tpwd.texas.gov/landwater/land/programs/landscape-ecology/ems/,"Public dashboard field. Long source prose, photos, image URLs, full source protocols, and page boilerplate are intentionally excluded from public data files. Use linked source pages for full context.",Region: AGCP AK AW CB EMP GP HI MW NCNE WMVE Status: FACU FAC FACU FAC FAC,,,,,,,,
Fraxinus albicans,Fraxinus albicans,"Texas Ash, Mountain Ash",Oleaceae,Perennial,Deciduous,Tree,Tree,Sun,Part Shade,Low–Medium,Low,30–45,20–30,Dry,"Mar, Apr","Red, Green, Purple",Butterflies,Eastern Tiger Swallowtail,,,Woodland and karst upland systems,Karst Outcrops,Shallow Upland Prairie,"limestone ledge, cliff, or bluff","limestone ledge, cliff, or bluff",Dry; Low; Part Shade,Medium,Optional,Publish with caveat,"Usable for public draft release, but should remain flagged as provisional until optional spot-check or field/GIS support is added.","LBJ/USDA/FNA/USACE support species habitat traits; NRCS/EPA/TPWD links support site/soil/ecoregion/vegetation validation, not species identity.",v1-online-public-draft,2026-05-27,fraxinus-albicans,https://www.wildflower.org/plants/result.php?id_plant=FRAL3,https://www.wildflower.org/plants/result.php?id_plant=FRAL3,https://plants.usda.gov/home/basicSearchResults?searchString=Fraxinus+albicans,https://floranorthamerica.org/Special:Search?search=Fraxinus+albicans,https://wetland-plants.sec.usace.army.mil/,https://websoilsurvey.nrcs.usda.gov/app/,https://www.epa.gov/eco-research/ecoregions,https://tpwd.texas.gov/landwater/land/programs/landscape-ecology/ems/,"Public dashboard field. Long source prose, photos, image URLs, full source protocols, and page boilerplate are intentionally excluded from public data files. Use linked source pages for full context.",,,,,,,,,
Fraxinus pennsylvanica,Fraxinus pennsylvanica,Green Ash Tree / Water Ash,Oleaceae,Perennial,Deciduous,Tree,Tree,Full Sun,"Sun, Part Shade, Shade",Moist,Medium,70,50,"Dry, Moist, Wet","Apr, May, Jun","Green, Purple, Brown","Birds, Butterflies","Eastern Tiger Swallowtail, Two-tailed tiger swallowtail, Tiger swallow-tail, Orange sulphur, Cloudless giant sulphur, Mourning Cloak.",,,Riparian and floodplain systems,Riparian Banks,Aquatic / Spring Runs; Deep Clay Prairie; Upland Woodland,stream/river bank; marsh/swamp/wetland; ravine/canyon/depression; woodland/wood edge; disturbed/roadside/ditch; moist mesic,stream banks/swamps/ditches/ravines/depressions,"Dry, Moist, Wet; Medium; Sun, Part Shade, Shade; High; High",High,No,Publish now,Literature-supported microregion assignment; field/GIS confirmation can be added in a later release.,"LBJ/USDA/FNA/USACE support species habitat traits; NRCS/EPA/TPWD links support site/soil/ecoregion/vegetation validation, not species identity.",v1-online-public-draft,2026-05-27,fraxinus-pennsylvanica,https://www.wildflower.org/plants/result.php?id_plant=FRPE,https://www.wildflower.org/plants/result.php?id_plant=FRPE,https://plants.usda.gov/home/basicSearchResults?searchString=Fraxinus+pennsylvanica,https://floranorthamerica.org/Special:Search?search=Fraxinus+pennsylvanica,https://wetland-plants.sec.usace.army.mil/,https://websoilsurvey.nrcs.usda.gov/app/,https://www.epa.gov/eco-research/ecoregions,https://tpwd.texas.gov/landwater/land/programs/landscape-ecology/ems/,"Public dashboard field. Long source prose, photos, image URLs, full source protocols, and page boilerplate are intentionally excluded from public data files. Use linked source pages for full context.",Region: AGCP AK AW CB EMP GP HI MW NCNE WMVE Status: FACW FACW FACW FAC FACW FACW FAC,Green Ash,Seed | Stem,Stratification | No Treatment | Cutting,Materials listed: Seed | Stem. Treatment tags listed: Stratification | No Treatment | Cutting. Full propagation instructions are not reproduced in this public dataset; use the linked NPSOT/source pages for complete protocols.,https://www.npsot.org/posts/native-plant/fraxinus-pennsylvanica/,https://www.wildflower.org/plants/result.php?id_plant=FRPE | https://pfaf.org/user/Plant.aspx?LatinName=Fraxinus+pennsylvanica | https://propagate.one/how-to-propagate-fraxinus-pennsylvanica/,,
Funastrum cynanchoides,Funastrum cynanchoides,"Fringed Twinevine, Climbing Milkweed Vine, Twine-vine",Apocynaceae,Perennial,Deciduous,Vine,Vine,"Sun, Part Shade",Part Shade,Low,Medium,10–20,6–10,Dry,"Apr, May, Jun, Jul, Aug","White, Pink, Purple",Butterflies,"Milkweed, Monarch, Queen butterfly.",,,"Ecotone, thicket, and disturbance-edge systems",Ecotone / Edge Thicket,Upland Woodland; Karst Outcrops; Shallow Upland Prairie,limestone/caliche/calcareous; deep clay/swale; woodland/wood edge; dry upland; moist mesic; shade/part shade,"chaparral/brush country, open woodlands, dry limestone/caliche",Dry; Medium; Part Shade,High,No,Publish now,Literature-supported microregion assignment; field/GIS confirmation can be added in a later release.,"LBJ/USDA/FNA/USACE support species habitat traits; NRCS/EPA/TPWD links support site/soil/ecoregion/vegetation validation, not species identity.",v1-online-public-draft,2026-05-27,funastrum-cynanchoides,https://www.wildflower.org/plants/result.php?id_plant=FUCY,https://www.wildflower.org/plants/result.php?id_plant=FUCY,https://plants.usda.gov/home/basicSearchResults?searchString=Funastrum+cynanchoides,https://floranorthamerica.org/Special:Search?search=Funastrum+cynanchoides,https://wetland-plants.sec.usace.army.mil/,https://websoilsurvey.nrcs.usda.gov/app/,https://www.epa.gov/eco-research/ecoregions,https://tpwd.texas.gov/landwater/land/programs/landscape-ecology/ems/,"Public dashboard field. Long source prose, photos, image URLs, full source protocols, and page boilerplate are intentionally excluded from public data files. Use linked source pages for full context.",Region: AGCP AK AW CB EMP GP HI MW NCNE WMVE Status: FACU FACU FACU FACU FAC,Fringed Twinevine,Seed,Stratification,Materials listed: Seed. Treatment tags listed: Stratification. Full propagation instructions are not reproduced in this public dataset; use the linked NPSOT/source pages for complete protocols.,https://www.npsot.org/posts/native-plant/funastrum-cynanchoides/,https://store.underwoodgardens.com/vining-milkweed-seeds-funastrum-cynanchoides/f1213/,,
Gaillardia aestivalis,Gaillardia aestivalis,Lanceleaf blanketflower,Asteraceae,Perennial,Deciduous,Herb,Herb,Sun,,Low,,1–2,,,"Apr, May, Jun, Jul, Aug, Sep, Oct","White, Pink, Yellow, Purple",,,,,Upland prairie and open grassland systems,Shallow Upland Prairie,Upland Savanna,prairie/open field; dry upland; sunny open,low-water sunny prairie forb,,High,No,Publish now,Literature-supported microregion assignment; field/GIS confirmation can be added in a later release.,"LBJ/USDA/FNA/USACE support species habitat traits; NRCS/EPA/TPWD links support site/soil/ecoregion/vegetation validation, not species identity.",v1-online-public-draft,2026-05-27,gaillardia-aestivalis,https://www.wildflower.org/plants/result.php?id_plant=GAAE,https://www.wildflower.org/plants/result.php?id_plant=GAAE,https://plants.usda.gov/home/basicSearchResults?searchString=Gaillardia+aestivalis,https://floranorthamerica.org/Special:Search?search=Gaillardia+aestivalis,https://wetland-plants.sec.usace.army.mil/,https://websoilsurvey.nrcs.usda.gov/app/,https://www.epa.gov/eco-research/ecoregions,https://tpwd.texas.gov/landwater/land/programs/landscape-ecology/ems/,"Public dashboard field. Long source prose, photos, image URLs, full source protocols, and page boilerplate are intentionally excluded from public data files. Use linked source pages for full context.",,Lanceleaf Blanketflower,Seed,No Treatment,Materials listed: Seed. Treatment tags listed: No Treatment. Full propagation instructions are not reproduced in this public dataset; use the linked NPSOT/source pages for complete protocols.,https://www.npsot.org/posts/native-plant/gaillardia-aestivalis/,https://warcapps.usgs.gov/PlantID/Species/Details/3810#:~:text=The%20seeds%20are%20generally%20ripe | https://www.plantdelights.com/products/gaillardia-aestivalis-var-winkleri-grape-sensation?srsltid=AfmBOoq0NBE-FUWoQVWYZ_RXFMM6Gou62WnFimkVfb8s1M-pPX26nqUb,,
Gaillardia amblyodon,Gaillardia amblyodon,Maroon Blanket Flower,Asteraceae,Annual,Deciduous,Herb,Herb,Full Sun,Sun,Dry to Moist,,2,1.5,Dry,"Apr, May, Jun, Jul","Red, Yellow, Purple",,,,,Upland prairie and open grassland systems,Shallow Upland Prairie,Upland Savanna; Deep Clay Prairie,prairie/open field; dry upland; moist mesic; sunny open,dry to moist full sun prairie forb,Dry; Sun,High,No,Publish now,Literature-supported microregion assignment; field/GIS confirmation can be added in a later release.,"LBJ/USDA/FNA/USACE support species habitat traits; NRCS/EPA/TPWD links support site/soil/ecoregion/vegetation validation, not species identity.",v1-online-public-draft,2026-05-27,gaillardia-amblyodon,https://www.wildflower.org/plants/result.php?id_plant=GAAM,https://www.wildflower.org/plants/result.php?id_plant=GAAM,https://plants.usda.gov/home/basicSearchResults?searchString=Gaillardia+amblyodon,https://floranorthamerica.org/Special:Search?search=Gaillardia+amblyodon,https://wetland-plants.sec.usace.army.mil/,https://websoilsurvey.nrcs.usda.gov/app/,https://www.epa.gov/eco-research/ecoregions,https://tpwd.texas.gov/landwater/land/programs/landscape-ecology/ems/,"Public dashboard field. Long source prose, photos, image URLs, full source protocols, and page boilerplate are intentionally excluded from public data files. Use linked source pages for full context.",,,,,,,,,
Gaillardia pulchella,Gaillardia pulchella,"Indian Blanket, Firewheel, Girasol Rojo",Asteraceae,Annual,Deciduous,Herb,Herb,Sun,"Sun, Part Shade",Low–Medium,Medium,1–2,1–2,Dry,"May, Jun, Jul, Aug","Red, Yellow, Brown",Butterflies,,,,Upland prairie and open grassland systems,Shallow Upland Prairie,,sandy/loamy upland prairie or open field,sandy/loamy upland prairie or open field,"Dry; Medium; Sun, Part Shade; High",High,No,Publish now,Literature-supported microregion assignment; field/GIS confirmation can be added in a later release.,"LBJ/USDA/FNA/USACE support species habitat traits; NRCS/EPA/TPWD links support site/soil/ecoregion/vegetation validation, not species identity.",v1-online-public-draft,2026-05-27,gaillardia-pulchella,https://www.wildflower.org/plants/result.php?id_plant=GAPU,https://www.wildflower.org/plants/result.php?id_plant=GAPU,https://plants.usda.gov/home/basicSearchResults?searchString=Gaillardia+pulchella,https://floranorthamerica.org/Special:Search?search=Gaillardia+pulchella,https://wetland-plants.sec.usace.army.mil/,https://websoilsurvey.nrcs.usda.gov/app/,https://www.epa.gov/eco-research/ecoregions,https://tpwd.texas.gov/landwater/land/programs/landscape-ecology/ems/,"Public dashboard field. Long source prose, photos, image URLs, full source protocols, and page boilerplate are intentionally excluded from public data files. Use linked source pages for full context.",Region: AGCP AK AW CB EMP GP HI MW NCNE WMVE Status: UPL UPL FACU UPL UPL FACU FACU UPL UPL,Firewheel,Seed | Clump,No Treatment | Division,Materials listed: Seed | Clump. Treatment tags listed: No Treatment | Division. Full propagation instructions are not reproduced in this public dataset; use the linked NPSOT/source pages for complete protocols.,https://www.npsot.org/posts/native-plant/gaillardia-pulchella/,https://www.fnps.org/assets/pdf/pubs/gaillardia_pulchella_blanketflower.pdf | https://earthone.io/plant/gaillardia%20pulchella | https://www.everwilde.com/store/Gaillardia-pulchella-WildFlower-Seed.html?srsltid=AfmBOoro0jIuuIulclMN62ztHi9T2qtX6dCiZ3slb87ME-onl8ccFzza | https://www.gardendesign.com/plants/gaillardia.html#:~:text=Dividing:,,
Gaillardia suavis,Gaillardia suavis,"Pincushion Daisy, Fragrant Gaillardia, Rayless Gaillardia, Perfumeballs",Asteraceae,Perennial,Deciduous,Herb,Herb,Sun,Part Shade,Low,Medium,1–2,1–2,Dry,"Mar, Apr, May","Red, Brown",,,,,Upland prairie and open grassland systems,Shallow Upland Prairie,,sandy/loamy upland prairie or open field,sandy/loamy upland prairie or open field,Dry; Medium; Part Shade,High,No,Publish now,Literature-supported microregion assignment; field/GIS confirmation can be added in a later release.,"LBJ/USDA/FNA/USACE support species habitat traits; NRCS/EPA/TPWD links support site/soil/ecoregion/vegetation validation, not species identity.",v1-online-public-draft,2026-05-27,gaillardia-suavis,https://www.wildflower.org/plants/result.php?id_plant=GASU,https://www.wildflower.org/plants/result.php?id_plant=GASU,https://plants.usda.gov/home/basicSearchResults?searchString=Gaillardia+suavis,https://floranorthamerica.org/Special:Search?search=Gaillardia+suavis,https://wetland-plants.sec.usace.army.mil/,https://websoilsurvey.nrcs.usda.gov/app/,https://www.epa.gov/eco-research/ecoregions,https://tpwd.texas.gov/landwater/land/programs/landscape-ecology/ems/,"Public dashboard field. Long source prose, photos, image URLs, full source protocols, and page boilerplate are intentionally excluded from public data files. Use linked source pages for full context.",,,,,,,,yes,
Garrya ovata ssp. lindheimeri,Garrya ovata ssp. lindheimeri,"Mexican Silktassel, Lindheimer's Silktassel",Garryaceae,Perennial,Evergreen,Shrub,Shrub,"Sun, Part Shade",Part Shade,Low–Medium,Low,6–12,6–8,"Dry, Moist","Mar, Apr, May",Green,Birds,,,,Woodland and karst upland systems,Karst Outcrops,Upland Woodland,rocky calcareous limestone outcrop,rocky calcareous limestone outcrop,"Dry, Moist; Low; Part Shade",Medium,Optional,Publish with caveat,"Usable for public draft release, but should remain flagged as provisional until optional spot-check or field/GIS support is added.","LBJ/USDA/FNA/USACE support species habitat traits; NRCS/EPA/TPWD links support site/soil/ecoregion/vegetation validation, not species identity.",v1-online-public-draft,2026-05-27,garrya-ovata-ssp-lindheimeri,https://www.wildflower.org/plants/result.php?id_plant=GAOVL,https://www.wildflower.org/plants/result.php?id_plant=GAOVL,https://plants.usda.gov/home/basicSearchResults?searchString=Garrya+ovata+ssp.+lindheimeri,https://floranorthamerica.org/Special:Search?search=Garrya+ovata+ssp.+lindheimeri,https://wetland-plants.sec.usace.army.mil/,https://websoilsurvey.nrcs.usda.gov/app/,https://www.epa.gov/eco-research/ecoregions,https://tpwd.texas.gov/landwater/land/programs/landscape-ecology/ems/,"Public dashboard field. Long source prose, photos, image URLs, full source protocols, and page boilerplate are intentionally excluded from public data files. Use linked source pages for full context.",,,,,,,,,
Geum canadense,Geum canadense,White Avens,Rosaceae,Perennial,Deciduous,Herb,Herb,"Shade, Part Shade","Part Shade, Shade",Medium,Medium,1–2,1–2,"Dry, Moist","Apr, May, Jun",White,Butterflies,,,,Upland prairie and open grassland systems,Shallow Upland Prairie,,sandy/loamy upland prairie or open field,sandy/loamy upland prairie or open field,"Dry, Moist; Medium; Part Shade, Shade; Medium",High,No,Publish now,Literature-supported microregion assignment; field/GIS confirmation can be added in a later release.,"LBJ/USDA/FNA/USACE support species habitat traits; NRCS/EPA/TPWD links support site/soil/ecoregion/vegetation validation, not species identity.",v1-online-public-draft,2026-05-27,geum-canadense,https://www.wildflower.org/plants/result.php?id_plant=GECA7,https://www.wildflower.org/plants/result.php?id_plant=GECA7,https://plants.usda.gov/home/basicSearchResults?searchString=Geum+canadense,https://floranorthamerica.org/Special:Search?search=Geum+canadense,https://wetland-plants.sec.usace.army.mil/,https://websoilsurvey.nrcs.usda.gov/app/,https://www.epa.gov/eco-research/ecoregions,https://tpwd.texas.gov/landwater/land/programs/landscape-ecology/ems/,"Public dashboard field. Long source prose, photos, image URLs, full source protocols, and page boilerplate are intentionally excluded from public data files. Use linked source pages for full context.",Region: AGCP AK AW CB EMP GP HI MW NCNE WMVE Status: FAC FACU FAC FAC FAC FACU,White Avens,Seed,No Treatment,Materials listed: Seed. Treatment tags listed: No Treatment. Full propagation instructions are not reproduced in this public dataset; use the linked NPSOT/source pages for complete protocols.,https://www.npsot.org/posts/native-plant/geum-canadense/,https://www.wildflower.org/plants/result.php?id_plant=GECA7,yes,
Glandularia bipinnatifida,Glandularia bipinnatifida,"Prairie Verbena, Purple Prairie Verbena, Dakota Vervain, Dakota Mock Vervain, Moradilla, Alfombrilla",Verbenaceae,Perennial,Deciduous,Herb,"Herb, Subshrub",Sun,Part Shade,Low–Medium,"Low, Medium",1–2,2–3,"Dry, Moist","Mar, Apr, May, Jun, Jul, Aug, Sep, Oct","Purple, Violet",Birds,,,,Upland prairie and open grassland systems,Shallow Upland Prairie,Karst Outcrops,sandy/loamy upland prairie or open field,sandy/loamy upland prairie or open field,"Dry, Moist; Low, Medium; Part Shade",High,No,Publish now,Literature-supported microregion assignment; field/GIS confirmation can be added in a later release.,"LBJ/USDA/FNA/USACE support species habitat traits; NRCS/EPA/TPWD links support site/soil/ecoregion/vegetation validation, not species identity.",v1-online-public-draft,2026-05-27,glandularia-bipinnatifida,https://www.wildflower.org/plants/result.php?id_plant=GLBI2,https://www.wildflower.org/plants/result.php?id_plant=GLBI2,https://plants.usda.gov/home/basicSearchResults?searchString=Glandularia+bipinnatifida,https://floranorthamerica.org/Special:Search?search=Glandularia+bipinnatifida,https://wetland-plants.sec.usace.army.mil/,https://websoilsurvey.nrcs.usda.gov/app/,https://www.epa.gov/eco-research/ecoregions,https://tpwd.texas.gov/landwater/land/programs/landscape-ecology/ems/,"Public dashboard field. Long source prose, photos, image URLs, full source protocols, and page boilerplate are intentionally excluded from public data files. Use linked source pages for full context.",,Prairie Verbena,Seed | Stem,No Treatment | Cutting,Materials listed: Seed | Stem. Treatment tags listed: No Treatment | Cutting. Full propagation instructions are not reproduced in this public dataset; use the linked NPSOT/source pages for complete protocols.,https://www.npsot.org/posts/native-plant/glandularia-bipinnatifida/,https://openprairie.sdstate.edu/nativeplant/197/#:~:text=Seed%20collection:%20Collect%20the%20nutlets | https://www.picturethisai.com/care/propagate/Glandularia_bipinnatifida_var._latilobata.html | https://plantselect.org/wp-content/uploads/2015/03/Verbena-bipinnatifida.pdf,yes,
Gleditsia triacanthos,Gleditsia triacanthos,"Honey Locust, Common Honey Locust, Thorny Common Honey Locust, Honey Shucks Locust, Sweet Locust, Thorny Locust, Honey Shucks, Sweet Bean Tree",Fabaceae,Perennial,Deciduous,Tree,Tree,Sun,Part Shade,Medium,Medium,60–80,40–50,Moist,"May, Jun",Yellow,Butterflies,Silver-spotted Skipper (Epargyreus clarus).,,,Riparian and floodplain systems,Riparian Banks,Upland Woodland; Deep Clay Prairie; Ecotone / Edge Thicket; Shallow Upland Prairie,stream/river bank; floodplain/bottomland; deep clay/swale; woodland/wood edge; moist mesic,moist woods/bottomlands/stream banks plus drier uplands,Moist; Medium; Part Shade; Medium; High,High,No,Publish now,Literature-supported microregion assignment; field/GIS confirmation can be added in a later release.,"LBJ/USDA/FNA/USACE support species habitat traits; NRCS/EPA/TPWD links support site/soil/ecoregion/vegetation validation, not species identity.",v1-online-public-draft,2026-05-27,gleditsia-triacanthos,https://www.wildflower.org/plants/result.php?id_plant=GLTR,https://www.wildflower.org/plants/result.php?id_plant=GLTR,https://plants.usda.gov/home/basicSearchResults?searchString=Gleditsia+triacanthos,https://floranorthamerica.org/Special:Search?search=Gleditsia+triacanthos,https://wetland-plants.sec.usace.army.mil/,https://websoilsurvey.nrcs.usda.gov/app/,https://www.epa.gov/eco-research/ecoregions,https://tpwd.texas.gov/landwater/land/programs/landscape-ecology/ems/,"Public dashboard field. Long source prose, photos, image URLs, full source protocols, and page boilerplate are intentionally excluded from public data files. Use linked source pages for full context.",Region: AGCP AK AW CB EMP GP HI MW NCNE WMVE Status: FAC FAC FAC FACU FACU FAC FAC,Honey Locust,Seed | Stem,Scarification | Cutting,Materials listed: Seed | Stem. Treatment tags listed: Scarification | Cutting. Full propagation instructions are not reproduced in this public dataset; use the linked NPSOT/source pages for complete protocols.,https://www.npsot.org/posts/native-plant/gleditsia-triacanthos/,https://hort.ifas.ufl.edu/database/lppi/sp176.shtml#:~:text=Common%20name(s | https://extension.usu.edu/forestry/files/resources/plant-and-take-care-of-honeylocust-tree.pdf | https://earthone.io/plant/gleditsia%20triacanthos | https://www.weekand.com/home-garden/article/grow-honey-locust-branch-18057279.php,,
Grindelia lanceolata,Grindelia lanceolata,Narrowleaf Gumweed,Asteraceae,Biennial | Perennial,Deciduous,Herb,"Herb, Subshrub",Full Sun,,Dry to Moist,,5,3,,"Jun, Jul, Aug, Sep, Oct",Yellow,,,,,Upland prairie and open grassland systems,Shallow Upland Prairie,Deep Clay Prairie; Ecotone / Edge Thicket,dry upland; moist mesic; sunny open,dry to moist full sun gumweed,,Medium,Optional,Publish with caveat,"Usable for public draft release, but should remain flagged as provisional until optional spot-check or field/GIS support is added.","LBJ/USDA/FNA/USACE support species habitat traits; NRCS/EPA/TPWD links support site/soil/ecoregion/vegetation validation, not species identity.",v1-online-public-draft,2026-05-27,grindelia-lanceolata,https://www.wildflower.org/plants/result.php?id_plant=GRLA3,https://www.wildflower.org/plants/result.php?id_plant=GRLA3,https://plants.usda.gov/home/basicSearchResults?searchString=Grindelia+lanceolata,https://floranorthamerica.org/Special:Search?search=Grindelia+lanceolata,https://wetland-plants.sec.usace.army.mil/,https://websoilsurvey.nrcs.usda.gov/app/,https://www.epa.gov/eco-research/ecoregions,https://tpwd.texas.gov/landwater/land/programs/landscape-ecology/ems/,"Public dashboard field. Long source prose, photos, image URLs, full source protocols, and page boilerplate are intentionally excluded from public data files. Use linked source pages for full context.",,Narrowleaf Gumweed,Seed | Clump,No Treatment | Division | Stratification | Scarification,Materials listed: Seed | Clump. Treatment tags listed: No Treatment | Division | Stratification | Scarification. Full propagation instructions are not reproduced in this public dataset; use the linked NPSOT/source pages for complete protocols.,https://www.npsot.org/posts/native-plant/grindelia-lanceolata/,https://pfaf.org/user/Plant.aspx?LatinName=Grindelia+lanceolata#:~:text=Plant%20Propagation | https://plants.usda.gov/DocumentLibrary/plantguide/pdf/pg_grca.pdf,,
Grindelia squarrosa,Grindelia squarrosa,Curlycup Gumweed,Asteraceae,Annual | Biennial | Perennial,Deciduous,Herb,Herb,Sun,,Low–Medium,,1–3,2–3,Dry,"Jul, Aug, Sep",Yellow,,,,,Upland prairie and open grassland systems,Shallow Upland Prairie,,open dry upland prairie/grassland,open dry upland prairie/grassland,Dry,High,No,Publish now,Literature-supported microregion assignment; field/GIS confirmation can be added in a later release.,"LBJ/USDA/FNA/USACE support species habitat traits; NRCS/EPA/TPWD links support site/soil/ecoregion/vegetation validation, not species identity.",v1-online-public-draft,2026-05-27,grindelia-squarrosa,https://www.wildflower.org/plants/result.php?id_plant=GRSQ,https://www.wildflower.org/plants/result.php?id_plant=GRSQ,https://plants.usda.gov/home/basicSearchResults?searchString=Grindelia+squarrosa,https://floranorthamerica.org/Special:Search?search=Grindelia+squarrosa,https://wetland-plants.sec.usace.army.mil/,https://websoilsurvey.nrcs.usda.gov/app/,https://www.epa.gov/eco-research/ecoregions,https://tpwd.texas.gov/landwater/land/programs/landscape-ecology/ems/,"Public dashboard field. Long source prose, photos, image URLs, full source protocols, and page boilerplate are intentionally excluded from public data files. Use linked source pages for full context.",Region: AGCP AK AW CB EMP GP HI MW NCNE WMVE Status: FACU FACU FACU UPL FACU FACU FACU,,,,,,,,
Hedeoma acinoides,Hedeoma acinoides,"Pannyroyal (annual), Slender False Pennyroyal",Lamiaceae,Annual,Deciduous,Herb,Herb,Sun,"Sun, Part Shade",Low,Medium,1,1,"Dry, Moist","Apr, May",Pink,,,,,Woodland and karst upland systems,Karst Outcrops,Upland Woodland; Shallow Upland Prairie,rocky calcareous limestone outcrop,rocky calcareous limestone outcrop,"Dry, Moist; Medium; Sun, Part Shade",Medium,Optional,Publish with caveat,"Usable for public draft release, but should remain flagged as provisional until optional spot-check or field/GIS support is added.","LBJ/USDA/FNA/USACE support species habitat traits; NRCS/EPA/TPWD links support site/soil/ecoregion/vegetation validation, not species identity.",v1-online-public-draft,2026-05-27,hedeoma-acinoides,https://www.wildflower.org/plants/result.php?id_plant=HEAC,https://www.wildflower.org/plants/result.php?id_plant=HEAC,https://plants.usda.gov/home/basicSearchResults?searchString=Hedeoma+acinoides,https://floranorthamerica.org/Special:Search?search=Hedeoma+acinoides,https://wetland-plants.sec.usace.army.mil/,https://websoilsurvey.nrcs.usda.gov/app/,https://www.epa.gov/eco-research/ecoregions,https://tpwd.texas.gov/landwater/land/programs/landscape-ecology/ems/,"Public dashboard field. Long source prose, photos, image URLs, full source protocols, and page boilerplate are intentionally excluded from public data files. Use linked source pages for full context.",,,,,,,,,
Hedeoma reverchonii,Hedeoma reverchonii,Reverchon's False Pennyroyal,Lamiaceae,Perennial,Deciduous,Herb,"Herb, Subshrub",Sun,,Low,,0.5–1,1–2,,"Jun, Jul, Aug","White, Purple",,,,,Woodland and karst upland systems,Karst Outcrops,Shallow Upland Prairie,limestone/caliche/calcareous; rocky/ledge/slope; dry upland; sunny open,low-water sun; central Texas limestone/rocky microhabitat likely,,High,No,Publish now,Literature-supported microregion assignment; field/GIS confirmation can be added in a later release.,"LBJ/USDA/FNA/USACE support species habitat traits; NRCS/EPA/TPWD links support site/soil/ecoregion/vegetation validation, not species identity.",v1-online-public-draft,2026-05-27,hedeoma-reverchonii,https://www.wildflower.org/plants/result.php?id_plant=HERE3,https://www.wildflower.org/plants/result.php?id_plant=HERE3,https://plants.usda.gov/home/basicSearchResults?searchString=Hedeoma+reverchonii,https://floranorthamerica.org/Special:Search?search=Hedeoma+reverchonii,https://wetland-plants.sec.usace.army.mil/,https://websoilsurvey.nrcs.usda.gov/app/,https://www.epa.gov/eco-research/ecoregions,https://tpwd.texas.gov/landwater/land/programs/landscape-ecology/ems/,"Public dashboard field. Long source prose, photos, image URLs, full source protocols, and page boilerplate are intentionally excluded from public data files. Use linked source pages for full context.",,,,,,,,,
Helenium amarum,Helenium amarum,Southern Wild Hyacinth,Asteraceae,Annual,Deciduous,Herb,Herb,Sun,Part Shade,Low,Low,1–2,,Dry,"Jan, Feb, Mar, Apr, May, Jun, Jul, Aug, Sep, Oct, Nov, Dec",Yellow,,,,,Upland prairie and open grassland systems,Shallow Upland Prairie,,sandy/loamy upland prairie or open field,sandy/loamy upland prairie or open field,Dry; Low; Part Shade,High,No,Publish now,Literature-supported microregion assignment; field/GIS confirmation can be added in a later release.,"LBJ/USDA/FNA/USACE support species habitat traits; NRCS/EPA/TPWD links support site/soil/ecoregion/vegetation validation, not species identity.",v1-online-public-draft,2026-05-27,helenium-amarum,https://www.wildflower.org/plants/result.php?id_plant=HEAM,https://www.wildflower.org/plants/result.php?id_plant=HEAM,https://plants.usda.gov/home/basicSearchResults?searchString=Helenium+amarum,https://floranorthamerica.org/Special:Search?search=Helenium+amarum,https://wetland-plants.sec.usace.army.mil/,https://websoilsurvey.nrcs.usda.gov/app/,https://www.epa.gov/eco-research/ecoregions,https://tpwd.texas.gov/landwater/land/programs/landscape-ecology/ems/,"Public dashboard field. Long source prose, photos, image URLs, full source protocols, and page boilerplate are intentionally excluded from public data files. Use linked source pages for full context.",Region: AGCP AK AW CB EMP GP HI MW NCNE WMVE Status: FACU FACU FACU FACU FACU FACU FACU,Bitter Sneezeweed,Seed | Clump,No Treatment | Division,Materials listed: Seed | Clump. Treatment tags listed: No Treatment | Division. Full propagation instructions are not reproduced in this public dataset; use the linked NPSOT/source pages for complete protocols.,https://www.npsot.org/posts/native-plant/helenium-amarum/,https://pfaf.org/user/Plant.aspx?LatinName=Helenium+amarum#:~:text=Plant%20Propagation | https://propagate.one/how-to-propagate-helenium-amarum/?print=pdf | https://www.picturethisai.com/wiki/Helenium_amarum.html,,
Helenium autumnale,Helenium autumnale,"Common Sneezeweed, Fall Sneezeweed, Autumn Sneezeweed",Asteraceae,Perennial,Deciduous,Herb,Herb,"Sun, Part Shade",Sun,Medium,Medium,2–5,2–3,Moist,"Jul, Aug, Sep, Oct",Yellow,Butterflies,,,,Upland prairie and open grassland systems,Deep Clay Prairie,Shallow Upland Prairie,deep clay or calcareous clay prairie,deep clay or calcareous clay prairie,Moist; Medium; Sun; High,Medium,Optional,Publish with caveat,"Usable for public draft release, but should remain flagged as provisional until optional spot-check or field/GIS support is added.","LBJ/USDA/FNA/USACE support species habitat traits; NRCS/EPA/TPWD links support site/soil/ecoregion/vegetation validation, not species identity.",v1-online-public-draft,2026-05-27,helenium-autumnale,https://www.wildflower.org/plants/result.php?id_plant=HEAU,https://www.wildflower.org/plants/result.php?id_plant=HEAU,https://plants.usda.gov/home/basicSearchResults?searchString=Helenium+autumnale,https://floranorthamerica.org/Special:Search?search=Helenium+autumnale,https://wetland-plants.sec.usace.army.mil/,https://websoilsurvey.nrcs.usda.gov/app/,https://www.epa.gov/eco-research/ecoregions,https://tpwd.texas.gov/landwater/land/programs/landscape-ecology/ems/,"Public dashboard field. Long source prose, photos, image URLs, full source protocols, and page boilerplate are intentionally excluded from public data files. Use linked source pages for full context.",Region: AGCP AK AW CB EMP GP HI MW NCNE WMVE Status: FACW FACW FACW FACW FACW FACW FACW,,,,,,,,
Helianthus maximiliani,Helianthus maximiliani,"Maximilian Sunflower, Max Sunflower",Asteraceae,Perennial,Deciduous,Herb,Herb,Sun,Sun,Low–Medium,Low,4–10,2–4,"Dry, Moist","Aug, Sep, Oct, Nov","Yellow, Brown",Birds,,House Finch (Haemorhous mexicanus),USDA NRCS Helianthus plant guide: https://www.nrcs.usda.gov,Upland prairie and open grassland systems,Shallow Upland Prairie,,sandy/loamy upland prairie or open field,sandy/loamy upland prairie or open field,"Dry, Moist; Low; Sun",High,No,Publish now,Literature-supported microregion assignment; field/GIS confirmation can be added in a later release.,"LBJ/USDA/FNA/USACE support species habitat traits; NRCS/EPA/TPWD links support site/soil/ecoregion/vegetation validation, not species identity.",v1-online-public-draft,2026-05-27,helianthus-maximiliani,https://www.wildflower.org/plants/result.php?id_plant=HEMA2,https://www.wildflower.org/plants/result.php?id_plant=HEMA2,https://plants.usda.gov/home/basicSearchResults?searchString=Helianthus+maximiliani,https://floranorthamerica.org/Special:Search?search=Helianthus+maximiliani,https://wetland-plants.sec.usace.army.mil/,https://websoilsurvey.nrcs.usda.gov/app/,https://www.epa.gov/eco-research/ecoregions,https://tpwd.texas.gov/landwater/land/programs/landscape-ecology/ems/,"Public dashboard field. Long source prose, photos, image URLs, full source protocols, and page boilerplate are intentionally excluded from public data files. Use linked source pages for full context.",Region: AGCP AK AW CB EMP GP HI MW NCNE WMVE Status: UPL UPL UPL FACU UPL UPL UPL,Maximilian Sunflower,Seed,Stratification | No Treatment,Materials listed: Seed. Treatment tags listed: Stratification | No Treatment. Full propagation instructions are not reproduced in this public dataset; use the linked NPSOT/source pages for complete protocols.,https://www.npsot.org/posts/native-plant/helianthus-maximiliani/,https://www.wildflowerfarm.com/helianthus-maximiliani-maximilians-sunflower.html#:~:text=Indoors:%20Cold%2C%20moist%20stratification | https://plants.usda.gov/DocumentLibrary/plantguide/pdf/pg_hema2.pdf | https://earthone.io/plant/helianthus%20maximiliani?srsltid=AfmBOooK2F7kpWAp0KXoNXfff8sQ0SPVIaGNgwz3vxNCf1AYowJXOrKO,yes,
Hesperaloe parviflora,Hesperaloe parviflora,"Red Yucca, Coral Yucca, Red-flowered False Yucca, Redflower False Yucca, Yellow Yucca, Hummingbird Yucca, Samandoque",Asparagaceae,Perennial,Evergreen,Succulent,Cactus/Succulent,Sun,Sun,Low,Low,2–5,3–5,Dry,"Mar, Apr, May, Jun, Jul","Red, Yellow",Hummingbirds,,,,Upland prairie and open grassland systems,Shallow Upland Prairie,,dry upland prairie slope,dry upland prairie slope,Dry; Low; Sun,High,No,Publish now,Literature-supported microregion assignment; field/GIS confirmation can be added in a later release.,"LBJ/USDA/FNA/USACE support species habitat traits; NRCS/EPA/TPWD links support site/soil/ecoregion/vegetation validation, not species identity.",v1-online-public-draft,2026-05-27,hesperaloe-parviflora,https://www.wildflower.org/plants/result.php?id_plant=HEPA8,https://www.wildflower.org/plants/result.php?id_plant=HEPA8,https://plants.usda.gov/home/basicSearchResults?searchString=Hesperaloe+parviflora,https://floranorthamerica.org/Special:Search?search=Hesperaloe+parviflora,https://wetland-plants.sec.usace.army.mil/,https://websoilsurvey.nrcs.usda.gov/app/,https://www.epa.gov/eco-research/ecoregions,https://tpwd.texas.gov/landwater/land/programs/landscape-ecology/ems/,"Public dashboard field. Long source prose, photos, image URLs, full source protocols, and page boilerplate are intentionally excluded from public data files. Use linked source pages for full context.",,Red Yucca,Offshoots | Seed,Transplant | Scarification,Materials listed: Offshoots | Seed. Treatment tags listed: Transplant | Scarification. Full propagation instructions are not reproduced in this public dataset; use the linked NPSOT/source pages for complete protocols.,https://www.npsot.org/posts/native-plant/hesperaloe-parviflora/,https://dallascountymastergardeners.org/red-yucca-hesperaloe-parviflora/#:~:text=Propagation%20&%20Planting: | https://www.outsidepride.com/resources/planting/redyucca-planting/#:~:text=Presoak%20seeds%20overnight%20before%20planting,,
Hibiscus laevis,Hibiscus laevis,"Halberdleaf Rosemallow, Halberdleaf Hibiscus, Scarlet Rose Mallow, Halberd-leaved Hibiscus, Halberd-leaved Rose-mallow",Malvaceae,Perennial,Deciduous,Herb,Shrub,Sun,"Sun, Part Shade",Medium–High,High,3–7,2–4,Moist,"May, Jun, Jul, Aug, Sep, Oct, Nov","White, Pink",Butterflies,,,,"Aquatic, spring-run, and wetland systems",Aquatic / Spring Runs,Riparian Banks; Deep Clay Prairie,marsh/swamp/wetland; limestone/caliche/calcareous; deep clay/swale; moist mesic; sunny open; shade/part shade,"marshes, high water, moist soils","Moist; High; Sun, Part Shade; Low",High,No,Publish now,Literature-supported microregion assignment; field/GIS confirmation can be added in a later release.,"LBJ/USDA/FNA/USACE support species habitat traits; NRCS/EPA/TPWD links support site/soil/ecoregion/vegetation validation, not species identity.",v1-online-public-draft,2026-05-27,hibiscus-laevis,https://www.wildflower.org/plants/result.php?id_plant=HILA2,https://www.wildflower.org/plants/result.php?id_plant=HILA2,https://plants.usda.gov/home/basicSearchResults?searchString=Hibiscus+laevis,https://floranorthamerica.org/Special:Search?search=Hibiscus+laevis,https://wetland-plants.sec.usace.army.mil/,https://websoilsurvey.nrcs.usda.gov/app/,https://www.epa.gov/eco-research/ecoregions,https://tpwd.texas.gov/landwater/land/programs/landscape-ecology/ems/,"Public dashboard field. Long source prose, photos, image URLs, full source protocols, and page boilerplate are intentionally excluded from public data files. Use linked source pages for full context.",Region: AGCP AK AW CB EMP GP HI MW NCNE WMVE Status: OBL OBL OBL OBL OBL,Halberd Leaf Hibiscus,Seed,No Treatment,Materials listed: Seed. Treatment tags listed: No Treatment. Full propagation instructions are not reproduced in this public dataset; use the linked NPSOT/source pages for complete protocols.,https://www.npsot.org/posts/native-plant/hibiscus-laevis/,https://growitbuildit.com/hibiscus-laevis-halbred-leaf-rose-mallow/#:~:text=The%20soil%20should%20be%20moist | https://hayefield.com/product/hibiscus-laevis-smooth-rose-mallow/#:~:text=Germination%20Information:%20Sow%20these%20seeds,yes,
Hibiscus moscheutos,Hibiscus moscheutos,"Crimson-eyed Rose-mallow, Marshmallow Hibiscus",Malvaceae,Perennial,Deciduous,Herb,Shrub,Sun,"Sun, Part Shade",Medium–High,High,3–7,3–5,"Moist, Wet","Jul, Aug, Sep","White, Pink",Hummingbirds,,,,"Aquatic, spring-run, and wetland systems",Aquatic / Spring Runs,Riparian Banks; Mesic Canyons & Seeps; Shallow Upland Prairie; Upland Woodland,marsh/swamp/wetland; woodland/wood edge; moist mesic; sunny open; shade/part shade,swampy forests/wet meadows/marshes,"Moist, Wet; High; Sun, Part Shade; Low",High,No,Publish now,Literature-supported microregion assignment; field/GIS confirmation can be added in a later release.,"LBJ/USDA/FNA/USACE support species habitat traits; NRCS/EPA/TPWD links support site/soil/ecoregion/vegetation validation, not species identity.",v1-online-public-draft,2026-05-27,hibiscus-moscheutos,https://www.wildflower.org/plants/result.php?id_plant=HIMO,https://www.wildflower.org/plants/result.php?id_plant=HIMO,https://plants.usda.gov/home/basicSearchResults?searchString=Hibiscus+moscheutos,https://floranorthamerica.org/Special:Search?search=Hibiscus+moscheutos,https://wetland-plants.sec.usace.army.mil/,https://websoilsurvey.nrcs.usda.gov/app/,https://www.epa.gov/eco-research/ecoregions,https://tpwd.texas.gov/landwater/land/programs/landscape-ecology/ems/,"Public dashboard field. Long source prose, photos, image URLs, full source protocols, and page boilerplate are intentionally excluded from public data files. Use linked source pages for full context.",Region: AGCP AK AW CB EMP GP HI MW NCNE WMVE Status: OBL OBL OBL OBL OBL OBL OBL,,,,,,,,
Hydrocotyle umbellata,Hydrocotyle umbellata,"Manyflower Marsh-pennywort, Many-flowered Marsh-pennywort, Marsh Pennywort, Water Pennywort, Money Plant",Araliaceae,Perennial,Deciduous,Herb,Herb,"Sun, Part Shade","Sun, Part Shade, Shade",High,Medium,0.5–1,1–2,"Moist, Wet","Apr, May, Jun, Jul, Aug, Sep, Oct",White,,,,,"Aquatic, spring-run, and wetland systems",Aquatic / Spring Runs,Upland Woodland,pond/lake margin or shallow open water,pond/lake margin or shallow open water,"Moist, Wet; Medium; Sun, Part Shade, Shade",High,No,Publish now,Literature-supported microregion assignment; field/GIS confirmation can be added in a later release.,"LBJ/USDA/FNA/USACE support species habitat traits; NRCS/EPA/TPWD links support site/soil/ecoregion/vegetation validation, not species identity.",v1-online-public-draft,2026-05-27,hydrocotyle-umbellata,https://www.wildflower.org/plants/result.php?id_plant=HYUM,https://www.wildflower.org/plants/result.php?id_plant=HYUM,https://plants.usda.gov/home/basicSearchResults?searchString=Hydrocotyle+umbellata,https://floranorthamerica.org/Special:Search?search=Hydrocotyle+umbellata,https://wetland-plants.sec.usace.army.mil/,https://websoilsurvey.nrcs.usda.gov/app/,https://www.epa.gov/eco-research/ecoregions,https://tpwd.texas.gov/landwater/land/programs/landscape-ecology/ems/,"Public dashboard field. Long source prose, photos, image URLs, full source protocols, and page boilerplate are intentionally excluded from public data files. Use linked source pages for full context.",Region: AGCP AK AW CB EMP GP HI MW NCNE WMVE Status: OBL OBL OBL OBL OBL OBL OBL OBL,,,,,,,,
Ilex decidua,Ilex decidua,"Possumhaw, Possumhaw Holly, Deciduous Holly, Meadow Holly, Prairie Holly, Swamp Holly, Welk Holly, Deciduous Yaupon, Bearberry, Winterberry",Aquifoliaceae,Perennial,Deciduous,"Shrub, Tree",Shrub,"Sun, Part Shade","Sun, Part Shade",Medium,Medium,15–25,10–15,Moist,"Mar, Apr, May",White,Birds,,Eastern Bluebird (Sialia sialis); Northern Bobwhite (Colinus virginianus); Wild Turkey (Meleagris gallopavo),USFS FEIS Possumhaw: https://research.fs.usda.gov/feis/species-reviews/iledec,Upland prairie and open grassland systems,Shallow Upland Prairie,Deep Clay Prairie; Upland Woodland; Riparian Banks; Karst Outcrops,sandy/loamy upland prairie or open field,sandy/loamy upland prairie or open field,"Moist; Medium; Sun, Part Shade; Low",Medium,Optional,Publish with caveat,"Usable for public draft release, but should remain flagged as provisional until optional spot-check or field/GIS support is added.","LBJ/USDA/FNA/USACE support species habitat traits; NRCS/EPA/TPWD links support site/soil/ecoregion/vegetation validation, not species identity.",v1-online-public-draft,2026-05-27,ilex-decidua,https://www.wildflower.org/plants/result.php?id_plant=ILDE,https://www.wildflower.org/plants/result.php?id_plant=ILDE,https://plants.usda.gov/home/basicSearchResults?searchString=Ilex+decidua,https://floranorthamerica.org/Special:Search?search=Ilex+decidua,https://wetland-plants.sec.usace.army.mil/,https://websoilsurvey.nrcs.usda.gov/app/,https://www.epa.gov/eco-research/ecoregions,https://tpwd.texas.gov/landwater/land/programs/landscape-ecology/ems/,"Public dashboard field. Long source prose, photos, image URLs, full source protocols, and page boilerplate are intentionally excluded from public data files. Use linked source pages for full context.",Region: AGCP AK AW CB EMP GP HI MW NCNE WMVE Status: FACW FACW FAC FACW,Possumhaw Holly,Seed | Hardwood,Stratification | Cutting,Materials listed: Seed | Hardwood. Treatment tags listed: Stratification | Cutting. Full propagation instructions are not reproduced in this public dataset; use the linked NPSOT/source pages for complete protocols.,https://www.npsot.org/posts/native-plant/ilex-decidua/,https://www.wildflower.org/plants/result.php?id_plant=ILDE | https://scnps.org/plants/ilex-decidua/ | https://dallascountymastergardeners.org/possumhaw-holly-ilex-decidua/ | https://plantiary.com/plant/ilex-decidua_4104.html,,
Ilex vomitoria,Ilex vomitoria,"Yaupon, Yaupon Holly, Cassina",Aquifoliaceae,Perennial,Evergreen,"Shrub, Tree","Shrub, Tree","Sun, Part Shade","Sun, Part Shade, Shade",Low–Medium,Low,12–25,8–12,"Dry, Moist","Apr, May",White,"Birds, Butterflies",Henry's Elfin butterfly,Carolina Wren (Thryothorus ludovicianus); Northern Cardinal (Cardinalis cardinalis); American Robin (Turdus migratorius); Cedar Waxwing (Bombycilla cedrorum); Eastern Bluebird (Sialia sialis); Gray Catbird (Dumetella carolinensis); Hermit Thrush (Catharus guttatus); Mourning Dove (Zenaida macroura); Northern Bobwhite (Colinus virginianus); Northern Flicker (Colaptes auratus); Northern Mockingbird (Mimus polyglottos); White-throated Sparrow (Zonotrichia albicollis); Wild Turkey (Meleagris gallopavo); Yellow-bellied Sapsucker (Sphyrapicus varius); Orange-crowned Warbler (Leiothlypis celata); White-eyed Vireo (Vireo griseus),NPSOT Yaupon: https://www.npsot.org/posts/native-plant/ilex-vomitoria/ | USDA Yaupon Fact Sheet: https://plants.sc.egov.usda.gov/DocumentLibrary/factsheet/pdf/fs_ilvo.pdf | winter frugivore ecology / yaupon berry use | Houston Audubon / TPWD Magazine: https://houstonaudubon.org/birding/resources/cedar-waxwings.html ; https://tpwmagazine.com/archive/2018/nov/scout2_flora_yaupon/ | waxwing diet / yaupon fruit phenology | Yaupon/holly wildlife-use sources: https://www.wildflower.org/plants/result.php?id_plant=ILVO | thrush winter ecology / yaupon berry dependency | NPSOT / yaupon wildlife-use sources: https://www.npsot.org/posts/native-plant/ilex-vomitoria/ ; https://www.wildflower.org/plants/result.php?id_plant=ILVO | winter frugivore studies; yaupon berry use | urban/native shrub ecology / yaupon bird-use | winter warbler diet / yaupon berry records | shrubland bird ecology / yaupon thicket nesting,Woodland and karst upland systems,Upland Woodland,Karst Outcrops; Riparian Banks; Ecotone / Edge Thicket; Shallow Upland Prairie,limestone/caliche/calcareous; deep clay/swale; woodland/wood edge; dry upland; moist mesic; sunny open; shade/part shade,woods/hammocks/sandy pinelands/limestone uplands; broad woody habitat,"Dry, Moist; Low; Sun, Part Shade, Shade; Low",Medium,Optional,Publish with caveat,"Usable for public draft release, but should remain flagged as provisional until optional spot-check or field/GIS support is added.","LBJ/USDA/FNA/USACE support species habitat traits; NRCS/EPA/TPWD links support site/soil/ecoregion/vegetation validation, not species identity.",v1-online-public-draft,2026-05-27,ilex-vomitoria,https://www.wildflower.org/plants/result.php?id_plant=ILVO,https://www.wildflower.org/plants/result.php?id_plant=ILVO,https://plants.usda.gov/home/basicSearchResults?searchString=Ilex+vomitoria,https://floranorthamerica.org/Special:Search?search=Ilex+vomitoria,https://wetland-plants.sec.usace.army.mil/,https://websoilsurvey.nrcs.usda.gov/app/,https://www.epa.gov/eco-research/ecoregions,https://tpwd.texas.gov/landwater/land/programs/landscape-ecology/ems/,"Public dashboard field. Long source prose, photos, image URLs, full source protocols, and page boilerplate are intentionally excluded from public data files. Use linked source pages for full context.",Region: AGCP AK AW CB EMP GP HI MW NCNE WMVE Status: FAC FAC FAC,Yaupon Holly,Seed,Stratification | No Treatment,Materials listed: Seed. Treatment tags listed: Stratification | No Treatment. Full propagation instructions are not reproduced in this public dataset; use the linked NPSOT/source pages for complete protocols.,https://www.npsot.org/posts/native-plant/ilex-vomitoria/,https://www.wildflower.org/plants/result.php?id_plant=ILVO,yes,
Ipomopsis rubra,Ipomopsis rubra,"Standing Cypress, Texas Plume, Red Texas Star, Red Gilia",Polemoniaceae,Biennial,Deciduous,Herb,Herb,Sun,"Sun, Part Shade",Low,Medium,2–6,1–2,Dry,"May, Jun, Jul","Red, Orange, Yellow",Hummingbirds,,,,Upland prairie and open grassland systems,Shallow Upland Prairie,Karst Outcrops; Upland Woodland,sandy/loamy upland prairie or open field,sandy/loamy upland prairie or open field,"Dry; Medium; Sun, Part Shade",High,No,Publish now,Literature-supported microregion assignment; field/GIS confirmation can be added in a later release.,"LBJ/USDA/FNA/USACE support species habitat traits; NRCS/EPA/TPWD links support site/soil/ecoregion/vegetation validation, not species identity.",v1-online-public-draft,2026-05-27,ipomopsis-rubra,https://www.wildflower.org/plants/result.php?id_plant=IPRU2,https://www.wildflower.org/plants/result.php?id_plant=IPRU2,https://plants.usda.gov/home/basicSearchResults?searchString=Ipomopsis+rubra,https://floranorthamerica.org/Special:Search?search=Ipomopsis+rubra,https://wetland-plants.sec.usace.army.mil/,https://websoilsurvey.nrcs.usda.gov/app/,https://www.epa.gov/eco-research/ecoregions,https://tpwd.texas.gov/landwater/land/programs/landscape-ecology/ems/,"Public dashboard field. Long source prose, photos, image URLs, full source protocols, and page boilerplate are intentionally excluded from public data files. Use linked source pages for full context.",,Standing Cypress,Seed,No Treatment,Materials listed: Seed. Treatment tags listed: No Treatment. Full propagation instructions are not reproduced in this public dataset; use the linked NPSOT/source pages for complete protocols.,https://www.npsot.org/posts/native-plant/ipomopsis-rubra/,https://www.wildflower.org/plants/result.php?id_plant=IPRU2,yes,
Juglans microcarpa,Juglans microcarpa,"Littleleaf Walnut, Little walnut",Juglandaceae,Perennial,Deciduous,Tree,Tree,Sun,Part Shade,Low,Medium,30,25,Dry,"Mar, Apr, May, Jun","White, Green","Birds, Butterflies",Banded hairstreak butterfly,,,Woodland and karst upland systems,Karst Outcrops,Shallow Upland Prairie,rocky calcareous limestone outcrop,rocky calcareous limestone outcrop,Dry; Medium; Part Shade; Low,Medium,Optional,Publish with caveat,"Usable for public draft release, but should remain flagged as provisional until optional spot-check or field/GIS support is added.","LBJ/USDA/FNA/USACE support species habitat traits; NRCS/EPA/TPWD links support site/soil/ecoregion/vegetation validation, not species identity.",v1-online-public-draft,2026-05-27,juglans-microcarpa,https://www.wildflower.org/plants/result.php?id_plant=JUMI,https://www.wildflower.org/plants/result.php?id_plant=JUMI,https://plants.usda.gov/home/basicSearchResults?searchString=Juglans+microcarpa,https://floranorthamerica.org/Special:Search?search=Juglans+microcarpa,https://wetland-plants.sec.usace.army.mil/,https://websoilsurvey.nrcs.usda.gov/app/,https://www.epa.gov/eco-research/ecoregions,https://tpwd.texas.gov/landwater/land/programs/landscape-ecology/ems/,"Public dashboard field. Long source prose, photos, image URLs, full source protocols, and page boilerplate are intentionally excluded from public data files. Use linked source pages for full context.",Region: AGCP AK AW CB EMP GP HI MW NCNE WMVE Status: FAC FAC FAC FAC FAC,Little Walnut,Seed,Stratification | No Treatment,Materials listed: Seed. Treatment tags listed: Stratification | No Treatment. Full propagation instructions are not reproduced in this public dataset; use the linked NPSOT/source pages for complete protocols.,https://www.npsot.org/posts/native-plant/juglans-microcarpa/,https://www.wildflower.org/plants/result.php?id_plant=JUMI,,
Juglans nigra,Juglans nigra,Black Walnut,Juglandaceae,Perennial,Deciduous,Tree,Tree,Sun,"Sun, Part Shade",Medium,High,70,50,Moist,"Apr, May","Yellow, Green, Brown","Birds, Butterflies",Black walnut is the preferred host of the luna and regal moth.,Great Crested Flycatcher (Myiarchus crinitus),Cornell Lab + hardwood cavity guild data,Woodland and karst upland systems,Mesic Canyons & Seeps,Riparian Banks; Upland Woodland; Deep Clay Prairie; Karst Outcrops,floodplain/bottomland; deep clay/swale; woodland/wood edge; moist mesic,rich moist woods/bottomlands,"Moist; High; Sun, Part Shade; High",High,No,Publish now,Literature-supported microregion assignment; field/GIS confirmation can be added in a later release.,"LBJ/USDA/FNA/USACE support species habitat traits; NRCS/EPA/TPWD links support site/soil/ecoregion/vegetation validation, not species identity.",v1-online-public-draft,2026-05-27,juglans-nigra,https://www.wildflower.org/plants/result.php?id_plant=JUNI,https://www.wildflower.org/plants/result.php?id_plant=JUNI,https://plants.usda.gov/home/basicSearchResults?searchString=Juglans+nigra,https://floranorthamerica.org/Special:Search?search=Juglans+nigra,https://wetland-plants.sec.usace.army.mil/,https://websoilsurvey.nrcs.usda.gov/app/,https://www.epa.gov/eco-research/ecoregions,https://tpwd.texas.gov/landwater/land/programs/landscape-ecology/ems/,"Public dashboard field. Long source prose, photos, image URLs, full source protocols, and page boilerplate are intentionally excluded from public data files. Use linked source pages for full context.",Region: AGCP AK AW CB EMP GP HI MW NCNE WMVE Status: UPL UPL FACU FACU FACU FACU UPL,,,,,,,,
Juncus texanus,Juncus texanus,Texas Rush,Juncaceae,Perennial,,,Grass/Grass-like,,,,,,,,"Jun, Jul, Aug","Green, Brown",,,,,Riparian and floodplain systems,Riparian Banks,Aquatic / Spring Runs; Deep Clay Prairie,wet rush habitat; wetland margin; swale/ditch/stream or pond edge; site hydrology needed,wet rush habitat; wetland margin; swale/ditch/stream or pond edge; site hydrology needed,,Medium,Optional,Publish with caveat,"Usable for public draft release, but should remain flagged as provisional until optional spot-check or field/GIS support is added.","LBJ/USDA/FNA/USACE support species habitat traits; NRCS/EPA/TPWD links support site/soil/ecoregion/vegetation validation, not species identity.",v1-online-public-draft,2026-05-27,juncus-texanus,https://www.wildflower.org/plants/result.php?id_plant=JUTE3,https://www.wildflower.org/plants/result.php?id_plant=JUTE3,https://plants.usda.gov/home/basicSearchResults?searchString=Juncus+texanus,https://floranorthamerica.org/Special:Search?search=Juncus+texanus,https://wetland-plants.sec.usace.army.mil/,https://websoilsurvey.nrcs.usda.gov/app/,https://www.epa.gov/eco-research/ecoregions,https://tpwd.texas.gov/landwater/land/programs/landscape-ecology/ems/,"Public dashboard field. Long source prose, photos, image URLs, full source protocols, and page boilerplate are intentionally excluded from public data files. Use linked source pages for full context.",Region: AGCP AK AW CB EMP GP HI MW NCNE WMVE Status: OBL OBL,,,,,,,,
Juniperus ashei,Juniperus ashei,Ashe Juniper,Cupressaceae,Perennial,Evergreen,Tree,Tree,"Sun, Part Shade",Part Shade,Low,Low,28,18,Dry,"Jan, Feb, Dec","White, Brown",Butterflies,"Juniper hairstreak, Olive butterfly.",Bewick's Wren (Thryomanes bewickii); American Robin (Turdus migratorius); Cedar Waxwing (Bombycilla cedrorum); Curve-billed Thrasher (Toxostoma curvirostre); Hermit Thrush (Catharus guttatus); Northern Bobwhite (Colinus virginianus); Northern Mockingbird (Mimus polyglottos); Townsend's Solitaire (Myadestes townsendi); Wild Turkey (Meleagris gallopavo); Yellow-rumped Warbler (Setophaga coronata); Ruby-crowned Kinglet (Corthylio calendula); Ruby-crowned Kinglet (Regulus calendula); House Finch (Haemorhous mexicanus); Black-crested Titmouse (Baeolophus atricristatus); Golden-cheeked Warbler (Setophaga chrysoparia); Ash-throated Flycatcher (Myiarchus cinerascens); Field Sparrow (Spizella pusilla),Edwards Plateau habitat studies | wren habitat use / juniper woodland ecology | FEIS Ashe juniper: https://www.fs.usda.gov/database/feis/plants/tree/junash/all.html | Texas A&M juniper ecology / USFS FEIS confirmation: https://texnat.tamu.edu/library/symposia/juniper-ecology-and-management/cedar-through-the-eyes-of-wildlife/ ; https://www.fs.usda.gov/database/feis/plants/tree/junash/all.html | Ashe juniper dispersal study | species diet includes juniper/cedar fruits | warbler winter diet studies / juniper berry specialization | kinglet winter ecology / evergreen foliage foraging | wintering passerine foraging ecology | finch diet studies / juniper fruit use by granivores | southern breeding bird nest material studies | TPWD / Texas A&M ecology; obligate relationship | TPWD GCW PDF: https://tpwd.texas.gov/publications/pwdpubs/media/pwd_bk_w7000_0013_golden_cheeked_warbler.pdf | TPWD / USFWS / Central Texas sources: https://tpwd.texas.gov/huntwild/wild/species/gcw/ ; https://www.fws.gov/species/golden-cheeked-warbler-setophaga-chrysoparia | southwestern flycatcher ecology / juniper woodlands | Myiarchus ecology / juniper woodland studies | sparrow nesting / juniper shrub-tree ecology | USFWS Golden-cheeked Warbler: https://www.fws.gov/species/golden-cheeked-warbler-setophaga-chrysoparia,Woodland and karst upland systems,Karst Outcrops,,rocky calcareous limestone outcrop,rocky calcareous limestone outcrop,Dry; Low; Part Shade,High,No,Publish now,Literature-supported microregion assignment; field/GIS confirmation can be added in a later release.,"LBJ/USDA/FNA/USACE support species habitat traits; NRCS/EPA/TPWD links support site/soil/ecoregion/vegetation validation, not species identity.",v1-online-public-draft,2026-05-27,juniperus-ashei,https://www.wildflower.org/plants/result.php?id_plant=JUAS,https://www.wildflower.org/plants/result.php?id_plant=JUAS,https://plants.usda.gov/home/basicSearchResults?searchString=Juniperus+ashei,https://floranorthamerica.org/Special:Search?search=Juniperus+ashei,https://wetland-plants.sec.usace.army.mil/,https://websoilsurvey.nrcs.usda.gov/app/,https://www.epa.gov/eco-research/ecoregions,https://tpwd.texas.gov/landwater/land/programs/landscape-ecology/ems/,"Public dashboard field. Long source prose, photos, image URLs, full source protocols, and page boilerplate are intentionally excluded from public data files. Use linked source pages for full context.",,Ashe Juniper,Seed,No Treatment,Materials listed: Seed. Treatment tags listed: No Treatment. Full propagation instructions are not reproduced in this public dataset; use the linked NPSOT/source pages for complete protocols.,https://www.npsot.org/posts/native-plant/juniperus-ashei/,https://www.wildflower.org/plants/result.php?id_plant=JUAS,,
Juniperus virginiana,Juniperus virginiana,"Eastern Red Cedar, Eastern Redcedar, Virginia Juniper, Red Juniper, Pencil Cedar, Carolina Cedar, Red Savin",Cupressaceae,Perennial,Evergreen,Tree,Tree,"Sun, Part Shade","Sun, Part Shade, Shade",Low–Medium,Low,30–65,20–30,Dry,"Mar, Apr, May","Green, Purple, Brown","Birds, Butterflies",Olive butterfly.,,,Upland prairie and open grassland systems,Shallow Upland Prairie,Shallow Upland Prairie,sandy/loamy upland prairie or open field,sandy/loamy upland prairie or open field,"Dry; Low; Sun, Part Shade, Shade; High; High",High,No,Publish now,Literature-supported microregion assignment; field/GIS confirmation can be added in a later release.,"LBJ/USDA/FNA/USACE support species habitat traits; NRCS/EPA/TPWD links support site/soil/ecoregion/vegetation validation, not species identity.",v1-online-public-draft,2026-05-27,juniperus-virginiana,https://www.wildflower.org/plants/result.php?id_plant=JUVI,https://www.wildflower.org/plants/result.php?id_plant=JUVI,https://plants.usda.gov/home/basicSearchResults?searchString=Juniperus+virginiana,https://floranorthamerica.org/Special:Search?search=Juniperus+virginiana,https://wetland-plants.sec.usace.army.mil/,https://websoilsurvey.nrcs.usda.gov/app/,https://www.epa.gov/eco-research/ecoregions,https://tpwd.texas.gov/landwater/land/programs/landscape-ecology/ems/,"Public dashboard field. Long source prose, photos, image URLs, full source protocols, and page boilerplate are intentionally excluded from public data files. Use linked source pages for full context.",Region: AGCP AK AW CB EMP GP HI MW NCNE WMVE Status: FACU FACU FACU UPL FACU FACU FACU,Eastern Red Cedar,Seed,Stratification | No Treatment,Materials listed: Seed. Treatment tags listed: Stratification | No Treatment. Full propagation instructions are not reproduced in this public dataset; use the linked NPSOT/source pages for complete protocols.,https://www.npsot.org/posts/native-plant/juniperus-virginiana/,https://www.wildflower.org/plants/result.php?id_plant=JUVI,,
Justicia americana,Justicia americana,"American Water-willow, Water-willow",Acanthaceae,Perennial,Deciduous,Herb,Herb,"Sun, Part Shade","Sun, Part Shade",Medium,Medium,1–3,2–4,"Moist, Wet","Apr, May, Jun, Jul, Aug, Sep, Oct","White, Pink, Purple, Violet",Butterflies,Texan Crescentspot butterfly,,,"Aquatic, spring-run, and wetland systems",Aquatic / Spring Runs,,"marsh, swamp, bog, or wetland margin","marsh, swamp, bog, or wetland margin","Moist, Wet; Medium; Sun, Part Shade; Medium",High,No,Publish now,Literature-supported microregion assignment; field/GIS confirmation can be added in a later release.,"LBJ/USDA/FNA/USACE support species habitat traits; NRCS/EPA/TPWD links support site/soil/ecoregion/vegetation validation, not species identity.",v1-online-public-draft,2026-05-27,justicia-americana,https://www.wildflower.org/plants/result.php?id_plant=JUAM,https://www.wildflower.org/plants/result.php?id_plant=JUAM,https://plants.usda.gov/home/basicSearchResults?searchString=Justicia+americana,https://floranorthamerica.org/Special:Search?search=Justicia+americana,https://wetland-plants.sec.usace.army.mil/,https://websoilsurvey.nrcs.usda.gov/app/,https://www.epa.gov/eco-research/ecoregions,https://tpwd.texas.gov/landwater/land/programs/landscape-ecology/ems/,"Public dashboard field. Long source prose, photos, image URLs, full source protocols, and page boilerplate are intentionally excluded from public data files. Use linked source pages for full context.",Region: AGCP AK AW CB EMP GP HI MW NCNE WMVE Status: OBL OBL OBL OBL OBL OBL,Water Willow,Root | Seed | Stem,Division | No Treatment | Cutting,Materials listed: Root | Seed | Stem. Treatment tags listed: Division | No Treatment | Cutting. Full propagation instructions are not reproduced in this public dataset; use the linked NPSOT/source pages for complete protocols.,https://www.npsot.org/posts/native-plant/justicia-americana/,https://www.picturethisai.com/care/propagate/Justicia_americana.html | https://plantiary.com/plant/justicia-americana_12002.html | https://www.botanikks.com/plants/justicia-americana-l-vahl/517769/1,,
Lantana urticoides,Lantana urticoides,"Texas Lantana, Calico Bush",Verbenaceae,Perennial,Deciduous,Shrub,Shrub,Sun,Sun,Low,Low,3–6,3–5,Dry,"Apr, May, Jun, Jul, Aug, Sep, Oct","Red, Orange, Yellow","Birds, Butterflies",,,,Upland prairie and open grassland systems,Shallow Upland Prairie,Ecotone / Edge Thicket; Karst Outcrops; Upland Woodland,sandy/loamy upland prairie or open field,sandy/loamy upland prairie or open field,Dry; Low; Sun,High,No,Publish now,Literature-supported microregion assignment; field/GIS confirmation can be added in a later release.,"LBJ/USDA/FNA/USACE support species habitat traits; NRCS/EPA/TPWD links support site/soil/ecoregion/vegetation validation, not species identity.",v1-online-public-draft,2026-05-27,lantana-urticoides,https://www.wildflower.org/plants/result.php?id_plant=LAUR2,https://www.wildflower.org/plants/result.php?id_plant=LAUR2,https://plants.usda.gov/home/basicSearchResults?searchString=Lantana+urticoides,https://floranorthamerica.org/Special:Search?search=Lantana+urticoides,https://wetland-plants.sec.usace.army.mil/,https://websoilsurvey.nrcs.usda.gov/app/,https://www.epa.gov/eco-research/ecoregions,https://tpwd.texas.gov/landwater/land/programs/landscape-ecology/ems/,"Public dashboard field. Long source prose, photos, image URLs, full source protocols, and page boilerplate are intentionally excluded from public data files. Use linked source pages for full context.",Region: AGCP AK AW CB EMP GP HI MW NCNE WMVE Status: FACU FACU UPL FACU FACU FACU,,,,,,,yes,
Leersia oryzoides,Leersia oryzoides,"Rice Cutgrass, Rice Cut Grass",Poaceae,Perennial,Deciduous,Grass,Grass/Grass-like,"Sun, Part Shade",Part Shade,High,High,2–4,2–3,Wet,"Jun, Jul, Aug, Sep, Oct",Green,"Birds, Butterflies",Least Skipper (Ancyloxypha numitor),,,"Aquatic, spring-run, and wetland systems",Aquatic / Spring Runs,Upland Woodland,pond/lake margin or shallow open water,pond/lake margin or shallow open water,Wet; High; Part Shade; Medium,High,No,Publish now,Literature-supported microregion assignment; field/GIS confirmation can be added in a later release.,"LBJ/USDA/FNA/USACE support species habitat traits; NRCS/EPA/TPWD links support site/soil/ecoregion/vegetation validation, not species identity.",v1-online-public-draft,2026-05-27,leersia-oryzoides,https://www.wildflower.org/plants/result.php?id_plant=LEOR,https://www.wildflower.org/plants/result.php?id_plant=LEOR,https://plants.usda.gov/home/basicSearchResults?searchString=Leersia+oryzoides,https://floranorthamerica.org/Special:Search?search=Leersia+oryzoides,https://wetland-plants.sec.usace.army.mil/,https://websoilsurvey.nrcs.usda.gov/app/,https://www.epa.gov/eco-research/ecoregions,https://tpwd.texas.gov/landwater/land/programs/landscape-ecology/ems/,"Public dashboard field. Long source prose, photos, image URLs, full source protocols, and page boilerplate are intentionally excluded from public data files. Use linked source pages for full context.",Region: AGCP AK AW CB EMP GP HI MW NCNE WMVE Status: OBL OBL OBL OBL OBL OBL OBL,,,,,,,,
Leptochloa dubia,Leptochloa dubia,Green Sprangletop,Poaceae,Perennial,,,Grass/Grass-like,,Part Shade,,Medium,,,Dry,"May, Jun, Jul, Aug, Sep, Oct, Nov",Yellow,,,,,Upland prairie and open grassland systems,Shallow Upland Prairie,Karst Outcrops,sandy/loamy upland prairie or open field,sandy/loamy upland prairie or open field,Dry; Medium; Part Shade; High,High,No,Publish now,Literature-supported microregion assignment; field/GIS confirmation can be added in a later release.,"LBJ/USDA/FNA/USACE support species habitat traits; NRCS/EPA/TPWD links support site/soil/ecoregion/vegetation validation, not species identity.",v1-online-public-draft,2026-05-27,leptochloa-dubia,https://www.wildflower.org/plants/result.php?id_plant=LEDU,https://www.wildflower.org/plants/result.php?id_plant=LEDU,https://plants.usda.gov/home/basicSearchResults?searchString=Leptochloa+dubia,https://floranorthamerica.org/Special:Search?search=Leptochloa+dubia,https://wetland-plants.sec.usace.army.mil/,https://websoilsurvey.nrcs.usda.gov/app/,https://www.epa.gov/eco-research/ecoregions,https://tpwd.texas.gov/landwater/land/programs/landscape-ecology/ems/,"Public dashboard field. Long source prose, photos, image URLs, full source protocols, and page boilerplate are intentionally excluded from public data files. Use linked source pages for full context.",,Green Sprangletop,Seed,No Treatment,Materials listed: Seed. Treatment tags listed: No Treatment. Full propagation instructions are not reproduced in this public dataset; use the linked NPSOT/source pages for complete protocols.,https://www.npsot.org/posts/native-plant/leptochloa-dubia/,https://sharpseed.com/green-sprangletop/,,
Leucaena retusa,Leucaena retusa,"Goldenball Leadtree, Littleleaf Leadtree, Little Leucaena, Lemonball, Wahoo Tree",Fabaceae,Perennial,Deciduous,"Shrub, Tree",Tree,Sun,Part Shade,Low,Low,10–20,8–12,Dry,"Apr, May, Jun, Jul, Aug, Sep, Oct",Yellow,,,,,Woodland and karst upland systems,Karst Outcrops,Shallow Upland Prairie,rocky calcareous limestone outcrop,rocky calcareous limestone outcrop,Dry; Low; Part Shade; High,High,No,Publish now,Literature-supported microregion assignment; field/GIS confirmation can be added in a later release.,"LBJ/USDA/FNA/USACE support species habitat traits; NRCS/EPA/TPWD links support site/soil/ecoregion/vegetation validation, not species identity.",v1-online-public-draft,2026-05-27,leucaena-retusa,https://www.wildflower.org/plants/result.php?id_plant=LERE5,https://www.wildflower.org/plants/result.php?id_plant=LERE5,https://plants.usda.gov/home/basicSearchResults?searchString=Leucaena+retusa,https://floranorthamerica.org/Special:Search?search=Leucaena+retusa,https://wetland-plants.sec.usace.army.mil/,https://websoilsurvey.nrcs.usda.gov/app/,https://www.epa.gov/eco-research/ecoregions,https://tpwd.texas.gov/landwater/land/programs/landscape-ecology/ems/,"Public dashboard field. Long source prose, photos, image URLs, full source protocols, and page boilerplate are intentionally excluded from public data files. Use linked source pages for full context.",,Goldenball Leadtree,Seed,Scarification,Materials listed: Seed. Treatment tags listed: Scarification. Full propagation instructions are not reproduced in this public dataset; use the linked NPSOT/source pages for complete protocols.,https://www.npsot.org/posts/native-plant/leucaena-retusa/,https://www.innovationgrounds.com/goldenball-leadtree/,,
Leucophyllum frutescens,Leucophyllum frutescens,"Cenizo, Purple Sage, Texas Ranger, Texas Barometer Bush, Texas Silverleaf, Texas Sage, Silverleaf",Scrophulariaceae,Perennial,Evergreen,Shrub,Shrub,Sun,"Sun, Part Shade",Low,Low,4–8,4–6,Dry,"Jan, Feb, Mar, Apr, May, Jun, Jul, Aug, Sep, Oct, Nov, Dec","White, Pink, Purple, Violet",Butterflies,"Theona Checkerspot, Calleta silkmoth",,,Upland prairie and open grassland systems,Shallow Upland Prairie,Karst Outcrops,dry upland prairie slope,dry upland prairie slope,"Dry; Low; Sun, Part Shade",Medium,Optional,Publish with caveat,"Usable for public draft release, but should remain flagged as provisional until optional spot-check or field/GIS support is added.","LBJ/USDA/FNA/USACE support species habitat traits; NRCS/EPA/TPWD links support site/soil/ecoregion/vegetation validation, not species identity.",v1-online-public-draft,2026-05-27,leucophyllum-frutescens,https://www.wildflower.org/plants/result.php?id_plant=LEFR3,https://www.wildflower.org/plants/result.php?id_plant=LEFR3,https://plants.usda.gov/home/basicSearchResults?searchString=Leucophyllum+frutescens,https://floranorthamerica.org/Special:Search?search=Leucophyllum+frutescens,https://wetland-plants.sec.usace.army.mil/,https://websoilsurvey.nrcs.usda.gov/app/,https://www.epa.gov/eco-research/ecoregions,https://tpwd.texas.gov/landwater/land/programs/landscape-ecology/ems/,"Public dashboard field. Long source prose, photos, image URLs, full source protocols, and page boilerplate are intentionally excluded from public data files. Use linked source pages for full context.",,Cenizo,Seed | Softwood,No Treatment | Cutting,Materials listed: Seed | Softwood. Treatment tags listed: No Treatment | Cutting. Full propagation instructions are not reproduced in this public dataset; use the linked NPSOT/source pages for complete protocols.,https://www.npsot.org/posts/native-plant/leucophyllum-frutescens/,https://www.bhg.com/how-to-plant-and-grow-texas-sage-8286146#:~:text=How%20to%20Propagate%20Texas%20Sage | https://comalmg.org/focus-on-a-native-32/#:~:text=Cenizo%20propagation%20can%20be%20done | https://www.gardeningknowhow.com/ornamental/shrubs/texas-sage/rooting-texas-sage-cuttings.htm | https://www.missouribotanicalgarden.org/gardens-gardening/your-garden/help-for-the-home-gardener/advice-tips-resources/visual-guides/propagating-plants-by-cuttings#:~:text=Many%20plants%20will%20root%20from,,
Liatris punctata var. mucronata,Liatris punctata var. mucronata,Gayfeather,Asteraceae,Perennial,Deciduous,Herb,Herb,Sun,Sun,Low,Low,1–3,1–2,Dry,"Aug, Sep, Oct, Nov, Dec","Pink, Purple",Butterflies,,,,Woodland and karst upland systems,Karst Outcrops,,gravelly calcareous slope or terrace,gravelly calcareous slope or terrace,Dry; Low; Sun; High; High,High,No,Publish now,Literature-supported microregion assignment; field/GIS confirmation can be added in a later release.,"LBJ/USDA/FNA/USACE support species habitat traits; NRCS/EPA/TPWD links support site/soil/ecoregion/vegetation validation, not species identity.",v1-online-public-draft,2026-05-27,liatris-punctata-var-mucronata,https://www.wildflower.org/plants/result.php?id_plant=LIPUM2,https://www.wildflower.org/plants/result.php?id_plant=LIPUM2,https://plants.usda.gov/home/basicSearchResults?searchString=Liatris+punctata+var.+mucronata,https://floranorthamerica.org/Special:Search?search=Liatris+punctata+var.+mucronata,https://wetland-plants.sec.usace.army.mil/,https://websoilsurvey.nrcs.usda.gov/app/,https://www.epa.gov/eco-research/ecoregions,https://tpwd.texas.gov/landwater/land/programs/landscape-ecology/ems/,"Public dashboard field. Long source prose, photos, image URLs, full source protocols, and page boilerplate are intentionally excluded from public data files. Use linked source pages for full context.",,,,,,,,yes,
Lindera benzoin,Lindera benzoin,"Northern Spicebush, Spicebush, Wild Allspice",Lauraceae,Perennial,Deciduous,Shrub,Shrub,"Shade, Part Shade","Sun, Part Shade, Shade",Medium,Medium,6–12,6–8,"Dry, Moist, Wet","Mar, Apr, May","White, Yellow","Birds, Butterflies","Eastern Tiger Swallowtail, Spicebush Swallowtail",,,Upland prairie and open grassland systems,Shallow Upland Prairie,Karst Outcrops,sandy/loamy upland prairie or open field,sandy/loamy upland prairie or open field,"Dry, Moist, Wet; Medium; Sun, Part Shade, Shade; Medium",Medium,Optional,Publish with caveat,"Usable for public draft release, but should remain flagged as provisional until optional spot-check or field/GIS support is added.","LBJ/USDA/FNA/USACE support species habitat traits; NRCS/EPA/TPWD links support site/soil/ecoregion/vegetation validation, not species identity.",v1-online-public-draft,2026-05-27,lindera-benzoin,https://www.wildflower.org/plants/result.php?id_plant=LIBE3,https://www.wildflower.org/plants/result.php?id_plant=LIBE3,https://plants.usda.gov/home/basicSearchResults?searchString=Lindera+benzoin,https://floranorthamerica.org/Special:Search?search=Lindera+benzoin,https://wetland-plants.sec.usace.army.mil/,https://websoilsurvey.nrcs.usda.gov/app/,https://www.epa.gov/eco-research/ecoregions,https://tpwd.texas.gov/landwater/land/programs/landscape-ecology/ems/,"Public dashboard field. Long source prose, photos, image URLs, full source protocols, and page boilerplate are intentionally excluded from public data files. Use linked source pages for full context.",Region: AGCP AK AW CB EMP GP HI MW NCNE WMVE Status: FACW FAC FACW FACW FACW,Spicebush,Seed,Stratification,Materials listed: Seed. Treatment tags listed: Stratification. Full propagation instructions are not reproduced in this public dataset; use the linked NPSOT/source pages for complete protocols.,https://www.npsot.org/posts/native-plant/lindera-benzoin/,https://www.wildflower.org/plants/result.php?id_plant=LIBE3,,
Lindheimera texana,Lindheimera texana,"Texas Yellowstar, Texas Star, Texas Yellow-star, Lindheimer Daisy",Asteraceae,Annual,Deciduous,Herb,Herb,Sun,Sun,Low–Medium,Low,1–2,1–2,Dry,"Mar, Apr, May",Yellow,,,,,Upland prairie and open grassland systems,Shallow Upland Prairie,,sandy/loamy upland prairie or open field,sandy/loamy upland prairie or open field,Dry; Low; Sun,High,No,Publish now,Literature-supported microregion assignment; field/GIS confirmation can be added in a later release.,"LBJ/USDA/FNA/USACE support species habitat traits; NRCS/EPA/TPWD links support site/soil/ecoregion/vegetation validation, not species identity.",v1-online-public-draft,2026-05-27,lindheimera-texana,https://www.wildflower.org/plants/result.php?id_plant=LITE3,https://www.wildflower.org/plants/result.php?id_plant=LITE3,https://plants.usda.gov/home/basicSearchResults?searchString=Lindheimera+texana,https://floranorthamerica.org/Special:Search?search=Lindheimera+texana,https://wetland-plants.sec.usace.army.mil/,https://websoilsurvey.nrcs.usda.gov/app/,https://www.epa.gov/eco-research/ecoregions,https://tpwd.texas.gov/landwater/land/programs/landscape-ecology/ems/,"Public dashboard field. Long source prose, photos, image URLs, full source protocols, and page boilerplate are intentionally excluded from public data files. Use linked source pages for full context.",,Texas Yellowstar,Seed,No Treatment,Materials listed: Seed. Treatment tags listed: No Treatment. Full propagation instructions are not reproduced in this public dataset; use the linked NPSOT/source pages for complete protocols.,https://www.npsot.org/posts/native-plant/lindheimera-texana/,https://www.gardenstylesanantonio.com/plants/lindheimer-daisy/# | https://www.picturethisai.com/care/Lindheimera_texana.html,yes,
Lobelia cardinalis,Lobelia cardinalis,Cardinal Flower,Campanulaceae,Perennial,Deciduous,Herb,Herb,Part Shade,"Sun, Part Shade, Shade",Medium–High,"Medium, High",2–4,1–2,"Moist, Wet","May, Jun, Jul, Aug, Sep, Oct",Red,"Birds, Butterflies, Hummingbirds",,,,Upland prairie and open grassland systems,Shallow Upland Prairie,,sandy/loamy upland prairie or open field,sandy/loamy upland prairie or open field,"Moist, Wet; Medium, High; Sun, Part Shade, Shade; Medium; Low",High,No,Publish now,Literature-supported microregion assignment; field/GIS confirmation can be added in a later release.,"LBJ/USDA/FNA/USACE support species habitat traits; NRCS/EPA/TPWD links support site/soil/ecoregion/vegetation validation, not species identity.",v1-online-public-draft,2026-05-27,lobelia-cardinalis,https://www.wildflower.org/plants/result.php?id_plant=LOCA2,https://www.wildflower.org/plants/result.php?id_plant=LOCA2,https://plants.usda.gov/home/basicSearchResults?searchString=Lobelia+cardinalis,https://floranorthamerica.org/Special:Search?search=Lobelia+cardinalis,https://wetland-plants.sec.usace.army.mil/,https://websoilsurvey.nrcs.usda.gov/app/,https://www.epa.gov/eco-research/ecoregions,https://tpwd.texas.gov/landwater/land/programs/landscape-ecology/ems/,"Public dashboard field. Long source prose, photos, image URLs, full source protocols, and page boilerplate are intentionally excluded from public data files. Use linked source pages for full context.",Region: AGCP AK AW CB EMP GP HI MW NCNE WMVE Status: FACW OBL FACW FACW OBL OBL FACW,Cardinal Flower,Seed | Stem,Stratification | Layering,Materials listed: Seed | Stem. Treatment tags listed: Stratification | Layering. Full propagation instructions are not reproduced in this public dataset; use the linked NPSOT/source pages for complete protocols.,https://www.npsot.org/posts/native-plant/lobelia-cardinalis/,https://www.wildflower.org/plants/result.php?id_plant=LOCA2,yes,
Lonicera albiflora,Lonicera albiflora,"Western White Honeysuckle, White Shrub Honeysuckle, White Bush Honeysuckle, White Limestone Honeysuckle, Texas Honeysuckle, White Honeysuckle",Caprifoliaceae,Perennial,Deciduous,Vine,Vine,"Sun, Part Shade","Sun, Part Shade",Low–Medium,Low,3–10,6–10,"Dry, Moist","Mar, Apr, May",White,Butterflies,,,,Woodland and karst upland systems,Karst Outcrops,Shallow Upland Prairie,"limestone ledge, cliff, or bluff","limestone ledge, cliff, or bluff","Dry, Moist; Low; Sun, Part Shade",Medium,Optional,Publish with caveat,"Usable for public draft release, but should remain flagged as provisional until optional spot-check or field/GIS support is added.","LBJ/USDA/FNA/USACE support species habitat traits; NRCS/EPA/TPWD links support site/soil/ecoregion/vegetation validation, not species identity.",v1-online-public-draft,2026-05-27,lonicera-albiflora,https://www.wildflower.org/plants/result.php?id_plant=LOAL,https://www.wildflower.org/plants/result.php?id_plant=LOAL,https://plants.usda.gov/home/basicSearchResults?searchString=Lonicera+albiflora,https://floranorthamerica.org/Special:Search?search=Lonicera+albiflora,https://wetland-plants.sec.usace.army.mil/,https://websoilsurvey.nrcs.usda.gov/app/,https://www.epa.gov/eco-research/ecoregions,https://tpwd.texas.gov/landwater/land/programs/landscape-ecology/ems/,"Public dashboard field. Long source prose, photos, image URLs, full source protocols, and page boilerplate are intentionally excluded from public data files. Use linked source pages for full context.",,White Honeysuckle,Seed,Stratification,Materials listed: Seed. Treatment tags listed: Stratification. Full propagation instructions are not reproduced in this public dataset; use the linked NPSOT/source pages for complete protocols.,https://www.npsot.org/posts/native-plant/lonicera-albiflora/,https://www.wildflower.org/plants/result.php?id_plant=LOAL,,
Lonicera sempervirens,Lonicera sempervirens,"Coral Honeysuckle, Trumpet Honeysuckle, Woodbine",Caprifoliaceae,Perennial,Semi-evergreen,Vine,Vine,"Sun, Part Shade","Sun, Part Shade",Low–Medium,Medium,10–20,6–10,Moist,"Mar, Apr, May, Jun","Red, Yellow","Birds, Butterflies, Hummingbirds","Spring Azure, Snowberry Clearwing Moth",,,Upland prairie and open grassland systems,Shallow Upland Prairie,,sandy/loamy upland prairie or open field,sandy/loamy upland prairie or open field,"Moist; Medium; Sun, Part Shade; Medium",High,No,Publish now,Literature-supported microregion assignment; field/GIS confirmation can be added in a later release.,"LBJ/USDA/FNA/USACE support species habitat traits; NRCS/EPA/TPWD links support site/soil/ecoregion/vegetation validation, not species identity.",v1-online-public-draft,2026-05-27,lonicera-sempervirens,https://www.wildflower.org/plants/result.php?id_plant=LOSE,https://www.wildflower.org/plants/result.php?id_plant=LOSE,https://plants.usda.gov/home/basicSearchResults?searchString=Lonicera+sempervirens,https://floranorthamerica.org/Special:Search?search=Lonicera+sempervirens,https://wetland-plants.sec.usace.army.mil/,https://websoilsurvey.nrcs.usda.gov/app/,https://www.epa.gov/eco-research/ecoregions,https://tpwd.texas.gov/landwater/land/programs/landscape-ecology/ems/,"Public dashboard field. Long source prose, photos, image URLs, full source protocols, and page boilerplate are intentionally excluded from public data files. Use linked source pages for full context.",Region: AGCP AK AW CB EMP GP HI MW NCNE WMVE Status: FACU FACU FAC FACU FACU,Coral Honeysuckle,Softwood | Seed,Cutting | Stratification,Materials listed: Softwood | Seed. Treatment tags listed: Cutting | Stratification. Full propagation instructions are not reproduced in this public dataset; use the linked NPSOT/source pages for complete protocols.,https://www.npsot.org/posts/native-plant/lonicera-sempervirens/,https://www.thespruce.com/coral-honeysuckle-guide-5190661 | https://www.wildflower.org/plants/result.php?id_plant=lose,yes,
Ludwigia octovalvis,Ludwigia octovalvis,"Mexican Primrose-willow, Narrow-leaf Water Primrose, Seedbox, Mexican Primrose Willow",Onagraceae,Perennial,Deciduous,Herb,"Herb, Subshrub","Sun, Part Shade","Sun, Part Shade",Medium–High,Medium,2–6,2–4,Moist,"Jul, Aug, Sep, Oct",Yellow,Butterflies,Water-primrose hornworm moth,,,"Aquatic, spring-run, and wetland systems",Aquatic / Spring Runs,Upland Woodland,"marsh, swamp, bog, or wetland margin","marsh, swamp, bog, or wetland margin","Moist; Medium; Sun, Part Shade",Medium,Optional,Publish with caveat,"Usable for public draft release, but should remain flagged as provisional until optional spot-check or field/GIS support is added.","LBJ/USDA/FNA/USACE support species habitat traits; NRCS/EPA/TPWD links support site/soil/ecoregion/vegetation validation, not species identity.",v1-online-public-draft,2026-05-27,ludwigia-octovalvis,https://www.wildflower.org/plants/result.php?id_plant=LUOC,https://www.wildflower.org/plants/result.php?id_plant=LUOC,https://plants.usda.gov/home/basicSearchResults?searchString=Ludwigia+octovalvis,https://floranorthamerica.org/Special:Search?search=Ludwigia+octovalvis,https://wetland-plants.sec.usace.army.mil/,https://websoilsurvey.nrcs.usda.gov/app/,https://www.epa.gov/eco-research/ecoregions,https://tpwd.texas.gov/landwater/land/programs/landscape-ecology/ems/,"Public dashboard field. Long source prose, photos, image URLs, full source protocols, and page boilerplate are intentionally excluded from public data files. Use linked source pages for full context.",Region: AGCP AK AW CB EMP GP HI MW NCNE WMVE Status: OBL OBL OBL OBL OBL OBL,Mexican Primrose Willow,Seed | Stem | Offshoots,No Treatment | Cutting,Materials listed: Seed | Stem | Offshoots. Treatment tags listed: No Treatment | Cutting. Full propagation instructions are not reproduced in this public dataset; use the linked NPSOT/source pages for complete protocols.,https://www.npsot.org/posts/native-plant/ludwigia-octovalvis/,https://www.picturethisai.com/care/Ludwigia_octovalvis.html#:~:text=Key%20care%20points%20include%20ensuring | https://blog.cantonaquatics.com/aqua-eden-chronicles/the-ultimate-guide-to-propagating-ludwigia-repens#:~:text=Simply%20cut%20a%20healthy%20stem,yes,
Lupinus texensis,Lupinus texensis,"Texas Bluebonnet, Bluebonnet, Texas Lupine, Buffalo Clover, Wolf Flower",Fabaceae,Annual,Deciduous,Herb,Herb,Sun,Sun,Low,Low,1–2,1–2,Dry,"Mar, Apr, May","White, Blue",Butterflies,"Hairstreak butterfly, Elfin butterfly",,,Woodland and karst upland systems,Karst Outcrops,Shallow Upland Prairie; Deep Clay Prairie; Ecotone / Edge Thicket,limestone/caliche/calcareous; prairie/open field; deep clay/swale; disturbed/roadside/ditch; dry upland; moist mesic; sunny open,limestone/chalky dry prairies/open fields/roadsides,Dry; Low; Sun; High,High,No,Publish now,Literature-supported microregion assignment; field/GIS confirmation can be added in a later release.,"LBJ/USDA/FNA/USACE support species habitat traits; NRCS/EPA/TPWD links support site/soil/ecoregion/vegetation validation, not species identity.",v1-online-public-draft,2026-05-27,lupinus-texensis,https://www.wildflower.org/plants/result.php?id_plant=LUTE,https://www.wildflower.org/plants/result.php?id_plant=LUTE,https://plants.usda.gov/home/basicSearchResults?searchString=Lupinus+texensis,https://floranorthamerica.org/Special:Search?search=Lupinus+texensis,https://wetland-plants.sec.usace.army.mil/,https://websoilsurvey.nrcs.usda.gov/app/,https://www.epa.gov/eco-research/ecoregions,https://tpwd.texas.gov/landwater/land/programs/landscape-ecology/ems/,"Public dashboard field. Long source prose, photos, image URLs, full source protocols, and page boilerplate are intentionally excluded from public data files. Use linked source pages for full context.",,Texas Bluebonnet,Seed,Scarification,Materials listed: Seed. Treatment tags listed: Scarification. Full propagation instructions are not reproduced in this public dataset; use the linked NPSOT/source pages for complete protocols.,https://www.npsot.org/posts/native-plant/lupinus-texensis/,https://www.wildflower.org/plants/result.php?id_plant=LUTE,,
Maclura pomifera,Maclura pomifera,"Osage Orange, Bois d' Arc, Bodark, Horse Apple, Hedge Apple, Bowwood, Yellowwood, Naranjo Chino, Monkey Brains",Moraceae,Perennial,Deciduous,Tree,Tree,"Sun, Part Shade","Sun, Part Shade",Low–Medium,Medium,30–50,20–30,"Dry, Moist","Apr, May, Jun",Green,Birds,,,,Upland prairie and open grassland systems,Shallow Upland Prairie,,open dry upland prairie/grassland,open dry upland prairie/grassland,"Dry, Moist; Medium; Sun, Part Shade; High",High,No,Publish now,Literature-supported microregion assignment; field/GIS confirmation can be added in a later release.,"LBJ/USDA/FNA/USACE support species habitat traits; NRCS/EPA/TPWD links support site/soil/ecoregion/vegetation validation, not species identity.",v1-online-public-draft,2026-05-27,maclura-pomifera,https://www.wildflower.org/plants/result.php?id_plant=MAPO,https://www.wildflower.org/plants/result.php?id_plant=MAPO,https://plants.usda.gov/home/basicSearchResults?searchString=Maclura+pomifera,https://floranorthamerica.org/Special:Search?search=Maclura+pomifera,https://wetland-plants.sec.usace.army.mil/,https://websoilsurvey.nrcs.usda.gov/app/,https://www.epa.gov/eco-research/ecoregions,https://tpwd.texas.gov/landwater/land/programs/landscape-ecology/ems/,"Public dashboard field. Long source prose, photos, image URLs, full source protocols, and page boilerplate are intentionally excluded from public data files. Use linked source pages for full context.",Region: AGCP AK AW CB EMP GP HI MW NCNE WMVE Status: FACU UPL UPL FACU FACU FACU UPL,Osage Orange,Seed | Hardwood,Scarification | Cutting,Materials listed: Seed | Hardwood. Treatment tags listed: Scarification | Cutting. Full propagation instructions are not reproduced in this public dataset; use the linked NPSOT/source pages for complete protocols.,https://www.npsot.org/posts/native-plant/maclura-pomifera/,https://earthone.io/plant/maclura%20pomifera | https://www.gardenia.net/plant/maclura-pomifera#:~:text=Cuttings%20*%20Take%20hardwood%20cuttings%20in%20late,,
Mahonia swaseyi,Mahonia swaseyi,"Texas Barberry, Texas Oregon-grape",Berberidaceae,Perennial,Evergreen,Shrub,Shrub,Sun,Sun,Low,,3–6,3–6,,"Feb, Mar, Apr",Yellow,Birds,,,,Woodland and karst upland systems,Karst Outcrops,,rocky calcareous limestone outcrop,rocky calcareous limestone outcrop,Sun,High,No,Publish now,Literature-supported microregion assignment; field/GIS confirmation can be added in a later release.,"LBJ/USDA/FNA/USACE support species habitat traits; NRCS/EPA/TPWD links support site/soil/ecoregion/vegetation validation, not species identity.",v1-online-public-draft,2026-05-27,mahonia-swaseyi,https://www.wildflower.org/plants/result.php?id_plant=MASW,https://www.wildflower.org/plants/result.php?id_plant=MASW,https://plants.usda.gov/home/basicSearchResults?searchString=Mahonia+swaseyi,https://floranorthamerica.org/Special:Search?search=Mahonia+swaseyi,https://wetland-plants.sec.usace.army.mil/,https://websoilsurvey.nrcs.usda.gov/app/,https://www.epa.gov/eco-research/ecoregions,https://tpwd.texas.gov/landwater/land/programs/landscape-ecology/ems/,"Public dashboard field. Long source prose, photos, image URLs, full source protocols, and page boilerplate are intentionally excluded from public data files. Use linked source pages for full context.",,,,,,,,,
Mahonia trifoliolata,Mahonia trifoliolata,"Agarita, Agarito, Algerita, Laredo Mahonia, Laredo Oregon-grape, Trifoliate Barberry, Wild Currant",Berberidaceae,Perennial,Evergreen,Shrub,Shrub,Sun,"Sun, Part Shade",Low,Low,3–8,3–6,"Dry, Moist","Feb, Mar, Apr",Yellow,Birds,,,,Woodland and karst upland systems,Karst Outcrops,Shallow Upland Prairie,"limestone ledge, cliff, or bluff","limestone ledge, cliff, or bluff","Dry, Moist; Low; Sun, Part Shade",High,No,Publish now,Literature-supported microregion assignment; field/GIS confirmation can be added in a later release.,"LBJ/USDA/FNA/USACE support species habitat traits; NRCS/EPA/TPWD links support site/soil/ecoregion/vegetation validation, not species identity.",v1-online-public-draft,2026-05-27,mahonia-trifoliolata,https://www.wildflower.org/plants/result.php?id_plant=MATR3,https://www.wildflower.org/plants/result.php?id_plant=MATR3,https://plants.usda.gov/home/basicSearchResults?searchString=Mahonia+trifoliolata,https://floranorthamerica.org/Special:Search?search=Mahonia+trifoliolata,https://wetland-plants.sec.usace.army.mil/,https://websoilsurvey.nrcs.usda.gov/app/,https://www.epa.gov/eco-research/ecoregions,https://tpwd.texas.gov/landwater/land/programs/landscape-ecology/ems/,"Public dashboard field. Long source prose, photos, image URLs, full source protocols, and page boilerplate are intentionally excluded from public data files. Use linked source pages for full context.",,,,,,,,,
Malus ioensis var. texana,Malus ioensis var. texana,Blanco Crabapple,Rosaceae,Perennial,Deciduous,Tree,Tree,Sun,Sun,Medium,Medium,15–25,10–15,Moist,"Apr, May","White, Pink",Birds,,,,Woodland and karst upland systems,Upland Woodland,Karst Outcrops; Riparian Banks; Mesic Canyons & Seeps,stream/river bank; limestone/caliche/calcareous; rocky/ledge/slope; woodland/wood edge; moist mesic; sunny open,"open woods, limestone slopes, along creeks",Moist; Medium; Sun,High,No,Publish now,Literature-supported microregion assignment; field/GIS confirmation can be added in a later release.,"LBJ/USDA/FNA/USACE support species habitat traits; NRCS/EPA/TPWD links support site/soil/ecoregion/vegetation validation, not species identity.",v1-online-public-draft,2026-05-27,malus-ioensis-var-texana,https://www.wildflower.org/plants/result.php?id_plant=MAIOT8,https://www.wildflower.org/plants/result.php?id_plant=MAIOT8,https://plants.usda.gov/home/basicSearchResults?searchString=Malus+ioensis+var.+texana,https://floranorthamerica.org/Special:Search?search=Malus+ioensis+var.+texana,https://wetland-plants.sec.usace.army.mil/,https://websoilsurvey.nrcs.usda.gov/app/,https://www.epa.gov/eco-research/ecoregions,https://tpwd.texas.gov/landwater/land/programs/landscape-ecology/ems/,"Public dashboard field. Long source prose, photos, image URLs, full source protocols, and page boilerplate are intentionally excluded from public data files. Use linked source pages for full context.",,,,,,,,,
Malvaviscus arboreus var. drummondii,Malvaviscus arboreus var. drummondii,Turks Cap,Malvaceae,Perennial,Deciduous,Shrub,Shrub,"Shade, Part Shade","Part Shade, Shade",Low–Medium,Medium,3–10,4–6,"Dry, Moist","May, Jun, Jul, Aug, Sep, Oct, Nov","White, Red","Birds, Butterflies, Hummingbirds",,,,Woodland and karst upland systems,Upland Woodland,Riparian Banks; Karst Outcrops; Mesic Canyons & Seeps; Shallow Upland Prairie,stream/river bank; limestone/caliche/calcareous; rocky/ledge/slope; deep clay/swale; woodland/wood edge; dry upland; moist mesic; shade/part shade,streams/wood edges/wooded limestone slopes and ledges,"Dry, Moist; Medium; Part Shade, Shade",Medium,Optional,Publish with caveat,"Usable for public draft release, but should remain flagged as provisional until optional spot-check or field/GIS support is added.","LBJ/USDA/FNA/USACE support species habitat traits; NRCS/EPA/TPWD links support site/soil/ecoregion/vegetation validation, not species identity.",v1-online-public-draft,2026-05-27,malvaviscus-arboreus-var-drummondii,https://www.wildflower.org/plants/result.php?id_plant=MAARD,https://www.wildflower.org/plants/result.php?id_plant=MAARD,https://plants.usda.gov/home/basicSearchResults?searchString=Malvaviscus+arboreus+var.+drummondii,https://floranorthamerica.org/Special:Search?search=Malvaviscus+arboreus+var.+drummondii,https://wetland-plants.sec.usace.army.mil/,https://websoilsurvey.nrcs.usda.gov/app/,https://www.epa.gov/eco-research/ecoregions,https://tpwd.texas.gov/landwater/land/programs/landscape-ecology/ems/,"Public dashboard field. Long source prose, photos, image URLs, full source protocols, and page boilerplate are intentionally excluded from public data files. Use linked source pages for full context.",,,,,,,,yes,
Manfreda maculosa,Manfreda maculosa,"False Aloe, Spice Lily, Spice-lily",Asparagaceae,Perennial,Deciduous,Succulent,Cactus/Succulent,Sun,"Sun, Part Shade",Low-Medium,Medium,1–2,1–2,"Dry, Moist","Apr, May, Jun, Jul","White, Pink",Butterflies,Manfreda Giant-Skipper,,,Upland prairie and open grassland systems,Shallow Upland Prairie,Deep Clay Prairie; Shallow Upland Prairie,sandy/loamy upland prairie or open field,sandy/loamy upland prairie or open field,"Dry, Moist; Medium; Sun, Part Shade",High,No,Publish now,Literature-supported microregion assignment; field/GIS confirmation can be added in a later release.,"LBJ/USDA/FNA/USACE support species habitat traits; NRCS/EPA/TPWD links support site/soil/ecoregion/vegetation validation, not species identity.",v1-online-public-draft,2026-05-27,manfreda-maculosa,https://www.wildflower.org/plants/result.php?id_plant=MAMA7,https://www.wildflower.org/plants/result.php?id_plant=MAMA7,https://plants.usda.gov/home/basicSearchResults?searchString=Manfreda+maculosa,https://floranorthamerica.org/Special:Search?search=Manfreda+maculosa,https://wetland-plants.sec.usace.army.mil/,https://websoilsurvey.nrcs.usda.gov/app/,https://www.epa.gov/eco-research/ecoregions,https://tpwd.texas.gov/landwater/land/programs/landscape-ecology/ems/,"Public dashboard field. Long source prose, photos, image URLs, full source protocols, and page boilerplate are intentionally excluded from public data files. Use linked source pages for full context.",,,,,,,,yes,
Marshallia caespitosa,Marshallia caespitosa,"Barbara's-buttons, Puffballs, White Barbara's-buttons, Barbara's Buttons",Asteraceae,Perennial,Deciduous,Herb,Herb,Sun,"Sun, Part Shade",Medium,Low,1–2,1–2,Dry,"Apr, May, Jun","White, Pink, Purple",,,,,Upland prairie and open grassland systems,Shallow Upland Prairie,Karst Outcrops,sandy/loamy upland prairie or open field,sandy/loamy upland prairie or open field,"Dry; Low; Sun, Part Shade",High,No,Publish now,Literature-supported microregion assignment; field/GIS confirmation can be added in a later release.,"LBJ/USDA/FNA/USACE support species habitat traits; NRCS/EPA/TPWD links support site/soil/ecoregion/vegetation validation, not species identity.",v1-online-public-draft,2026-05-27,marshallia-caespitosa,https://www.wildflower.org/plants/result.php?id_plant=MACA7,https://www.wildflower.org/plants/result.php?id_plant=MACA7,https://plants.usda.gov/home/basicSearchResults?searchString=Marshallia+caespitosa,https://floranorthamerica.org/Special:Search?search=Marshallia+caespitosa,https://wetland-plants.sec.usace.army.mil/,https://websoilsurvey.nrcs.usda.gov/app/,https://www.epa.gov/eco-research/ecoregions,https://tpwd.texas.gov/landwater/land/programs/landscape-ecology/ems/,"Public dashboard field. Long source prose, photos, image URLs, full source protocols, and page boilerplate are intentionally excluded from public data files. Use linked source pages for full context.",Region: AGCP AK AW CB EMP GP HI MW NCNE WMVE Status: FACU FACU FAC UPL,Barbara's Buttons,Seed | Clump division,No Treatment | Division,Materials listed: Seed | Clump division. Treatment tags listed: No Treatment | Division. Full propagation instructions are not reproduced in this public dataset; use the linked NPSOT/source pages for complete protocols.,https://www.npsot.org/posts/native-plant/marshallia-caespitosa/,https://propagate.one/how-to-propagate-marshallia-caespitosa/ | https://greg.app/barbaras-buttons-overview/#:~:text=%F0%9F%8C%B1%20Seed%20Propagation,yes,
Marsilea macropoda,Marsilea macropoda,"Bigfoot Water-clover, Water-clover, Clover-fern, Largefoot Pepperwort",Marsileaceae,Perennial,Deciduous,Fern,"Herb, Fern","Sun, Part Shade","Sun, Part Shade, Shade",Medium,"Medium, High",0.5–1,2–3,Wet,May–October,Not Applicable,,,,,"Aquatic, spring-run, and wetland systems",Aquatic / Spring Runs,,pond/lake margin or shallow open water,pond/lake margin or shallow open water,"Wet; Medium, High; Sun, Part Shade, Shade",High,No,Publish now,Literature-supported microregion assignment; field/GIS confirmation can be added in a later release.,"LBJ/USDA/FNA/USACE support species habitat traits; NRCS/EPA/TPWD links support site/soil/ecoregion/vegetation validation, not species identity.",v1-online-public-draft,2026-05-27,marsilea-macropoda,https://www.wildflower.org/plants/result.php?id_plant=MAMA9,https://www.wildflower.org/plants/result.php?id_plant=MAMA9,https://plants.usda.gov/home/basicSearchResults?searchString=Marsilea+macropoda,https://floranorthamerica.org/Special:Search?search=Marsilea+macropoda,https://wetland-plants.sec.usace.army.mil/,https://websoilsurvey.nrcs.usda.gov/app/,https://www.epa.gov/eco-research/ecoregions,https://tpwd.texas.gov/landwater/land/programs/landscape-ecology/ems/,"Public dashboard field. Long source prose, photos, image URLs, full source protocols, and page boilerplate are intentionally excluded from public data files. Use linked source pages for full context.",Region: AGCP AK AW CB EMP GP HI MW NCNE WMVE Status: OBL OBL,Bigfoot Waterclover,Seed | Clump,No Treatment | Division,Materials listed: Seed | Clump. Treatment tags listed: No Treatment | Division. Full propagation instructions are not reproduced in this public dataset; use the linked NPSOT/source pages for complete protocols.,https://www.npsot.org/posts/native-plant/marsilea-macropoda/,https://www.picturethisai.com/care/Marsilea_vestita.html# | https://www.wildflower.org/plants/result.php?id_plant=MAMA9,,
Matelea biflora,Matelea biflora,"Star Milkvine, Purple Milkweed Vine",Apocynaceae,Perennial,Deciduous,Vine,Vine,"Sun, Part Shade","Sun, Part Shade",Low–Medium,,6–10,4–6,Dry,"Mar, Apr, May, Jun","Purple, Brown",,,,,Upland prairie and open grassland systems,Shallow Upland Prairie,,open dry upland prairie/grassland,open dry upland prairie/grassland,"Dry; Sun, Part Shade",High,No,Publish now,Literature-supported microregion assignment; field/GIS confirmation can be added in a later release.,"LBJ/USDA/FNA/USACE support species habitat traits; NRCS/EPA/TPWD links support site/soil/ecoregion/vegetation validation, not species identity.",v1-online-public-draft,2026-05-27,matelea-biflora,https://www.wildflower.org/plants/result.php?id_plant=MABI6,https://www.wildflower.org/plants/result.php?id_plant=MABI6,https://plants.usda.gov/home/basicSearchResults?searchString=Matelea+biflora,https://floranorthamerica.org/Special:Search?search=Matelea+biflora,https://wetland-plants.sec.usace.army.mil/,https://websoilsurvey.nrcs.usda.gov/app/,https://www.epa.gov/eco-research/ecoregions,https://tpwd.texas.gov/landwater/land/programs/landscape-ecology/ems/,"Public dashboard field. Long source prose, photos, image URLs, full source protocols, and page boilerplate are intentionally excluded from public data files. Use linked source pages for full context.",,Purple Milkweed Vine,Seed | Stem,Scarification | Stratification | Cutting,Materials listed: Seed | Stem. Treatment tags listed: Scarification | Stratification | Cutting. Full propagation instructions are not reproduced in this public dataset; use the linked NPSOT/source pages for complete protocols.,https://www.npsot.org/posts/native-plant/matelea-biflora/,https://plantflowerseeds.com/products/matelea-biflora#:~:text=Germinating%20Matelea%20biflora%20seeds%20can | https://greg.app/matelea-biflora-overview/#:~:text=Start%20by%20collecting%20seeds%20from,,
Matelea reticulata,Matelea reticulata,"Pearl Milkweed Vine, Netted Milkvine, Green Milkweed Vine, Net Vein Milkvine",Apocynaceae,Perennial,Deciduous,Vine,Vine,"Sun, Part Shade",Part Shade,Low,Low,6–10,4–6,Dry,"Mar, Apr, May, Jun, Jul, Aug, Sep, Oct, Nov","White, Green",,,,,Woodland and karst upland systems,Upland Woodland,Ecotone / Edge Thicket; Karst Outcrops; Shallow Upland Prairie,rocky/ledge/slope; woodland/wood edge; dry upland; moist mesic; shade/part shade,sandy/rocky soil in open woodlands and forest edges,Dry; Low; Part Shade,High,No,Publish now,Literature-supported microregion assignment; field/GIS confirmation can be added in a later release.,"LBJ/USDA/FNA/USACE support species habitat traits; NRCS/EPA/TPWD links support site/soil/ecoregion/vegetation validation, not species identity.",v1-online-public-draft,2026-05-27,matelea-reticulata,https://www.wildflower.org/plants/result.php?id_plant=MARE4,https://www.wildflower.org/plants/result.php?id_plant=MARE4,https://plants.usda.gov/home/basicSearchResults?searchString=Matelea+reticulata,https://floranorthamerica.org/Special:Search?search=Matelea+reticulata,https://wetland-plants.sec.usace.army.mil/,https://websoilsurvey.nrcs.usda.gov/app/,https://www.epa.gov/eco-research/ecoregions,https://tpwd.texas.gov/landwater/land/programs/landscape-ecology/ems/,"Public dashboard field. Long source prose, photos, image URLs, full source protocols, and page boilerplate are intentionally excluded from public data files. Use linked source pages for full context.",,Pearl Milkweed Vine,Seed | Stem | Root,No Treatment | Cutting | Division,Materials listed: Seed | Stem | Root. Treatment tags listed: No Treatment | Cutting | Division. Full propagation instructions are not reproduced in this public dataset; use the linked NPSOT/source pages for complete protocols.,https://www.npsot.org/posts/native-plant/matelea-reticulata/,https://www.wildflower.org/plants/result.php?id_plant=MARE4 | https://greg.app/green-milkweed-vine-overview/,,
Maurandella antirrhiniflora,Maurandella antirrhiniflora,"Snapdragon Vine, Roving Sailor, Climbing Snapdragon, Little Snapdragon Vine",Plantaginaceae,Perennial,Deciduous,Vine,Vine,"Sun, Part Shade",Part Shade,Low–Medium,Medium,3–6,4–8,Dry,"Mar, Apr, May, Jun, Jul, Aug, Sep, Oct","Purple, Violet",Butterflies,Common buckeye,,,Woodland and karst upland systems,Karst Outcrops,,"limestone ledge, cliff, or bluff","limestone ledge, cliff, or bluff",Dry; Medium; Part Shade; High,High,No,Publish now,Literature-supported microregion assignment; field/GIS confirmation can be added in a later release.,"LBJ/USDA/FNA/USACE support species habitat traits; NRCS/EPA/TPWD links support site/soil/ecoregion/vegetation validation, not species identity.",v1-online-public-draft,2026-05-27,maurandella-antirrhiniflora,https://www.wildflower.org/plants/result.php?id_plant=MAAN9,https://www.wildflower.org/plants/result.php?id_plant=MAAN9,https://plants.usda.gov/home/basicSearchResults?searchString=Maurandella+antirrhiniflora,https://floranorthamerica.org/Special:Search?search=Maurandella+antirrhiniflora,https://wetland-plants.sec.usace.army.mil/,https://websoilsurvey.nrcs.usda.gov/app/,https://www.epa.gov/eco-research/ecoregions,https://tpwd.texas.gov/landwater/land/programs/landscape-ecology/ems/,"Public dashboard field. Long source prose, photos, image URLs, full source protocols, and page boilerplate are intentionally excluded from public data files. Use linked source pages for full context.",,Snapdragon Vine,Seed | Stem,No Treatment | Cutting,Materials listed: Seed | Stem. Treatment tags listed: No Treatment | Cutting. Full propagation instructions are not reproduced in this public dataset; use the linked NPSOT/source pages for complete protocols.,https://www.npsot.org/posts/native-plant/maurandella-antirrhiniflora/,https://propagate.one/how-to-propagate-maurandella-antirrhiniflora/?print=pdf,,
Melampodium leucanthum,Melampodium leucanthum,"Blackfoot Daisy, Rock Daisy, Plains Blackfoot, Arnica",Asteraceae,Perennial,Deciduous,Herb,Herb,Sun,"Sun, Part Shade",Low,Low,1–2,2–3,Dry,"Mar, Apr, May, Jun, Jul, Aug, Sep, Oct, Nov","White, Yellow",,,,,Woodland and karst upland systems,Karst Outcrops,Shallow Upland Prairie,gravelly calcareous slope or terrace,gravelly calcareous slope or terrace,"Dry; Low; Sun, Part Shade",Medium,Optional,Publish with caveat,"Usable for public draft release, but should remain flagged as provisional until optional spot-check or field/GIS support is added.","LBJ/USDA/FNA/USACE support species habitat traits; NRCS/EPA/TPWD links support site/soil/ecoregion/vegetation validation, not species identity.",v1-online-public-draft,2026-05-27,melampodium-leucanthum,https://www.wildflower.org/plants/result.php?id_plant=MELE2,https://www.wildflower.org/plants/result.php?id_plant=MELE2,https://plants.usda.gov/home/basicSearchResults?searchString=Melampodium+leucanthum,https://floranorthamerica.org/Special:Search?search=Melampodium+leucanthum,https://wetland-plants.sec.usace.army.mil/,https://websoilsurvey.nrcs.usda.gov/app/,https://www.epa.gov/eco-research/ecoregions,https://tpwd.texas.gov/landwater/land/programs/landscape-ecology/ems/,"Public dashboard field. Long source prose, photos, image URLs, full source protocols, and page boilerplate are intentionally excluded from public data files. Use linked source pages for full context.",,Blackfoot Daisy,Seed | Stem,No Treatment | Cutting,Materials listed: Seed | Stem. Treatment tags listed: No Treatment | Cutting. Full propagation instructions are not reproduced in this public dataset; use the linked NPSOT/source pages for complete protocols.,https://www.npsot.org/posts/native-plant/melampodium-leucanthum/,https://www.bhg.com/gardening/plant-dictionary/annual/melampodium/#:~:text=How%20to%20Propagate%20Melampodium | https://plantiary.com/plant/melampodium-leucanthum_1074.html#:~:text=To%20propagate%20this%20plant%2C%20you,,
Menodora longiflora,Menodora longiflora,"Showy Menodora, Longflower menodora",Oleaceae,Perennial,Deciduous,Herb,Herb,"Sun, Part Shade",Part Shade,Low,Low,1–3,,Dry,"Mar, Apr, May, Jun, Jul, Aug, Sep, Oct",Yellow,,,,,Woodland and karst upland systems,Karst Outcrops,Riparian Banks; Mesic Canyons & Seeps; Shallow Upland Prairie,stream/river bank; ravine/canyon/depression; limestone/caliche/calcareous; deep clay/swale; dry upland; moist mesic; shade/part shade,canyons and stream/river banks; limestone/calcareous soils,Dry; Low; Part Shade,High,No,Publish now,Literature-supported microregion assignment; field/GIS confirmation can be added in a later release.,"LBJ/USDA/FNA/USACE support species habitat traits; NRCS/EPA/TPWD links support site/soil/ecoregion/vegetation validation, not species identity.",v1-online-public-draft,2026-05-27,menodora-longiflora,https://www.wildflower.org/plants/result.php?id_plant=MELO2,https://www.wildflower.org/plants/result.php?id_plant=MELO2,https://plants.usda.gov/home/basicSearchResults?searchString=Menodora+longiflora,https://floranorthamerica.org/Special:Search?search=Menodora+longiflora,https://wetland-plants.sec.usace.army.mil/,https://websoilsurvey.nrcs.usda.gov/app/,https://www.epa.gov/eco-research/ecoregions,https://tpwd.texas.gov/landwater/land/programs/landscape-ecology/ems/,"Public dashboard field. Long source prose, photos, image URLs, full source protocols, and page boilerplate are intentionally excluded from public data files. Use linked source pages for full context.",,Showy Menodora,Seed | Stem,No Treatment | Scarification | Cutting,Materials listed: Seed | Stem. Treatment tags listed: No Treatment | Scarification | Cutting. Full propagation instructions are not reproduced in this public dataset; use the linked NPSOT/source pages for complete protocols.,https://www.npsot.org/posts/native-plant/menodora-longiflora/,https://www.picturethisai.com/care/propagate/Menodora_longiflora.html#:~:text=Showy%20menodora%20thrives%20well%20in | https://www.forwardplant.com/plant-info/menodora-longiflora/,,
Merremia dissecta,Merremia dissecta,"Alamo Vine, Noyau Vine, Correhuela De Las Doce",Convolvulaceae,Perennial,Deciduous,Vine,Vine,"Sun, Part Shade","Sun, Part Shade",Low–Medium,"Low, Medium",6–12,4–8,"Dry, Moist","May, Jun, Jul, Aug, Sep, Oct, Nov",White,Butterflies,,,,"Ecotone, thicket, and disturbance-edge systems",Ecotone / Edge Thicket,Riparian Banks; Shallow Upland Prairie,stream/river bank; disturbed/roadside/ditch; dry upland; moist mesic; sunny open; shade/part shade,"open/disturbed areas, stream banks, dry central Texas soils","Dry, Moist; Low, Medium; Sun, Part Shade",High,No,Publish now,Literature-supported microregion assignment; field/GIS confirmation can be added in a later release.,"LBJ/USDA/FNA/USACE support species habitat traits; NRCS/EPA/TPWD links support site/soil/ecoregion/vegetation validation, not species identity.",v1-online-public-draft,2026-05-27,merremia-dissecta,https://www.wildflower.org/plants/result.php?id_plant=MEDI2,https://www.wildflower.org/plants/result.php?id_plant=MEDI2,https://plants.usda.gov/home/basicSearchResults?searchString=Merremia+dissecta,https://floranorthamerica.org/Special:Search?search=Merremia+dissecta,https://wetland-plants.sec.usace.army.mil/,https://websoilsurvey.nrcs.usda.gov/app/,https://www.epa.gov/eco-research/ecoregions,https://tpwd.texas.gov/landwater/land/programs/landscape-ecology/ems/,"Public dashboard field. Long source prose, photos, image URLs, full source protocols, and page boilerplate are intentionally excluded from public data files. Use linked source pages for full context.",Region: AGCP AK AW CB EMP GP HI MW NCNE WMVE Status: FACU FAC FACU FACU FAC,Alamo Vine,Seed | Stem | Root,Scarification | Cutting,Materials listed: Seed | Stem | Root. Treatment tags listed: Scarification | Cutting. Full propagation instructions are not reproduced in this public dataset; use the linked NPSOT/source pages for complete protocols.,https://www.npsot.org/posts/native-plant/merremia-dissecta/,https://floridaseeds.net/products/cutleaf-morning-glory-merremia-dissecta-organic-10-fresh-seeds-free-us-shipping | https://plantiary.com/plant/merremia-dissecta_5590.html | https://sharonsflorida.com/plants-page/native-vines/noyau-vine/,,
Mimosa borealis,Mimosa borealis,"Fragrant Mimosa, Pink Mimosa",Fabaceae,Perennial,Deciduous,Shrub,Shrub,"Sun, Part Shade","Sun, Part Shade",Low,Low,3–6,4–6,Dry,"Mar, Apr, May, Jun, Jul",Pink,,,,,Woodland and karst upland systems,Karst Outcrops,,rocky calcareous limestone outcrop,rocky calcareous limestone outcrop,"Dry; Low; Sun, Part Shade",High,No,Publish now,Literature-supported microregion assignment; field/GIS confirmation can be added in a later release.,"LBJ/USDA/FNA/USACE support species habitat traits; NRCS/EPA/TPWD links support site/soil/ecoregion/vegetation validation, not species identity.",v1-online-public-draft,2026-05-27,mimosa-borealis,https://www.wildflower.org/plants/result.php?id_plant=MIBO2,https://www.wildflower.org/plants/result.php?id_plant=MIBO2,https://plants.usda.gov/home/basicSearchResults?searchString=Mimosa+borealis,https://floranorthamerica.org/Special:Search?search=Mimosa+borealis,https://wetland-plants.sec.usace.army.mil/,https://websoilsurvey.nrcs.usda.gov/app/,https://www.epa.gov/eco-research/ecoregions,https://tpwd.texas.gov/landwater/land/programs/landscape-ecology/ems/,"Public dashboard field. Long source prose, photos, image URLs, full source protocols, and page boilerplate are intentionally excluded from public data files. Use linked source pages for full context.",,,,,,,,yes,
Mimosa texana,Mimosa texana,Texas Mimosa,Fabaceae,Perennial,Deciduous,Shrub,Shrub,Part Shade,Part Shade,Low,Low,5,4,Dry,"May, Jun, Jul, Aug, Sep","White, Pink",,,,,Upland prairie and open grassland systems,Shallow Upland Prairie,Deep Clay Prairie; Karst Outcrops,dry upland prairie slope,dry upland prairie slope,Dry; Low; Part Shade,High,No,Publish now,Literature-supported microregion assignment; field/GIS confirmation can be added in a later release.,"LBJ/USDA/FNA/USACE support species habitat traits; NRCS/EPA/TPWD links support site/soil/ecoregion/vegetation validation, not species identity.",v1-online-public-draft,2026-05-27,mimosa-texana,https://www.wildflower.org/plants/result.php?id_plant=MITE6,https://www.wildflower.org/plants/result.php?id_plant=MITE6,https://plants.usda.gov/home/basicSearchResults?searchString=Mimosa+texana,https://floranorthamerica.org/Special:Search?search=Mimosa+texana,https://wetland-plants.sec.usace.army.mil/,https://websoilsurvey.nrcs.usda.gov/app/,https://www.epa.gov/eco-research/ecoregions,https://tpwd.texas.gov/landwater/land/programs/landscape-ecology/ems/,"Public dashboard field. Long source prose, photos, image URLs, full source protocols, and page boilerplate are intentionally excluded from public data files. Use linked source pages for full context.",,,,,,,,,
Monarda citriodora,Monarda citriodora,"Lemon Beebalm, Purple Horsemint, Lemon Mint, Plains Horsemint, Lemon Horsemint, Horsemint, Purple Lemon Mint",Lamiaceae,Annual,Deciduous,Herb,Herb,Sun,"Sun, Part Shade",Low,Low,1–3,1–2,Dry,"May, Jun, Jul","White, Pink, Purple","Butterflies, Hummingbirds",,,,Upland prairie and open grassland systems,Shallow Upland Prairie,,dry upland prairie slope,dry upland prairie slope,"Dry; Low; Sun, Part Shade",High,No,Publish now,Literature-supported microregion assignment; field/GIS confirmation can be added in a later release.,"LBJ/USDA/FNA/USACE support species habitat traits; NRCS/EPA/TPWD links support site/soil/ecoregion/vegetation validation, not species identity.",v1-online-public-draft,2026-05-27,monarda-citriodora,https://www.wildflower.org/plants/result.php?id_plant=MOCI,https://www.wildflower.org/plants/result.php?id_plant=MOCI,https://plants.usda.gov/home/basicSearchResults?searchString=Monarda+citriodora,https://floranorthamerica.org/Special:Search?search=Monarda+citriodora,https://wetland-plants.sec.usace.army.mil/,https://websoilsurvey.nrcs.usda.gov/app/,https://www.epa.gov/eco-research/ecoregions,https://tpwd.texas.gov/landwater/land/programs/landscape-ecology/ems/,"Public dashboard field. Long source prose, photos, image URLs, full source protocols, and page boilerplate are intentionally excluded from public data files. Use linked source pages for full context.",,Horsemint,Seed | Offshoots | Clump,No Treatment | Cutting | Division,Materials listed: Seed | Offshoots | Clump. Treatment tags listed: No Treatment | Cutting | Division. Full propagation instructions are not reproduced in this public dataset; use the linked NPSOT/source pages for complete protocols.,https://www.npsot.org/posts/native-plant/monarda-citriodora/,https://pfaf.org/user/Plant.aspx?LatinName=Monarda+citriodora#:~:text=Plant%20Propagation,yes,
Monarda fistulosa,Monarda fistulosa,Wild Bergamot,Lamiaceae,Perennial,Deciduous,Herb,Herb,"Sun, Part Shade","Sun, Part Shade",Medium,Medium,2–3,,"Dry, Moist","May, Jun, Jul, Aug, Sep","White, Pink, Purple","Birds, Butterflies, Hummingbirds",,,,Upland prairie and open grassland systems,Shallow Upland Prairie,,sandy/loamy upland prairie or open field,sandy/loamy upland prairie or open field,"Dry, Moist; Medium; Sun, Part Shade; Medium; Medium",High,No,Publish now,Literature-supported microregion assignment; field/GIS confirmation can be added in a later release.,"LBJ/USDA/FNA/USACE support species habitat traits; NRCS/EPA/TPWD links support site/soil/ecoregion/vegetation validation, not species identity.",v1-online-public-draft,2026-05-27,monarda-fistulosa,https://www.wildflower.org/plants/result.php?id_plant=MOFI,https://www.wildflower.org/plants/result.php?id_plant=MOFI,https://plants.usda.gov/home/basicSearchResults?searchString=Monarda+fistulosa,https://floranorthamerica.org/Special:Search?search=Monarda+fistulosa,https://wetland-plants.sec.usace.army.mil/,https://websoilsurvey.nrcs.usda.gov/app/,https://www.epa.gov/eco-research/ecoregions,https://tpwd.texas.gov/landwater/land/programs/landscape-ecology/ems/,"Public dashboard field. Long source prose, photos, image URLs, full source protocols, and page boilerplate are intentionally excluded from public data files. Use linked source pages for full context.",Region: AGCP AK AW CB EMP GP HI MW NCNE WMVE Status: FACU FACU UPL UPL FACU FACU FACU,Beebalm,Stem | Seed | Clump,Division | Stratification | No Treatment,Materials listed: Stem | Seed | Clump. Treatment tags listed: Division | Stratification | No Treatment. Full propagation instructions are not reproduced in this public dataset; use the linked NPSOT/source pages for complete protocols.,https://www.npsot.org/posts/native-plant/monarda-fistulosa/,https://plants.usda.gov/DocumentLibrary/plantguide/pdf/cs_mofi.pdf | https://www.wildflower.org/plants/result.php?id_plant=MOFI | https://warcapps.usgs.gov/PlantID/Species/Details/2628#:~:text=Propagation%20by%20seeds%20is%20easy | https://pfaf.org/user/Plant.aspx?LatinName=Monarda+fistulosa#:~:text=Plant%20Propagation | https://npn.rngr.net/renderNPNProtocolDetails?selectedProtocolIds=lamiaceae-monarda-95#:~:text=Ecotype:,yes,
Monarda punctata,Monarda punctata,Spotted Beebalm,Lamiaceae,Perennial,Deciduous,Herb,Herb,Full Sun to Part Shade,Sun,Dry to Moist,Low,2–3,1–2,Dry,"Apr, May, Jun, Jul, Aug, Sep, Oct","White, Pink, Yellow, Green, Purple",Butterflies,,,,Upland prairie and open grassland systems,Shallow Upland Prairie,,sandy/loamy upland prairie or open field,sandy/loamy upland prairie or open field,Dry; Low; Sun,High,No,Publish now,Literature-supported microregion assignment; field/GIS confirmation can be added in a later release.,"LBJ/USDA/FNA/USACE support species habitat traits; NRCS/EPA/TPWD links support site/soil/ecoregion/vegetation validation, not species identity.",v1-online-public-draft,2026-05-27,monarda-punctata,https://www.wildflower.org/plants/result.php?id_plant=MOPU,https://www.wildflower.org/plants/result.php?id_plant=MOPU,https://plants.usda.gov/home/basicSearchResults?searchString=Monarda+punctata,https://floranorthamerica.org/Special:Search?search=Monarda+punctata,https://wetland-plants.sec.usace.army.mil/,https://websoilsurvey.nrcs.usda.gov/app/,https://www.epa.gov/eco-research/ecoregions,https://tpwd.texas.gov/landwater/land/programs/landscape-ecology/ems/,"Public dashboard field. Long source prose, photos, image URLs, full source protocols, and page boilerplate are intentionally excluded from public data files. Use linked source pages for full context.",Region: AGCP AK AW CB EMP GP HI MW NCNE WMVE Status: FACU UPL UPL UPL UPL UPL UPL,Spotted Beebalm,Seed | Stem | Clump,No Treatment | Cutting | Division,Materials listed: Seed | Stem | Clump. Treatment tags listed: No Treatment | Cutting | Division. Full propagation instructions are not reproduced in this public dataset; use the linked NPSOT/source pages for complete protocols.,https://www.npsot.org/posts/native-plant/monarda-punctata/,https://www.epicgardening.com/spotted-bee-balm/ | https://pfaf.org/user/Plant.aspx?LatinName=Monarda+punctata#:~:text=Plant%20Propagation | https://www.gardeningknowhow.com/ornamental/flowers/how-to-grow-horsemint | https://earthone.io/plant/monarda%20punctata,yes,
Morus microphylla,Morus microphylla,"Texas Mulberry, Littleleaf Mulberry, Mountain Mulberry, Mexican Mulberry, Dwarf Mulberry",Moraceae,Perennial,Deciduous,Tree,Tree,"Sun, Part Shade",Part Shade,Low–Medium,Low,20–30,15–20,Dry,"Mar, Apr, May","Red, Green",Birds,,,,Upland prairie and open grassland systems,Shallow Upland Prairie,Karst Outcrops,dry upland prairie slope,dry upland prairie slope,Dry; Low; Part Shade,Medium,Optional,Publish with caveat,"Usable for public draft release, but should remain flagged as provisional until optional spot-check or field/GIS support is added.","LBJ/USDA/FNA/USACE support species habitat traits; NRCS/EPA/TPWD links support site/soil/ecoregion/vegetation validation, not species identity.",v1-online-public-draft,2026-05-27,morus-microphylla,https://www.wildflower.org/plants/result.php?id_plant=MOMI,https://www.wildflower.org/plants/result.php?id_plant=MOMI,https://plants.usda.gov/home/basicSearchResults?searchString=Morus+microphylla,https://floranorthamerica.org/Special:Search?search=Morus+microphylla,https://wetland-plants.sec.usace.army.mil/,https://websoilsurvey.nrcs.usda.gov/app/,https://www.epa.gov/eco-research/ecoregions,https://tpwd.texas.gov/landwater/land/programs/landscape-ecology/ems/,"Public dashboard field. Long source prose, photos, image URLs, full source protocols, and page boilerplate are intentionally excluded from public data files. Use linked source pages for full context.",Region: AGCP AK AW CB EMP GP HI MW NCNE WMVE Status: FACU UPL FACU,,,,,,,,
Morus rubra,Morus rubra,"Red Mulberry, Moral",Moraceae,Perennial,Deciduous,Tree,Tree,"Sun, Part Shade","Sun, Part Shade, Shade",Medium,Medium,35–60,30–40,"Dry, Moist","Mar, Apr, May, Jun, Jul, Aug","White, Red, Green, Brown","Birds, Butterflies",Mourning Cloak.,Carolina Chickadee (Poecile carolinensis); Downy Woodpecker (Dryobates pubescens); Red-eyed Vireo (Vireo olivaceus); Summer Tanager (Piranga rubra); Yellow Warbler (Setophaga petechia),NPSOT Red Mulberry: https://www.npsot.org/posts/native-plant/morus-rubra/,Riparian and floodplain systems,Riparian Banks,Shallow Upland Prairie,stream/river bank,stream/river bank,"Dry, Moist; Medium; Sun, Part Shade, Shade; Medium",High,No,Publish now,Literature-supported microregion assignment; field/GIS confirmation can be added in a later release.,"LBJ/USDA/FNA/USACE support species habitat traits; NRCS/EPA/TPWD links support site/soil/ecoregion/vegetation validation, not species identity.",v1-online-public-draft,2026-05-27,morus-rubra,https://www.wildflower.org/plants/result.php?id_plant=MORU2,https://www.wildflower.org/plants/result.php?id_plant=MORU2,https://plants.usda.gov/home/basicSearchResults?searchString=Morus+rubra,https://floranorthamerica.org/Special:Search?search=Morus+rubra,https://wetland-plants.sec.usace.army.mil/,https://websoilsurvey.nrcs.usda.gov/app/,https://www.epa.gov/eco-research/ecoregions,https://tpwd.texas.gov/landwater/land/programs/landscape-ecology/ems/,"Public dashboard field. Long source prose, photos, image URLs, full source protocols, and page boilerplate are intentionally excluded from public data files. Use linked source pages for full context.",Region: AGCP AK AW CB EMP GP HI MW NCNE WMVE Status: FACU FACU FACU FACU FACU FACU FACU,Red Mulberry,Seed | Hardwood,Stratification | Cutting,Materials listed: Seed | Hardwood. Treatment tags listed: Stratification | Cutting. Full propagation instructions are not reproduced in this public dataset; use the linked NPSOT/source pages for complete protocols.,https://www.npsot.org/posts/native-plant/morus-rubra/,https://lovenativeplants.com/blog/redmulberry#:~:text=Propagation%20Tips:%20Collect%20fruit%20around | https://woodlanders.net/products/morus-rubra#:~:text=Propagation:%20Morus%20rubra%20can%20be | https://hort.ifas.ufl.edu/database/lppi/sp258.shtml,,
Muhlenbergia dubia,Muhlenbergia dubia,Pine Muhly,Poaceae,Perennial,,,Grass/Grass-like,,Sun,,Low,,,Dry,"Aug, Sep, Oct",White,,,,,,,,,,,,,,,,,,,https://www.wildflower.org/plants/result.php?id_plant=MUDU,,,,,,,,"Public dashboard field. Long source prose, photos, image URLs, full source protocols, and page boilerplate are intentionally excluded from public data files. Use linked source pages for full context.",,Pine Muhly,Seed,No Treatment,Materials listed: Seed. Treatment tags listed: No Treatment. Full propagation instructions are not reproduced in this public dataset; use the linked NPSOT/source pages for complete protocols.,https://www.npsot.org/posts/native-plant/muhlenbergia-dubia/,https://www.wildflower.org/plants/result.php?id_plant=MUDU,,
Muhlenbergia lindheimeri,Muhlenbergia lindheimeri,"Lindheimer's Muhly, Lindheimer Muhly, Big Muhly, Blue Muhly",Poaceae,Perennial,Evergreen,Grass,Grass/Grass-like,Sun,Sun,Low,Medium,3–5,2–4,"Dry, Moist","May, Jun, Jul, Aug, Sep, Oct, Nov",White,,,,,Woodland and karst upland systems,Karst Outcrops,,rocky calcareous limestone outcrop,rocky calcareous limestone outcrop,"Dry, Moist; Medium; Sun",High,No,Publish now,Literature-supported microregion assignment; field/GIS confirmation can be added in a later release.,"LBJ/USDA/FNA/USACE support species habitat traits; NRCS/EPA/TPWD links support site/soil/ecoregion/vegetation validation, not species identity.",v1-online-public-draft,2026-05-27,muhlenbergia-lindheimeri,https://www.wildflower.org/plants/result.php?id_plant=MULI,https://www.wildflower.org/plants/result.php?id_plant=MULI,https://plants.usda.gov/home/basicSearchResults?searchString=Muhlenbergia+lindheimeri,https://floranorthamerica.org/Special:Search?search=Muhlenbergia+lindheimeri,https://wetland-plants.sec.usace.army.mil/,https://websoilsurvey.nrcs.usda.gov/app/,https://www.epa.gov/eco-research/ecoregions,https://tpwd.texas.gov/landwater/land/programs/landscape-ecology/ems/,"Public dashboard field. Long source prose, photos, image URLs, full source protocols, and page boilerplate are intentionally excluded from public data files. Use linked source pages for full context.",Region: AGCP AK AW CB EMP GP HI MW NCNE WMVE Status: FACW,Big Muhly,Clump,Division,Materials listed: Clump. Treatment tags listed: Division. Full propagation instructions are not reproduced in this public dataset; use the linked NPSOT/source pages for complete protocols.,https://www.npsot.org/posts/native-plant/big-muhly/,https://www.picturethisai.com/care/propagate/Muhlenbergia_lindheimeri.html | https://earthone.io/plant/muhlenbergia%20lindheimeri?srsltid=AfmBOoqP1BUmAUyTThAC6DUSDNE6X_xoRR2DzeC3ayVgCqOajPfG-wmK,,
Muhlenbergia reverchonii,Muhlenbergia reverchonii,Seep Muhly,Poaceae,Perennial,Deciduous,Grass,Grass/Grass-like,"Sun, Part Shade",Sun,Medium,Medium,1–3,2–4,"Dry, Moist","Aug, Sep, Oct, Nov","White, Pink, Brown",,,,,Woodland and karst upland systems,Karst Outcrops,Shallow Upland Prairie,gravelly calcareous slope or terrace,gravelly calcareous slope or terrace,"Dry, Moist; Medium; Sun; High",High,No,Publish now,Literature-supported microregion assignment; field/GIS confirmation can be added in a later release.,"LBJ/USDA/FNA/USACE support species habitat traits; NRCS/EPA/TPWD links support site/soil/ecoregion/vegetation validation, not species identity.",v1-online-public-draft,2026-05-27,muhlenbergia-reverchonii,https://www.wildflower.org/plants/result.php?id_plant=MURE2,https://www.wildflower.org/plants/result.php?id_plant=MURE2,https://plants.usda.gov/home/basicSearchResults?searchString=Muhlenbergia+reverchonii,https://floranorthamerica.org/Special:Search?search=Muhlenbergia+reverchonii,https://wetland-plants.sec.usace.army.mil/,https://websoilsurvey.nrcs.usda.gov/app/,https://www.epa.gov/eco-research/ecoregions,https://tpwd.texas.gov/landwater/land/programs/landscape-ecology/ems/,"Public dashboard field. Long source prose, photos, image URLs, full source protocols, and page boilerplate are intentionally excluded from public data files. Use linked source pages for full context.",Region: AGCP AK AW CB EMP GP HI MW NCNE WMVE Status: FAC FAC FAC,Seep Muhly,Clump | Seed,Division | Scarification,Materials listed: Clump | Seed. Treatment tags listed: Division | Scarification. Full propagation instructions are not reproduced in this public dataset; use the linked NPSOT/source pages for complete protocols.,https://www.npsot.org/posts/native-plant/seep-muhly/,https://plantselect.org/wp-content/uploads/2020/03/Muhlenbergia-reverchonii-_Prop-Protocol.pdf | https://www.perenual.com/plant-propagation-methods/method/13 | https://www.perenual.com/plant-propagation-methods/method/32,,
Muhlenbergia schreberi,Muhlenbergia schreberi,Nimblewill,Poaceae,Perennial,Deciduous,Grass,Grass/Grass-like,"Shade, Part Shade","Part Shade, Shade",Medium,,1–2,2–3,Moist,"Jul, Aug, Sep",Green,Birds,,,,Woodland and karst upland systems,Upland Woodland,Ecotone / Edge Thicket; Riparian Banks; Shallow Upland Prairie; Karst Outcrops,ravine/canyon/depression; prairie/open field; woodland/wood edge; dry upland; moist mesic; shade/part shade,broad moist-to-dry woods/prairies/ravines/riverbanks; site-specific,"Moist; Part Shade, Shade",Medium,Optional,Publish with caveat,"Usable for public draft release, but should remain flagged as provisional until optional spot-check or field/GIS support is added.","LBJ/USDA/FNA/USACE support species habitat traits; NRCS/EPA/TPWD links support site/soil/ecoregion/vegetation validation, not species identity.",v1-online-public-draft,2026-05-27,muhlenbergia-schreberi,https://www.wildflower.org/plants/result.php?id_plant=MUSC,https://www.wildflower.org/plants/result.php?id_plant=MUSC,https://plants.usda.gov/home/basicSearchResults?searchString=Muhlenbergia+schreberi,https://floranorthamerica.org/Special:Search?search=Muhlenbergia+schreberi,https://wetland-plants.sec.usace.army.mil/,https://websoilsurvey.nrcs.usda.gov/app/,https://www.epa.gov/eco-research/ecoregions,https://tpwd.texas.gov/landwater/land/programs/landscape-ecology/ems/,"Public dashboard field. Long source prose, photos, image URLs, full source protocols, and page boilerplate are intentionally excluded from public data files. Use linked source pages for full context.",Region: AGCP AK AW CB EMP GP HI MW NCNE WMVE Status: FAC FACU FAC FACU FAC FAC FACU,Nimblewill,Seed | Clump | Softwood,No Treatment | Division | Cutting,Materials listed: Seed | Clump | Softwood. Treatment tags listed: No Treatment | Division | Cutting. Full propagation instructions are not reproduced in this public dataset; use the linked NPSOT/source pages for complete protocols.,https://www.npsot.org/posts/native-plant/muhlenbergia-schreberi/,https://propagate.one/how-to-propagate-muhlenbergia-schreberi/ | https://plants.ces.ncsu.edu/plants/muhlenbergia-schreberi/#:~:text=In%20the%20fall%2C%20attractive%20panicles | https://gardeningsolutions.ifas.ufl.edu/plants/ornamentals/muhly-grass/#:~:text=As%20the%20plants%20age%2C%20they,,
Muhlenbergia utilis,Muhlenbergia utilis,"Aparejo Grass, Aparejo Muhly",Poaceae,Perennial,Deciduous,Grass,Grass/Grass-like,"Sun, Part Shade",,Medium,,1–3,2–3,,"Aug, Sep, Oct, Nov",Purple,,,,,Riparian and floodplain systems,Riparian Banks,Aquatic / Spring Runs; Deep Clay Prairie,limestone/caliche/calcareous; moist mesic; sunny open; shade/part shade,wet habitats including riverbanks/meadows; sometimes alkaline soils,,High,No,Publish now,Literature-supported microregion assignment; field/GIS confirmation can be added in a later release.,"LBJ/USDA/FNA/USACE support species habitat traits; NRCS/EPA/TPWD links support site/soil/ecoregion/vegetation validation, not species identity.",v1-online-public-draft,2026-05-27,muhlenbergia-utilis,https://www.wildflower.org/plants/result.php?id_plant=MUUT,https://www.wildflower.org/plants/result.php?id_plant=MUUT,https://plants.usda.gov/home/basicSearchResults?searchString=Muhlenbergia+utilis,https://floranorthamerica.org/Special:Search?search=Muhlenbergia+utilis,https://wetland-plants.sec.usace.army.mil/,https://websoilsurvey.nrcs.usda.gov/app/,https://www.epa.gov/eco-research/ecoregions,https://tpwd.texas.gov/landwater/land/programs/landscape-ecology/ems/,"Public dashboard field. Long source prose, photos, image URLs, full source protocols, and page boilerplate are intentionally excluded from public data files. Use linked source pages for full context.",Region: AGCP AK AW CB EMP GP HI MW NCNE WMVE Status: FACW FACW FACW FACW,,,,,,,,
Nemophila phacelioides,Nemophila phacelioides,"Texas Baby Blue Eyes, Large-flower Baby-blue-eyes, Baby Blue-eyes, Flannel Breeches",Boraginaceae,Annual,Deciduous,Herb,Herb,Part Shade,Part Shade,Medium,Medium,0.5–1,1–2,Dry,"Mar, Apr, May","White, Blue",,,,,Upland prairie and open grassland systems,Shallow Upland Prairie,Shallow Upland Prairie; Deep Clay Prairie,sandy/loamy upland prairie or open field,sandy/loamy upland prairie or open field,Dry; Medium; Part Shade,High,No,Publish now,Literature-supported microregion assignment; field/GIS confirmation can be added in a later release.,"LBJ/USDA/FNA/USACE support species habitat traits; NRCS/EPA/TPWD links support site/soil/ecoregion/vegetation validation, not species identity.",v1-online-public-draft,2026-05-27,nemophila-phacelioides,https://www.wildflower.org/plants/result.php?id_plant=NEPH,https://www.wildflower.org/plants/result.php?id_plant=NEPH,https://plants.usda.gov/home/basicSearchResults?searchString=Nemophila+phacelioides,https://floranorthamerica.org/Special:Search?search=Nemophila+phacelioides,https://wetland-plants.sec.usace.army.mil/,https://websoilsurvey.nrcs.usda.gov/app/,https://www.epa.gov/eco-research/ecoregions,https://tpwd.texas.gov/landwater/land/programs/landscape-ecology/ems/,"Public dashboard field. Long source prose, photos, image URLs, full source protocols, and page boilerplate are intentionally excluded from public data files. Use linked source pages for full context.",,Baby Blue Eyes,Seed,No Treatment,Materials listed: Seed. Treatment tags listed: No Treatment. Full propagation instructions are not reproduced in this public dataset; use the linked NPSOT/source pages for complete protocols.,https://www.npsot.org/posts/native-plant/nemophila-phacelioides/,https://en.wikipedia.org/wiki/Nemophila_phacelioides#:~:text=Cultivation | https://earthone.io/plant/nemophila%20phacelioides?srsltid=AfmBOopD5nCKxIIb2D15NB1TwjX2TLD1FldLfu-3WQDFHwOrSVnJxgwj | https://anps.org/2016/05/02/know-your-natives-large-flower-baby-blue-eyes/ | https://www.picturethisai.com/wiki/Nemophila_phacelioides.html,,
Neptunia lutea,Neptunia lutea,"Yellow Sensitive Briar, Yellow Puff",Fabaceae,Perennial,Deciduous,Herb,Shrub,Sun,Sun,Low,,1–2,2–3,,"May, Jun",Yellow,,,,,Upland prairie and open grassland systems,Shallow Upland Prairie,Deep Clay Prairie; Upland Savanna,dry upland; sunny open,"low-water sun, circumneutral soils",Sun,Medium,Optional,Publish with caveat,"Usable for public draft release, but should remain flagged as provisional until optional spot-check or field/GIS support is added.","LBJ/USDA/FNA/USACE support species habitat traits; NRCS/EPA/TPWD links support site/soil/ecoregion/vegetation validation, not species identity.",v1-online-public-draft,2026-05-27,neptunia-lutea,https://www.wildflower.org/plants/result.php?id_plant=NELU2,https://www.wildflower.org/plants/result.php?id_plant=NELU2,https://plants.usda.gov/home/basicSearchResults?searchString=Neptunia+lutea,https://floranorthamerica.org/Special:Search?search=Neptunia+lutea,https://wetland-plants.sec.usace.army.mil/,https://websoilsurvey.nrcs.usda.gov/app/,https://www.epa.gov/eco-research/ecoregions,https://tpwd.texas.gov/landwater/land/programs/landscape-ecology/ems/,"Public dashboard field. Long source prose, photos, image URLs, full source protocols, and page boilerplate are intentionally excluded from public data files. Use linked source pages for full context.",Region: AGCP AK AW CB EMP GP HI MW NCNE WMVE Status: FACU FACU FACU FACU,,,,,,,,
Nolina lindheimeriana,Nolina lindheimeriana,"Devil's Shoestring, Devil's-shoestring, Ribbon Grass",Asparagaceae,Perennial,Evergreen,Succulent,Shrub,Sun,"Sun, Part Shade",Low,Low,2–5,3–5,Dry,"Apr, May, Jun",White,,,,,Upland prairie and open grassland systems,Shallow Upland Prairie,,sandy/loamy upland prairie or open field,sandy/loamy upland prairie or open field,"Dry; Low; Sun, Part Shade",High,No,Publish now,Literature-supported microregion assignment; field/GIS confirmation can be added in a later release.,"LBJ/USDA/FNA/USACE support species habitat traits; NRCS/EPA/TPWD links support site/soil/ecoregion/vegetation validation, not species identity.",v1-online-public-draft,2026-05-27,nolina-lindheimeriana,https://www.wildflower.org/plants/result.php?id_plant=NOLI,https://www.wildflower.org/plants/result.php?id_plant=NOLI,https://plants.usda.gov/home/basicSearchResults?searchString=Nolina+lindheimeriana,https://floranorthamerica.org/Special:Search?search=Nolina+lindheimeriana,https://wetland-plants.sec.usace.army.mil/,https://websoilsurvey.nrcs.usda.gov/app/,https://www.epa.gov/eco-research/ecoregions,https://tpwd.texas.gov/landwater/land/programs/landscape-ecology/ems/,"Public dashboard field. Long source prose, photos, image URLs, full source protocols, and page boilerplate are intentionally excluded from public data files. Use linked source pages for full context.",,Devil's Shoestring,Seed | Clump,No Treatment | Division,Materials listed: Seed | Clump. Treatment tags listed: No Treatment | Division. Full propagation instructions are not reproduced in this public dataset; use the linked NPSOT/source pages for complete protocols.,https://www.npsot.org/posts/native-plant/nolina-lindheimeriana/,https://propagate.one/how-to-propagate-nolina-lindheimeriana/,,
Nolina texana,Nolina texana,"Texas Sacahuista, Texas Beargrass, Basket Grass, Sacahuista, Bunchgrass, Texas Bear-grass",Asparagaceae,Perennial,Evergreen,Succulent,Grass/Grass-like,Sun,Part Shade,Low,Low,2–5,3–5,Dry,"Mar, Apr, May, Jun, Jul","White, Green",Butterflies,"Atea hairstreak butterfly, Sandia hairstreak butterfly.",,,Woodland and karst upland systems,Karst Outcrops,Shallow Upland Prairie,rocky calcareous limestone outcrop,rocky calcareous limestone outcrop,Dry; Low; Part Shade,Medium,Optional,Publish with caveat,"Usable for public draft release, but should remain flagged as provisional until optional spot-check or field/GIS support is added.","LBJ/USDA/FNA/USACE support species habitat traits; NRCS/EPA/TPWD links support site/soil/ecoregion/vegetation validation, not species identity.",v1-online-public-draft,2026-05-27,nolina-texana,https://www.wildflower.org/plants/result.php?id_plant=NOTE,https://www.wildflower.org/plants/result.php?id_plant=NOTE,https://plants.usda.gov/home/basicSearchResults?searchString=Nolina+texana,https://floranorthamerica.org/Special:Search?search=Nolina+texana,https://wetland-plants.sec.usace.army.mil/,https://websoilsurvey.nrcs.usda.gov/app/,https://www.epa.gov/eco-research/ecoregions,https://tpwd.texas.gov/landwater/land/programs/landscape-ecology/ems/,"Public dashboard field. Long source prose, photos, image URLs, full source protocols, and page boilerplate are intentionally excluded from public data files. Use linked source pages for full context.",,Texas Beargrass,Seed,No Treatment,Materials listed: Seed. Treatment tags listed: No Treatment. Full propagation instructions are not reproduced in this public dataset; use the linked NPSOT/source pages for complete protocols.,https://www.npsot.org/posts/native-plant/nolina-texana/,https://www.wildflower.org/plants/result.php?id_plant=NOTE,,
Oenothera jamesii,Oenothera jamesii,"Trumpet Evening-primrose, Trumpet Evening Primrose, River Primrose",Onagraceae,Biennial,Deciduous,Herb,Herb,"Sun, Part Shade",Sun,Medium,,1–2,2–3,Wet,"Jul, Aug, Sep, Oct",Yellow,Butterflies,,,,Riparian and floodplain systems,Riparian Banks,,stream/river bank,stream/river bank,Wet; Sun,High,No,Publish now,Literature-supported microregion assignment; field/GIS confirmation can be added in a later release.,"LBJ/USDA/FNA/USACE support species habitat traits; NRCS/EPA/TPWD links support site/soil/ecoregion/vegetation validation, not species identity.",v1-online-public-draft,2026-05-27,oenothera-jamesii,https://www.wildflower.org/plants/result.php?id_plant=OEJA,https://www.wildflower.org/plants/result.php?id_plant=OEJA,https://plants.usda.gov/home/basicSearchResults?searchString=Oenothera+jamesii,https://floranorthamerica.org/Special:Search?search=Oenothera+jamesii,https://wetland-plants.sec.usace.army.mil/,https://websoilsurvey.nrcs.usda.gov/app/,https://www.epa.gov/eco-research/ecoregions,https://tpwd.texas.gov/landwater/land/programs/landscape-ecology/ems/,"Public dashboard field. Long source prose, photos, image URLs, full source protocols, and page boilerplate are intentionally excluded from public data files. Use linked source pages for full context.",Region: AGCP AK AW CB EMP GP HI MW NCNE WMVE Status: FACW FACW FACW,,,,,,,yes,
Oenothera lindheimeri,Oenothera lindheimeri,Pink Gaura,Onagraceae,Perennial,Deciduous,Herb,Herb,Sun,"Sun, Part Shade",Low,Medium,2–5,3–5,Moist,"Apr, May, Jun, Jul","White, Pink",,,,,Upland prairie and open grassland systems,Shallow Upland Prairie,Shallow Upland Prairie; Upland Woodland; Karst Outcrops; Aquatic / Spring Runs,sandy/loamy upland prairie or open field,sandy/loamy upland prairie or open field,"Moist; Medium; Sun, Part Shade",High,No,Publish now,Literature-supported microregion assignment; field/GIS confirmation can be added in a later release.,"LBJ/USDA/FNA/USACE support species habitat traits; NRCS/EPA/TPWD links support site/soil/ecoregion/vegetation validation, not species identity.",v1-online-public-draft,2026-05-27,oenothera-lindheimeri,https://www.wildflower.org/plants/result.php?id_plant=OELI2,https://www.wildflower.org/plants/result.php?id_plant=OELI2,https://plants.usda.gov/home/basicSearchResults?searchString=Oenothera+lindheimeri,https://floranorthamerica.org/Special:Search?search=Oenothera+lindheimeri,https://wetland-plants.sec.usace.army.mil/,https://websoilsurvey.nrcs.usda.gov/app/,https://www.epa.gov/eco-research/ecoregions,https://tpwd.texas.gov/landwater/land/programs/landscape-ecology/ems/,"Public dashboard field. Long source prose, photos, image URLs, full source protocols, and page boilerplate are intentionally excluded from public data files. Use linked source pages for full context.",,,,,,,,,
Oenothera macrocarpa,Oenothera macrocarpa,"Missouri Primrose, Fluttermills",Onagraceae,Perennial,Deciduous,Herb,Herb,Sun,Sun,Low,Low,1–2,2–3,Dry,"Apr, May, Jun, Jul, Aug",Yellow,Hummingbirds,,,,Woodland and karst upland systems,Karst Outcrops,Shallow Upland Prairie,limestone/caliche/calcareous; rocky/ledge/slope/ridge; prairie/open field/meadow; disturbed/roadside/ditch; dry upland; sunny open,"limestone glades/bluffs, rocky prairies/hillsides, roadsides",Dry; Low; Sun,High,No,Publish now,Literature-supported microregion assignment; field/GIS confirmation can be added in a later release.,"LBJ/USDA/FNA/USACE support species habitat traits; NRCS/EPA/TPWD links support site/soil/ecoregion/vegetation validation, not species identity.",v1-online-public-draft,2026-05-27,oenothera-macrocarpa,https://www.wildflower.org/plants/result.php?id_plant=OEMA,https://www.wildflower.org/plants/result.php?id_plant=OEMA,https://plants.usda.gov/home/basicSearchResults?searchString=Oenothera+macrocarpa,https://floranorthamerica.org/Special:Search?search=Oenothera+macrocarpa,https://wetland-plants.sec.usace.army.mil/,https://websoilsurvey.nrcs.usda.gov/app/,https://www.epa.gov/eco-research/ecoregions,https://tpwd.texas.gov/landwater/land/programs/landscape-ecology/ems/,"Public dashboard field. Long source prose, photos, image URLs, full source protocols, and page boilerplate are intentionally excluded from public data files. Use linked source pages for full context.",,Missouri Primrose,Seed | Stem,No Treatment | Cutting,Materials listed: Seed | Stem. Treatment tags listed: No Treatment | Cutting. Full propagation instructions are not reproduced in this public dataset; use the linked NPSOT/source pages for complete protocols.,https://www.npsot.org/posts/native-plant/oenothera-macrocarpa/,https://earthone.io/plant/oenothera%20macrocarpa,yes,
Oenothera speciosa,Oenothera speciosa,"Pink Evening Primrose, Showy Evening Primrose, Mexican Evening Primrose, Showy Primrose, Pink Ladies, Buttercups, Pink Buttercups",Onagraceae,Perennial,Deciduous,Herb,Herb,"Sun, Part Shade",Sun,Low–Medium,"Low, Medium",1–2,2–3,"Dry, Moist","Feb, Mar, Apr, May, Jun, Jul","White, Pink",Birds,,,,Upland prairie and open grassland systems,Shallow Upland Prairie,,dry upland prairie slope,dry upland prairie slope,"Dry, Moist; Low, Medium; Sun",High,No,Publish now,Literature-supported microregion assignment; field/GIS confirmation can be added in a later release.,"LBJ/USDA/FNA/USACE support species habitat traits; NRCS/EPA/TPWD links support site/soil/ecoregion/vegetation validation, not species identity.",v1-online-public-draft,2026-05-27,oenothera-speciosa,https://www.wildflower.org/plants/result.php?id_plant=OESP2,https://www.wildflower.org/plants/result.php?id_plant=OESP2,https://plants.usda.gov/home/basicSearchResults?searchString=Oenothera+speciosa,https://floranorthamerica.org/Special:Search?search=Oenothera+speciosa,https://wetland-plants.sec.usace.army.mil/,https://websoilsurvey.nrcs.usda.gov/app/,https://www.epa.gov/eco-research/ecoregions,https://tpwd.texas.gov/landwater/land/programs/landscape-ecology/ems/,"Public dashboard field. Long source prose, photos, image URLs, full source protocols, and page boilerplate are intentionally excluded from public data files. Use linked source pages for full context.",,Pink Evening Primrose,Root | Seed | Stem,Division | No Treatment | Cutting,Materials listed: Root | Seed | Stem. Treatment tags listed: Division | No Treatment | Cutting. Full propagation instructions are not reproduced in this public dataset; use the linked NPSOT/source pages for complete protocols.,https://www.npsot.org/posts/native-plant/oenothera-speciosa/,https://planetdesert.com/products/pink-ladies-plant-oenothera-speciosa#:~:text=How%20to%20Propagate%20Oenothera%20speciosa | https://propagate.one/how-to-propagate-oenothera-speciosa/#google_vignette | https://www.greauxnative.org/post/pink-evening-primrose-oenothera-speciosa#:~:text=This%20plant%20can%20be%20propagated,yes,
Onosmodium bejariense var. bejariense,Onosmodium bejariense var. bejariense,Marbleseed,Boraginaceae,Perennial,Deciduous,Herb,Herb,"Sun, Part Shade",Sun,Low–Medium,,1–3,1–2,,"Mar, Apr, May","White, Green",,,,,Savanna and woodland-edge systems,Upland Savanna,Upland Woodland; Ecotone / Edge Thicket; Shallow Upland Prairie,woodland/wood edge; disturbed/roadside/ditch; sunny open,well-drained open woodland and roadside edge,Sun,Medium-High,Optional,Publish with caveat,"Usable for public draft release, but should remain flagged as provisional until optional spot-check or field/GIS support is added.","LBJ/USDA/FNA/USACE support species habitat traits; NRCS/EPA/TPWD links support site/soil/ecoregion/vegetation validation, not species identity.",v1-online-public-draft,2026-05-27,onosmodium-bejariense-var-bejariense,https://www.wildflower.org/plants/result.php?id_plant=ONBEB,https://www.wildflower.org/plants/result.php?id_plant=ONBEB,https://plants.usda.gov/home/basicSearchResults?searchString=Onosmodium+bejariense+var.+bejariense,https://floranorthamerica.org/Special:Search?search=Onosmodium+bejariense+var.+bejariense,https://wetland-plants.sec.usace.army.mil/,https://websoilsurvey.nrcs.usda.gov/app/,https://www.epa.gov/eco-research/ecoregions,https://tpwd.texas.gov/landwater/land/programs/landscape-ecology/ems/,"Public dashboard field. Long source prose, photos, image URLs, full source protocols, and page boilerplate are intentionally excluded from public data files. Use linked source pages for full context.",,False Gromwell,Seed,No Treatment,Materials listed: Seed. Treatment tags listed: No Treatment. Full propagation instructions are not reproduced in this public dataset; use the linked NPSOT/source pages for complete protocols.,https://www.npsot.org/posts/native-plant/onosmodium-bejariense-var-bejariense/,https://www.wildflower.org/expert/show.php?id=1769 | https://davesgarden.com/guides/pf/go/68305,yes,
Opuntia engelmannii,Opuntia engelmannii,Prickly Pear 'Englemann's',Cactaceae,Perennial,Evergreen,Succulent,Cactus/Succulent,Sun,Sun,Low,Low,3–6,,Dry,"Apr, May, Jun",Yellow,,,Greater Roadrunner (Geococcyx californianus),Opuntia wildlife use summaries: https://www.wildflower.org/plants/,Upland prairie and open grassland systems,Shallow Upland Prairie,,open dry upland prairie/grassland,open dry upland prairie/grassland,Dry; Low; Sun,Medium,Optional,Publish with caveat,"Usable for public draft release, but should remain flagged as provisional until optional spot-check or field/GIS support is added.","LBJ/USDA/FNA/USACE support species habitat traits; NRCS/EPA/TPWD links support site/soil/ecoregion/vegetation validation, not species identity.",v1-online-public-draft,2026-05-27,opuntia-engelmannii,https://www.wildflower.org/plants/result.php?id_plant=OPEN3,https://www.wildflower.org/plants/result.php?id_plant=OPEN3,https://plants.usda.gov/home/basicSearchResults?searchString=Opuntia+engelmannii,https://floranorthamerica.org/Special:Search?search=Opuntia+engelmannii,https://wetland-plants.sec.usace.army.mil/,https://websoilsurvey.nrcs.usda.gov/app/,https://www.epa.gov/eco-research/ecoregions,https://tpwd.texas.gov/landwater/land/programs/landscape-ecology/ems/,"Public dashboard field. Long source prose, photos, image URLs, full source protocols, and page boilerplate are intentionally excluded from public data files. Use linked source pages for full context.",,Prickly Pear,Stem | Seed,Transplant | Scarification,Materials listed: Stem | Seed. Treatment tags listed: Transplant | Scarification. Full propagation instructions are not reproduced in this public dataset; use the linked NPSOT/source pages for complete protocols.,https://www.npsot.org/posts/native-plant/opuntia-engelmannii-var-lindheimeri/,https://propagate.one/how-to-propagate-opuntia-engelmannii/,,
Packera obovata,Packera obovata,"Golden Groundsel, Roundleaf Groundsel, Roundleaf Ragwort",Asteraceae,Perennial,Deciduous,Herb,Herb,Part Shade,"Part Shade, Shade",Medium,"Low, Medium",1–2,1–2,Moist,"Feb, Mar, Apr, May, Jun",Yellow,Butterflies,,,,Woodland and karst upland systems,Karst Outcrops,Shallow Upland Prairie,rocky calcareous limestone outcrop,rocky calcareous limestone outcrop,"Moist; Low, Medium; Part Shade, Shade",Medium,Optional,Publish with caveat,"Usable for public draft release, but should remain flagged as provisional until optional spot-check or field/GIS support is added.","LBJ/USDA/FNA/USACE support species habitat traits; NRCS/EPA/TPWD links support site/soil/ecoregion/vegetation validation, not species identity.",v1-online-public-draft,2026-05-27,packera-obovata,https://www.wildflower.org/plants/result.php?id_plant=PAOB6,https://www.wildflower.org/plants/result.php?id_plant=PAOB6,https://plants.usda.gov/home/basicSearchResults?searchString=Packera+obovata,https://floranorthamerica.org/Special:Search?search=Packera+obovata,https://wetland-plants.sec.usace.army.mil/,https://websoilsurvey.nrcs.usda.gov/app/,https://www.epa.gov/eco-research/ecoregions,https://tpwd.texas.gov/landwater/land/programs/landscape-ecology/ems/,"Public dashboard field. Long source prose, photos, image URLs, full source protocols, and page boilerplate are intentionally excluded from public data files. Use linked source pages for full context.",Region: AGCP AK AW CB EMP GP HI MW NCNE WMVE Status: FACU FACU FACU FACU FACU FACU,Golden Groundsel,Seed | Offshoots,No Treatment | Division | Stratification,Materials listed: Seed | Offshoots. Treatment tags listed: No Treatment | Division | Stratification. Full propagation instructions are not reproduced in this public dataset; use the linked NPSOT/source pages for complete protocols.,https://www.npsot.org/posts/native-plant/packera-obovata/,https://mowildflowers.net/packera-obovata-roundleaf-groundsel/# | https://www.youtube.com/watch?v=zDvVug7UBFU,yes,
Panicum virgatum,Panicum virgatum,"Switchgrass, Wand Panic Grass",Poaceae,Perennial,Deciduous,Grass,Grass/Grass-like,Sun,"Sun, Part Shade",Medium,Medium,3–6,3–4,"Dry, Moist","Aug, Sep, Oct, Nov","Green, Brown","Birds, Butterflies",Delaware Skipper. The Grass Family is an essential larval host for most banded skippers and most of the satyrs.,,,Upland prairie and open grassland systems,Shallow Upland Prairie,Shallow Upland Prairie,sandy/loamy upland prairie or open field,sandy/loamy upland prairie or open field,"Dry, Moist; Medium; Sun, Part Shade; Low",High,No,Publish now,Literature-supported microregion assignment; field/GIS confirmation can be added in a later release.,"LBJ/USDA/FNA/USACE support species habitat traits; NRCS/EPA/TPWD links support site/soil/ecoregion/vegetation validation, not species identity.",v1-online-public-draft,2026-05-27,panicum-virgatum,https://www.wildflower.org/plants/result.php?id_plant=PAVI2,https://www.wildflower.org/plants/result.php?id_plant=PAVI2,https://plants.usda.gov/home/basicSearchResults?searchString=Panicum+virgatum,https://floranorthamerica.org/Special:Search?search=Panicum+virgatum,https://wetland-plants.sec.usace.army.mil/,https://websoilsurvey.nrcs.usda.gov/app/,https://www.epa.gov/eco-research/ecoregions,https://tpwd.texas.gov/landwater/land/programs/landscape-ecology/ems/,"Public dashboard field. Long source prose, photos, image URLs, full source protocols, and page boilerplate are intentionally excluded from public data files. Use linked source pages for full context.",Region: AGCP AK AW CB EMP GP HI MW NCNE WMVE Status: FAC FACW FAC FAC FAC FAC FACW,Switchgrass,Seed | Clump,No Treatment | Division,Materials listed: Seed | Clump. Treatment tags listed: No Treatment | Division. Full propagation instructions are not reproduced in this public dataset; use the linked NPSOT/source pages for complete protocols.,https://www.npsot.org/posts/native-plant/panicum-virgatum/,https://hort.extension.wisc.edu/articles/switch-grass-panicum-virgatum/#:~:text=Propagating%20Switchgrass&text=The%20species%20can%20be%20grown | https://www.wildflowerfarm.com/panicum-virgatum-switchgrass.html#:~:text=Here's%20some%20information%20about%20growing%20Panicum%20virgatum | https://www.gardendesign.com/ornamental-grasses/switchgrass.html#:~:text=Switchgrass%20should%20be%20divided%20every | https://growingthehomegarden.com/propagating-switchgrass-through/,,
Parkinsonia aculeata,Parkinsonia aculeata,Retama,Fabaceae,Perennial,Deciduous,Tree,Tree,Sun,Sun,Low,"Low, Medium",15–30,15–25,"Dry, Moist","Apr, May, Jun, Jul, Aug","Orange, Yellow","Birds, Butterflies",,,,Upland prairie and open grassland systems,Shallow Upland Prairie,,sandy/loamy upland prairie or open field,sandy/loamy upland prairie or open field,"Dry, Moist; Low, Medium; Sun; Medium",High,No,Publish now,Literature-supported microregion assignment; field/GIS confirmation can be added in a later release.,"LBJ/USDA/FNA/USACE support species habitat traits; NRCS/EPA/TPWD links support site/soil/ecoregion/vegetation validation, not species identity.",v1-online-public-draft,2026-05-27,parkinsonia-aculeata,https://www.wildflower.org/plants/result.php?id_plant=PAAC3,https://www.wildflower.org/plants/result.php?id_plant=PAAC3,https://plants.usda.gov/home/basicSearchResults?searchString=Parkinsonia+aculeata,https://floranorthamerica.org/Special:Search?search=Parkinsonia+aculeata,https://wetland-plants.sec.usace.army.mil/,https://websoilsurvey.nrcs.usda.gov/app/,https://www.epa.gov/eco-research/ecoregions,https://tpwd.texas.gov/landwater/land/programs/landscape-ecology/ems/,"Public dashboard field. Long source prose, photos, image URLs, full source protocols, and page boilerplate are intentionally excluded from public data files. Use linked source pages for full context.",Region: AGCP AK AW CB EMP GP HI MW NCNE WMVE Status: FAC FAC FAC FAC FACU FAC,,,,,,,yes,
Parthenocissus quinquefolia,Parthenocissus quinquefolia,Virginia Creeper,Vitaceae,Perennial,Deciduous,Vine,Vine,"Sun, Part Shade","Sun, Part Shade, Shade",Medium,Low,30–50 (vine length),Spread widely,Moist,"May, Jun","White, Green",Birds,"Abbott's Sphinx Moth ( Sphecodina abbottii ), Pandora Sphinx Moth ( Eumorpha pandorus ), Virginia Creeper Sphinx Moth ( Darapsa myron ), White-lined Sphinx Moth ( Hyles lineata )",,,Woodland and karst upland systems,Upland Woodland,Riparian Banks; Ecotone / Edge Thicket; Karst Outcrops; Shallow Upland Prairie,stream/river bank; limestone/caliche/calcareous; rocky/ledge/slope; deep clay/swale; woodland/wood edge; dry upland; moist mesic; sunny open; shade/part shade,"open/shaded woods, streamsides, riverbanks, rocky limestone soils","Moist; Low; Sun, Part Shade, Shade; Medium",Medium,Optional,Publish with caveat,"Usable for public draft release, but should remain flagged as provisional until optional spot-check or field/GIS support is added.","LBJ/USDA/FNA/USACE support species habitat traits; NRCS/EPA/TPWD links support site/soil/ecoregion/vegetation validation, not species identity.",v1-online-public-draft,2026-05-27,parthenocissus-quinquefolia,https://www.wildflower.org/plants/result.php?id_plant=PAQU2,https://www.wildflower.org/plants/result.php?id_plant=PAQU2,https://plants.usda.gov/home/basicSearchResults?searchString=Parthenocissus+quinquefolia,https://floranorthamerica.org/Special:Search?search=Parthenocissus+quinquefolia,https://wetland-plants.sec.usace.army.mil/,https://websoilsurvey.nrcs.usda.gov/app/,https://www.epa.gov/eco-research/ecoregions,https://tpwd.texas.gov/landwater/land/programs/landscape-ecology/ems/,"Public dashboard field. Long source prose, photos, image URLs, full source protocols, and page boilerplate are intentionally excluded from public data files. Use linked source pages for full context.",Region: AGCP AK AW CB EMP GP HI MW NCNE WMVE Status: FACU FAC FACU FACU FACU FACU FAC,Virginia Creeper,Seed,No Treatment | Stratification,Materials listed: Seed. Treatment tags listed: No Treatment | Stratification. Full propagation instructions are not reproduced in this public dataset; use the linked NPSOT/source pages for complete protocols.,https://www.npsot.org/posts/native-plant/parthenocissus-quinquefolia/,https://www.wildflower.org/plants/result.php?id_plant=PAQU2,,
Passiflora affinis,Passiflora affinis,"Yellow Passionflower, Bracted Passionflower",Passifloraceae,Perennial,Deciduous,Vine,Vine,"Sun, Part Shade","Sun, Part Shade","Low, Dry-Moist",Low,15,,"Dry, Moist","Jun, Jul, Aug","Yellow, Green",Butterflies,Gulf Fritillary,,,Woodland and karst upland systems,Karst Outcrops,Shallow Upland Prairie,rocky calcareous limestone outcrop,rocky calcareous limestone outcrop,"Dry, Moist; Low; Sun, Part Shade",Medium,Optional,Publish with caveat,"Usable for public draft release, but should remain flagged as provisional until optional spot-check or field/GIS support is added.","LBJ/USDA/FNA/USACE support species habitat traits; NRCS/EPA/TPWD links support site/soil/ecoregion/vegetation validation, not species identity.",v1-online-public-draft,2026-05-27,passiflora-affinis,https://www.wildflower.org/plants/result.php?id_plant=PAAF,https://www.wildflower.org/plants/result.php?id_plant=PAAF,https://plants.usda.gov/home/basicSearchResults?searchString=Passiflora+affinis,https://floranorthamerica.org/Special:Search?search=Passiflora+affinis,https://wetland-plants.sec.usace.army.mil/,https://websoilsurvey.nrcs.usda.gov/app/,https://www.epa.gov/eco-research/ecoregions,https://tpwd.texas.gov/landwater/land/programs/landscape-ecology/ems/,"Public dashboard field. Long source prose, photos, image URLs, full source protocols, and page boilerplate are intentionally excluded from public data files. Use linked source pages for full context.",,Bracted Passionflower,Seed | Softwood | Stem,No Treatment | Cutting | Layering | Grafting,Materials listed: Seed | Softwood | Stem. Treatment tags listed: No Treatment | Cutting | Layering | Grafting. Full propagation instructions are not reproduced in this public dataset; use the linked NPSOT/source pages for complete protocols.,https://www.npsot.org/posts/native-plant/passiflora-affinis/,https://plantiary.com/plant/passiflora-affinis_21195.html | https://www.forwardplant.com/care/propagate/passiflora-affinis/ | https://www.picturethisai.com/care/propagate/Passiflora_affinis.html,,
Passiflora foetida,Passiflora foetida,"Corona De Cristo, Fetid Passionflower",Passifloraceae,Perennial,Deciduous,Vine,Vine,"Sun, Part Shade","Sun, Part Shade",Low–Medium,Medium,6–10 (vine length),Spread widely,Dry,"May, Jun, Jul, Aug, Sep, Oct","Yellow, Green, Purple",Butterflies,Gulf Fritillary,,,Upland prairie and open grassland systems,Shallow Upland Prairie,Karst Outcrops; Mesic Canyons & Seeps; Ecotone / Edge Thicket; Riparian Banks,sandy/loamy upland prairie or open field,sandy/loamy upland prairie or open field,"Dry; Medium; Sun, Part Shade",High,No,Publish now,Literature-supported microregion assignment; field/GIS confirmation can be added in a later release.,"LBJ/USDA/FNA/USACE support species habitat traits; NRCS/EPA/TPWD links support site/soil/ecoregion/vegetation validation, not species identity.",v1-online-public-draft,2026-05-27,passiflora-foetida,https://www.wildflower.org/plants/result.php?id_plant=PAFO2,https://www.wildflower.org/plants/result.php?id_plant=PAFO2,https://plants.usda.gov/home/basicSearchResults?searchString=Passiflora+foetida,https://floranorthamerica.org/Special:Search?search=Passiflora+foetida,https://wetland-plants.sec.usace.army.mil/,https://websoilsurvey.nrcs.usda.gov/app/,https://www.epa.gov/eco-research/ecoregions,https://tpwd.texas.gov/landwater/land/programs/landscape-ecology/ems/,"Public dashboard field. Long source prose, photos, image URLs, full source protocols, and page boilerplate are intentionally excluded from public data files. Use linked source pages for full context.",Region: AGCP AK AW CB EMP GP HI MW NCNE WMVE Status: FAC FACU FAC FAC FACU,,,,,,,,
Passiflora tenuiloba,Passiflora tenuiloba,"Slenderlobe Passionflower, Birdwing Passionflower",Passifloraceae,Perennial,Deciduous,Vine,Vine,Part Shade,Part Shade,"Low, Dry",Low,4,,Dry,"Apr, May, Jun, Jul, Aug, Sep, Oct",Green,Butterflies,Gulf Fritillary,,,Woodland and karst upland systems,Karst Outcrops,Karst Outcrops,rocky calcareous limestone outcrop,rocky calcareous limestone outcrop,Dry; Low; Part Shade,High,No,Publish now,Literature-supported microregion assignment; field/GIS confirmation can be added in a later release.,"LBJ/USDA/FNA/USACE support species habitat traits; NRCS/EPA/TPWD links support site/soil/ecoregion/vegetation validation, not species identity.",v1-online-public-draft,2026-05-27,passiflora-tenuiloba,https://www.wildflower.org/plants/result.php?id_plant=PATE9,https://www.wildflower.org/plants/result.php?id_plant=PATE9,https://plants.usda.gov/home/basicSearchResults?searchString=Passiflora+tenuiloba,https://floranorthamerica.org/Special:Search?search=Passiflora+tenuiloba,https://wetland-plants.sec.usace.army.mil/,https://websoilsurvey.nrcs.usda.gov/app/,https://www.epa.gov/eco-research/ecoregions,https://tpwd.texas.gov/landwater/land/programs/landscape-ecology/ems/,"Public dashboard field. Long source prose, photos, image URLs, full source protocols, and page boilerplate are intentionally excluded from public data files. Use linked source pages for full context.",,Birdwing Passionflower,Seed | Stem,"Scarification | Cutting, Root | Layering","Materials listed: Seed | Stem. Treatment tags listed: Scarification | Cutting, Root | Layering. Full propagation instructions are not reproduced in this public dataset; use the linked NPSOT/source pages for complete protocols.",https://www.npsot.org/posts/native-plant/passiflora-tenuiloba/,https://greg.app/passiflora-tenuiloba-overview/,,
Pavonia lasiopetala,Pavonia lasiopetala,"Rock Rose, Rose Pavonia, Rose Mallow, Pavonia",Malvaceae,Perennial,Deciduous,Shrub,Shrub,"Sun, Part Shade","Sun, Part Shade",Low,Low,3–5,3–4,Dry,"Apr, May, Jun, Jul, Aug, Sep, Oct, Nov","Pink, Yellow",Hummingbirds,,,,Upland prairie and open grassland systems,Shallow Upland Prairie,Upland Woodland,dry upland prairie slope,dry upland prairie slope,"Dry; Low; Sun, Part Shade; High",High,No,Publish now,Literature-supported microregion assignment; field/GIS confirmation can be added in a later release.,"LBJ/USDA/FNA/USACE support species habitat traits; NRCS/EPA/TPWD links support site/soil/ecoregion/vegetation validation, not species identity.",v1-online-public-draft,2026-05-27,pavonia-lasiopetala,https://www.wildflower.org/plants/result.php?id_plant=PALA13,https://www.wildflower.org/plants/result.php?id_plant=PALA13,https://plants.usda.gov/home/basicSearchResults?searchString=Pavonia+lasiopetala,https://floranorthamerica.org/Special:Search?search=Pavonia+lasiopetala,https://wetland-plants.sec.usace.army.mil/,https://websoilsurvey.nrcs.usda.gov/app/,https://www.epa.gov/eco-research/ecoregions,https://tpwd.texas.gov/landwater/land/programs/landscape-ecology/ems/,"Public dashboard field. Long source prose, photos, image URLs, full source protocols, and page boilerplate are intentionally excluded from public data files. Use linked source pages for full context.",,Rock Rose,Seed | Softwood,Scarification | Cutting,Materials listed: Seed | Softwood. Treatment tags listed: Scarification | Cutting. Full propagation instructions are not reproduced in this public dataset; use the linked NPSOT/source pages for complete protocols.,https://www.npsot.org/posts/native-plant/pavonia-lasiopetala/,https://www.wildflower.org/plants/result.php?id_plant=PALA13,,
Penstemon baccharifolius,Penstemon baccharifolius,"Rock Penstemon, Rock Beardtongue, Cut-leaf Penstemon, Cut-leaf Beardtongue, Baccharis-leaf Penstemon, Baccharis-leaf Beardtongue",Plantaginaceae,Perennial,Deciduous,Subshrub,Shrub,Sun,"Sun, Part Shade",Low,Low,1–3,2–3,Dry,"Apr, May, Jun, Jul, Aug, Sep, Oct",Red,Hummingbirds,,,,Woodland and karst upland systems,Karst Outcrops,,"limestone ledge, cliff, or bluff","limestone ledge, cliff, or bluff","Dry; Low; Sun, Part Shade",High,No,Publish now,Literature-supported microregion assignment; field/GIS confirmation can be added in a later release.,"LBJ/USDA/FNA/USACE support species habitat traits; NRCS/EPA/TPWD links support site/soil/ecoregion/vegetation validation, not species identity.",v1-online-public-draft,2026-05-27,penstemon-baccharifolius,https://www.wildflower.org/plants/result.php?id_plant=PEBA,https://www.wildflower.org/plants/result.php?id_plant=PEBA,https://plants.usda.gov/home/basicSearchResults?searchString=Penstemon+baccharifolius,https://floranorthamerica.org/Special:Search?search=Penstemon+baccharifolius,https://wetland-plants.sec.usace.army.mil/,https://websoilsurvey.nrcs.usda.gov/app/,https://www.epa.gov/eco-research/ecoregions,https://tpwd.texas.gov/landwater/land/programs/landscape-ecology/ems/,"Public dashboard field. Long source prose, photos, image URLs, full source protocols, and page boilerplate are intentionally excluded from public data files. Use linked source pages for full context.",Region: AGCP AK AW CB EMP GP HI MW NCNE WMVE Status: FACU FACU,Rock Penstemon,Seed,No Treatment,Materials listed: Seed. Treatment tags listed: No Treatment. Full propagation instructions are not reproduced in this public dataset; use the linked NPSOT/source pages for complete protocols.,https://www.npsot.org/posts/native-plant/penstemon-baccharifolius/,https://tomclothier.hort.net/page08.html#b,yes,
Penstemon cobaea,Penstemon cobaea,"Prairie Penstemon, Prairie Beardtongue, Foxglove Penstemon, Foxglove Beardtongue, False Foxglove, Large-flowered Penstemon, Large-flowered Beardtongue, Cobaea Penstemon, Cobaea Beardtongue, Wild Foxglove",Plantaginaceae,Perennial,Deciduous,Herb,Herb,Sun,"Sun, Part Shade",Low–Medium,Medium,2–4,2–3,Dry,"Apr, May","White, Pink","Butterflies, Hummingbirds",Dotted Checkerspot butterfly,,,Woodland and karst upland systems,Karst Outcrops,Shallow Upland Prairie,rocky calcareous limestone outcrop,rocky calcareous limestone outcrop,"Dry; Medium; Sun, Part Shade",High,No,Publish now,Literature-supported microregion assignment; field/GIS confirmation can be added in a later release.,"LBJ/USDA/FNA/USACE support species habitat traits; NRCS/EPA/TPWD links support site/soil/ecoregion/vegetation validation, not species identity.",v1-online-public-draft,2026-05-27,penstemon-cobaea,https://www.wildflower.org/plants/result.php?id_plant=PECO4,https://www.wildflower.org/plants/result.php?id_plant=PECO4,https://plants.usda.gov/home/basicSearchResults?searchString=Penstemon+cobaea,https://floranorthamerica.org/Special:Search?search=Penstemon+cobaea,https://wetland-plants.sec.usace.army.mil/,https://websoilsurvey.nrcs.usda.gov/app/,https://www.epa.gov/eco-research/ecoregions,https://tpwd.texas.gov/landwater/land/programs/landscape-ecology/ems/,"Public dashboard field. Long source prose, photos, image URLs, full source protocols, and page boilerplate are intentionally excluded from public data files. Use linked source pages for full context.",,Wild Foxglove,Seed | Stem | Clump,Stratification | Cutting | Division,Materials listed: Seed | Stem | Clump. Treatment tags listed: Stratification | Cutting | Division. Full propagation instructions are not reproduced in this public dataset; use the linked NPSOT/source pages for complete protocols.,https://www.npsot.org/posts/native-plant/penstemon-cobaea/,https://earthone.io/plant/penstemon%20cobaea?srsltid=AfmBOor2ypxSJEUcPwhATyZkscT0KAOSg5EGEDFHrL2MfGd67czC4XuT | https://plants.ces.ncsu.edu/plants/penstemon/ | https://www.wildflower.org/plants/result.php?id_plant=PECO4,yes,
Penstemon triflorus,Penstemon triflorus,"Hill Country Penstemon, Hill Country Beardtongue, Scarlet Penstemon, Scarlet Beardtongue, Heller's Penstemon, Heller's Beardtongue",Plantaginaceae,Perennial,Deciduous,Herb,Herb,Sun,Sun,Low,Low,2–3,2–3,Dry,"Apr, May","Red, Pink",Hummingbirds,,,,Upland prairie and open grassland systems,Shallow Upland Prairie,Karst Outcrops; Deep Clay Prairie,sandy/loamy upland prairie or open field,sandy/loamy upland prairie or open field,Dry; Low; Sun,High,No,Publish now,Literature-supported microregion assignment; field/GIS confirmation can be added in a later release.,"LBJ/USDA/FNA/USACE support species habitat traits; NRCS/EPA/TPWD links support site/soil/ecoregion/vegetation validation, not species identity.",v1-online-public-draft,2026-05-27,penstemon-triflorus,https://www.wildflower.org/plants/result.php?id_plant=PETR2,https://www.wildflower.org/plants/result.php?id_plant=PETR2,https://plants.usda.gov/home/basicSearchResults?searchString=Penstemon+triflorus,https://floranorthamerica.org/Special:Search?search=Penstemon+triflorus,https://wetland-plants.sec.usace.army.mil/,https://websoilsurvey.nrcs.usda.gov/app/,https://www.epa.gov/eco-research/ecoregions,https://tpwd.texas.gov/landwater/land/programs/landscape-ecology/ems/,"Public dashboard field. Long source prose, photos, image URLs, full source protocols, and page boilerplate are intentionally excluded from public data files. Use linked source pages for full context.",,Hill Country Penstemon,Seed | Stem,No Treatment | Cutting,Materials listed: Seed | Stem. Treatment tags listed: No Treatment | Cutting. Full propagation instructions are not reproduced in this public dataset; use the linked NPSOT/source pages for complete protocols.,https://www.npsot.org/posts/native-plant/penstemon-triflorus/,https://greg.app/hill-country-penstemon-overview/#,yes,
Perityle lindheimeri,Perityle lindheimeri,"Rocky Daisy, Lindheimer's rock daisy",Asteraceae,Perennial,Deciduous,Subshrub,"Herb, Subshrub","Sun, Part Shade",,"Low, Dry-Moist",,2,2,,"Mar, Apr, May, Jun, Jul, Aug, Sep, Oct, Nov",Yellow,,,,,Woodland and karst upland systems,Karst Outcrops,Shallow Upland Prairie,dry upland; moist mesic; sunny open; shade/part shade,rock daisy; low water dry-moist sun/part shade,,Medium,Optional,Publish with caveat,"Usable for public draft release, but should remain flagged as provisional until optional spot-check or field/GIS support is added.","LBJ/USDA/FNA/USACE support species habitat traits; NRCS/EPA/TPWD links support site/soil/ecoregion/vegetation validation, not species identity.",v1-online-public-draft,2026-05-27,perityle-lindheimeri,https://www.wildflower.org/plants/result.php?id_plant=PELI3,https://www.wildflower.org/plants/result.php?id_plant=PELI3,https://plants.usda.gov/home/basicSearchResults?searchString=Perityle+lindheimeri,https://floranorthamerica.org/Special:Search?search=Perityle+lindheimeri,https://wetland-plants.sec.usace.army.mil/,https://websoilsurvey.nrcs.usda.gov/app/,https://www.epa.gov/eco-research/ecoregions,https://tpwd.texas.gov/landwater/land/programs/landscape-ecology/ems/,"Public dashboard field. Long source prose, photos, image URLs, full source protocols, and page boilerplate are intentionally excluded from public data files. Use linked source pages for full context.",,,,,,,,,
Phacelia congesta,Phacelia congesta,"Caterpillars, Blue Curls, Fiddleneck",Boraginaceae,Annual | Biennial,Deciduous,Herb,Herb,Part Shade,"Sun, Part Shade",Medium,Medium,1–3,1–2,Dry,"Mar, Apr, May","Blue, Purple",Butterflies,,,,Upland prairie and open grassland systems,Shallow Upland Prairie,Shallow Upland Prairie,dry upland prairie slope,dry upland prairie slope,"Dry; Medium; Sun, Part Shade",High,No,Publish now,Literature-supported microregion assignment; field/GIS confirmation can be added in a later release.,"LBJ/USDA/FNA/USACE support species habitat traits; NRCS/EPA/TPWD links support site/soil/ecoregion/vegetation validation, not species identity.",v1-online-public-draft,2026-05-27,phacelia-congesta,https://www.wildflower.org/plants/result.php?id_plant=PHCO2,https://www.wildflower.org/plants/result.php?id_plant=PHCO2,https://plants.usda.gov/home/basicSearchResults?searchString=Phacelia+congesta,https://floranorthamerica.org/Special:Search?search=Phacelia+congesta,https://wetland-plants.sec.usace.army.mil/,https://websoilsurvey.nrcs.usda.gov/app/,https://www.epa.gov/eco-research/ecoregions,https://tpwd.texas.gov/landwater/land/programs/landscape-ecology/ems/,"Public dashboard field. Long source prose, photos, image URLs, full source protocols, and page boilerplate are intentionally excluded from public data files. Use linked source pages for full context.",,Blue Curls,Seed | Cutting,No Treatment | Stratification,Materials listed: Seed | Cutting. Treatment tags listed: No Treatment | Stratification. Full propagation instructions are not reproduced in this public dataset; use the linked NPSOT/source pages for complete protocols.,https://www.npsot.org/posts/native-plant/phacelia-congesta/,https://hayefield.com/product/phacelia-congesta-blue-curls/#:~:text=Germination%20Information:%20You%20can%20start | https://www.forwardplant.com/care/propagate/phacelia-congesta/ | https://nativefloraseeds.org/products/blue-curls#:~:text=Spring%20Sowing:%20If%20starting%20indoors%2C%20stratify%20seeds | https://propagate.one/how-to-propagate-phacelia-congesta/,,
Philadelphus texensis,Philadelphus texensis,Texas Mock Orange,Hydrangeaceae,Perennial,Deciduous,Shrub,Shrub,"Sun, Part Shade",Part Shade,Medium,Low,3–6,3–4,Dry,"Mar, Apr, May",White,,,,,Upland prairie and open grassland systems,Shallow Upland Prairie,Karst Outcrops; Deep Clay Prairie,sandy/loamy upland prairie or open field,sandy/loamy upland prairie or open field,Dry; Low; Part Shade,High,No,Publish now,Literature-supported microregion assignment; field/GIS confirmation can be added in a later release.,"LBJ/USDA/FNA/USACE support species habitat traits; NRCS/EPA/TPWD links support site/soil/ecoregion/vegetation validation, not species identity.",v1-online-public-draft,2026-05-27,philadelphus-texensis,https://www.wildflower.org/plants/result.php?id_plant=PHTE3,https://www.wildflower.org/plants/result.php?id_plant=PHTE3,https://plants.usda.gov/home/basicSearchResults?searchString=Philadelphus+texensis,https://floranorthamerica.org/Special:Search?search=Philadelphus+texensis,https://wetland-plants.sec.usace.army.mil/,https://websoilsurvey.nrcs.usda.gov/app/,https://www.epa.gov/eco-research/ecoregions,https://tpwd.texas.gov/landwater/land/programs/landscape-ecology/ems/,"Public dashboard field. Long source prose, photos, image URLs, full source protocols, and page boilerplate are intentionally excluded from public data files. Use linked source pages for full context.",,,,,,,,,
Phlox drummondii,Phlox drummondii,"Annual Phlox, Drummond Phlox, Pride-of-Texas, Texas Pride",Polemoniaceae,Annual,Deciduous,Herb,Herb,Sun,"Sun, Part Shade",Medium,Low,0.5–1,0.5–1,Dry,"Mar, Apr, May, Jun","White, Red, Pink, Purple",Butterflies,,,,Upland prairie and open grassland systems,Shallow Upland Prairie,Upland Woodland,sandy/loamy upland prairie or open field,sandy/loamy upland prairie or open field,"Dry; Low; Sun, Part Shade",High,No,Publish now,Literature-supported microregion assignment; field/GIS confirmation can be added in a later release.,"LBJ/USDA/FNA/USACE support species habitat traits; NRCS/EPA/TPWD links support site/soil/ecoregion/vegetation validation, not species identity.",v1-online-public-draft,2026-05-27,phlox-drummondii,https://www.wildflower.org/plants/result.php?id_plant=PHDR,https://www.wildflower.org/plants/result.php?id_plant=PHDR,https://plants.usda.gov/home/basicSearchResults?searchString=Phlox+drummondii,https://floranorthamerica.org/Special:Search?search=Phlox+drummondii,https://wetland-plants.sec.usace.army.mil/,https://websoilsurvey.nrcs.usda.gov/app/,https://www.epa.gov/eco-research/ecoregions,https://tpwd.texas.gov/landwater/land/programs/landscape-ecology/ems/,"Public dashboard field. Long source prose, photos, image URLs, full source protocols, and page boilerplate are intentionally excluded from public data files. Use linked source pages for full context.",,Drummond's Phlox,Seed,No Treatment,Materials listed: Seed. Treatment tags listed: No Treatment. Full propagation instructions are not reproduced in this public dataset; use the linked NPSOT/source pages for complete protocols.,https://www.npsot.org/posts/native-plant/phlox-drummondii/,https://www.wildflower.org/plants/result.php?id_plant=PHDR | https://www.picturethisai.com/care/propagate/Phlox_drummondii.html,yes,
Phlox pilosa,Phlox pilosa,"Downy Phlox, Prairie Phlox, Fragrant Phlox",Polemoniaceae,Perennial,Deciduous,Herb,Herb,"Sun, Part Shade","Sun, Part Shade",Medium,Low,1–2,1–2,Dry,"Mar, Apr, May","White, Pink, Purple",,,,,Upland prairie and open grassland systems,Shallow Upland Prairie,Upland Woodland,dry upland prairie slope,dry upland prairie slope,"Dry; Low; Sun, Part Shade",High,No,Publish now,Literature-supported microregion assignment; field/GIS confirmation can be added in a later release.,"LBJ/USDA/FNA/USACE support species habitat traits; NRCS/EPA/TPWD links support site/soil/ecoregion/vegetation validation, not species identity.",v1-online-public-draft,2026-05-27,phlox-pilosa,https://www.wildflower.org/plants/result.php?id_plant=PHPI,https://www.wildflower.org/plants/result.php?id_plant=PHPI,https://plants.usda.gov/home/basicSearchResults?searchString=Phlox+pilosa,https://floranorthamerica.org/Special:Search?search=Phlox+pilosa,https://wetland-plants.sec.usace.army.mil/,https://websoilsurvey.nrcs.usda.gov/app/,https://www.epa.gov/eco-research/ecoregions,https://tpwd.texas.gov/landwater/land/programs/landscape-ecology/ems/,"Public dashboard field. Long source prose, photos, image URLs, full source protocols, and page boilerplate are intentionally excluded from public data files. Use linked source pages for full context.",Region: AGCP AK AW CB EMP GP HI MW NCNE WMVE Status: FACU FAC FACU FACU FACU FACU,Fragrant Phlox,Seed,Stratification,Materials listed: Seed. Treatment tags listed: Stratification. Full propagation instructions are not reproduced in this public dataset; use the linked NPSOT/source pages for complete protocols.,https://www.npsot.org/posts/native-plant/phlox-pilosa/,https://www.wildflower.org/plants/result.php?id_plant=PHPI,yes,
Phyla nodiflora,Phyla nodiflora,"Texas Frogfruit, Turkey Tangle Fogfruit, Frogfruit",Verbenaceae,Perennial,Semi-Evergreen,Herb,Herb,"Sun, Part Shade","Sun, Part Shade",Low–Medium,"Low, Medium",0.5–1,2–3,"Dry, Moist","May, Jun, Jul, Aug, Sep, Oct, Nov","White, Red, Pink",Butterflies,"Phaon Crescentspot, Buckeye, and White Peacock butterflies",,,"Ecotone, thicket, and disturbance-edge systems",Ecotone / Edge Thicket,Riparian Banks; Shallow Upland Prairie; Karst Outcrops; Deep Clay Prairie,marsh/swamp/wetland; limestone/caliche/calcareous; prairie/open field; deep clay/swale; disturbed/roadside/ditch; dry upland; moist mesic; sunny open; shade/part shade,ditches/roadways/beaches/fields; wide tolerance,"Dry, Moist; Low, Medium; Sun, Part Shade; Medium",Medium,Optional,Publish with caveat,"Usable for public draft release, but should remain flagged as provisional until optional spot-check or field/GIS support is added.","LBJ/USDA/FNA/USACE support species habitat traits; NRCS/EPA/TPWD links support site/soil/ecoregion/vegetation validation, not species identity.",v1-online-public-draft,2026-05-27,phyla-nodiflora,https://www.wildflower.org/plants/result.php?id_plant=PHNO2,https://www.wildflower.org/plants/result.php?id_plant=PHNO2,https://plants.usda.gov/home/basicSearchResults?searchString=Phyla+nodiflora,https://floranorthamerica.org/Special:Search?search=Phyla+nodiflora,https://wetland-plants.sec.usace.army.mil/,https://websoilsurvey.nrcs.usda.gov/app/,https://www.epa.gov/eco-research/ecoregions,https://tpwd.texas.gov/landwater/land/programs/landscape-ecology/ems/,"Public dashboard field. Long source prose, photos, image URLs, full source protocols, and page boilerplate are intentionally excluded from public data files. Use linked source pages for full context.",Region: AGCP AK AW CB EMP GP HI MW NCNE WMVE Status: FAC FACW FACW FACW FAC FAC FACW FAC,Frogfruit,Stem | Clump | Seed,Cutting | Division | No Treatment,Materials listed: Stem | Clump | Seed. Treatment tags listed: Cutting | Division | No Treatment. Full propagation instructions are not reproduced in this public dataset; use the linked NPSOT/source pages for complete protocols.,https://www.npsot.org/posts/native-plant/phyla-nodiflora/,https://earthone.io/plant/phyla%20nodiflora | https://www.sustainscapeflorida.com/project/phyla-nodiflora-frog-fruit/#:~:text=Seed%20Propagation&text=Sowing%20the%20seeds%20in%20the,yes,
Physostegia angustifolia,Physostegia angustifolia,Spring Obedient / Flase Dragon Head,Lamiaceae,Perennial,Deciduous,Herb,Herb,Full Sun to Part Shade,,Moist,,3–5,2–3,,"Jun, Jul, Aug, Sep",Pink,,,,,Riparian and floodplain systems,Riparian Banks,Aquatic / Spring Runs; Deep Clay Prairie,moist mesic; sunny open; shade/part shade,moist sun/part shade; genus damp sunny places,,Medium,Optional,Publish with caveat,"Usable for public draft release, but should remain flagged as provisional until optional spot-check or field/GIS support is added.","LBJ/USDA/FNA/USACE support species habitat traits; NRCS/EPA/TPWD links support site/soil/ecoregion/vegetation validation, not species identity.",v1-online-public-draft,2026-05-27,physostegia-angustifolia,https://www.wildflower.org/plants/result.php?id_plant=PHAN6,https://www.wildflower.org/plants/result.php?id_plant=PHAN6,https://plants.usda.gov/home/basicSearchResults?searchString=Physostegia+angustifolia,https://floranorthamerica.org/Special:Search?search=Physostegia+angustifolia,https://wetland-plants.sec.usace.army.mil/,https://websoilsurvey.nrcs.usda.gov/app/,https://www.epa.gov/eco-research/ecoregions,https://tpwd.texas.gov/landwater/land/programs/landscape-ecology/ems/,"Public dashboard field. Long source prose, photos, image URLs, full source protocols, and page boilerplate are intentionally excluded from public data files. Use linked source pages for full context.",Region: AGCP AK AW CB EMP GP HI MW NCNE WMVE Status: FACW FACW FACW FAC FACW,,,,,,,,
Physostegia correllii,Physostegia correllii,Correll's False Dragonhead,Lamiaceae,Perennial,Deciduous,Herb,Herb,"Sun, Part Shade",,Wet,,2–4,1–2,,"Jun, Jul, Aug, Sep",Purple,,,,,Riparian and floodplain systems,Riparian Banks,Aquatic / Spring Runs,stream/river bank; moist mesic; sunny open; shade/part shade,"streamside, wet",,High,No,Publish now,Literature-supported microregion assignment; field/GIS confirmation can be added in a later release.,"LBJ/USDA/FNA/USACE support species habitat traits; NRCS/EPA/TPWD links support site/soil/ecoregion/vegetation validation, not species identity.",v1-online-public-draft,2026-05-27,physostegia-correllii,https://www.wildflower.org/plants/result.php?id_plant=PHCO17,https://www.wildflower.org/plants/result.php?id_plant=PHCO17,https://plants.usda.gov/home/basicSearchResults?searchString=Physostegia+correllii,https://floranorthamerica.org/Special:Search?search=Physostegia+correllii,https://wetland-plants.sec.usace.army.mil/,https://websoilsurvey.nrcs.usda.gov/app/,https://www.epa.gov/eco-research/ecoregions,https://tpwd.texas.gov/landwater/land/programs/landscape-ecology/ems/,"Public dashboard field. Long source prose, photos, image URLs, full source protocols, and page boilerplate are intentionally excluded from public data files. Use linked source pages for full context.",Region: AGCP AK AW CB EMP GP HI MW NCNE WMVE Status: OBL OBL,,,,,,,,
Physostegia virginiana,Physostegia virginiana,"Fall Obedient Plant, False Dragonhead, Virginia Lions-heart",Lamiaceae,Perennial,Deciduous,Herb,Herb,"Sun, Part Shade","Sun, Part Shade, Shade",Medium–Wet,,2–4,2–3,Moist,"Aug, Sep, Oct, Nov","White, Pink, Purple",Hummingbirds,,,,Riparian and floodplain systems,Riparian Banks,Aquatic / Spring Runs; Deep Clay Prairie; Upland Woodland; Karst Outcrops,stream/river bank; marsh/swamp/wetland; limestone/caliche/calcareous; prairie/open field; deep clay/swale; woodland/wood edge; moist mesic; sunny open; shade/part shade,river banks/wet thickets/swamps/low grounds,"Moist; Sun, Part Shade, Shade",High,No,Publish now,Literature-supported microregion assignment; field/GIS confirmation can be added in a later release.,"LBJ/USDA/FNA/USACE support species habitat traits; NRCS/EPA/TPWD links support site/soil/ecoregion/vegetation validation, not species identity.",v1-online-public-draft,2026-05-27,physostegia-virginiana,https://www.wildflower.org/plants/result.php?id_plant=PHVI8,https://www.wildflower.org/plants/result.php?id_plant=PHVI8,https://plants.usda.gov/home/basicSearchResults?searchString=Physostegia+virginiana,https://floranorthamerica.org/Special:Search?search=Physostegia+virginiana,https://wetland-plants.sec.usace.army.mil/,https://websoilsurvey.nrcs.usda.gov/app/,https://www.epa.gov/eco-research/ecoregions,https://tpwd.texas.gov/landwater/land/programs/landscape-ecology/ems/,"Public dashboard field. Long source prose, photos, image URLs, full source protocols, and page boilerplate are intentionally excluded from public data files. Use linked source pages for full context.",Region: AGCP AK AW CB EMP GP HI MW NCNE WMVE Status: FACW FACW FAC FACW FACW FACW FACW,Obedient Plant,Clump | Seed | Stem,Division | Stratification | Cutting,Materials listed: Clump | Seed | Stem. Treatment tags listed: Division | Stratification | Cutting. Full propagation instructions are not reproduced in this public dataset; use the linked NPSOT/source pages for complete protocols.,https://www.npsot.org/posts/native-plant/physostegia-virginiana/,https://www.wildflower.org/plants/result.php?id_plant=PHVI8 | https://www.thespruce.com/obedient-plant-1402852#:~:text=Light | https://www.wildflower.org/plants/result.php?https://www.thespruce.com/obedient-plant-1402852#:~:text=Light | https://farmhouseandblooms.com/how-to-grow-obedient-plant-physostegia-virginiana/#:~:text=sowing%20directly%20into%20the%20garden,yes,
Platanus occidentalis,Platanus occidentalis,"American Sycamore, Eastern Sycamore, American Plane Tree, Plane Tree, Buttonwood, Buttonball Tree",Platanaceae,Perennial,Deciduous,Tree,Tree,Sun,"Sun, Part Shade, Shade",Medium–Wet,High,70–100,50–70,Moist,"Mar, Apr","Red, Yellow, Green, Brown",Birds,,Yellow-bellied Sapsucker (Sphyrapicus varius); American Goldfinch (Spinus tristis); Carolina Chickadee (Poecile carolinensis); Dark-eyed Junco (Junco hyemalis); House Finch (Haemorhous mexicanus); Pine Siskin (Spinus pinus); Purple Finch (Haemorhous purpureus); Eastern Phoebe (Sayornis phoebe); Downy Woodpecker (Dryobates pubescens); Eastern Bluebird (Sialia sialis); Eastern Kingbird (Tyrannus tyrannus); Eastern Screech-Owl (Megascops asio); Eastern Wood-Pewee (Contopus virens); Great Crested Flycatcher (Myiarchus crinitus); Red-headed Woodpecker (Melanerpes erythrocephalus); Wood Duck (Aix sponsa),sapsucker feeding ecology / hardwood sapwell studies | USDA Sycamore Plant Guide: https://plants.usda.gov/DocumentLibrary/plantguide/pdf/cs_ploc.pdf | phoebe winter ecology / riparian perch use | woodpecker ecology / riparian hardwood studies | woodpecker foraging / sycamore decay-wood insect communities | cavity-nesting guild studies | kingbird breeding ecology / riparian tree use | tyrant flycatcher nesting / riparian canopy | woodpecker caching ecology / bottomland hardwoods,Riparian and floodplain systems,Riparian Banks,Shallow Upland Prairie; Upland Woodland,alluvial floodplain or creek terrace,alluvial floodplain or creek terrace,"Moist; High; Sun, Part Shade, Shade",Medium,Optional,Publish with caveat,"Usable for public draft release, but should remain flagged as provisional until optional spot-check or field/GIS support is added.","LBJ/USDA/FNA/USACE support species habitat traits; NRCS/EPA/TPWD links support site/soil/ecoregion/vegetation validation, not species identity.",v1-online-public-draft,2026-05-27,platanus-occidentalis,https://www.wildflower.org/plants/result.php?id_plant=PLOC,https://www.wildflower.org/plants/result.php?id_plant=PLOC,https://plants.usda.gov/home/basicSearchResults?searchString=Platanus+occidentalis,https://floranorthamerica.org/Special:Search?search=Platanus+occidentalis,https://wetland-plants.sec.usace.army.mil/,https://websoilsurvey.nrcs.usda.gov/app/,https://www.epa.gov/eco-research/ecoregions,https://tpwd.texas.gov/landwater/land/programs/landscape-ecology/ems/,"Public dashboard field. Long source prose, photos, image URLs, full source protocols, and page boilerplate are intentionally excluded from public data files. Use linked source pages for full context.",Region: AGCP AK AW CB EMP GP HI MW NCNE WMVE Status: FACW FAC FACW FAC FACW FACW,Sycamore,Seed,No Treatment | Stratification,Materials listed: Seed. Treatment tags listed: No Treatment | Stratification. Full propagation instructions are not reproduced in this public dataset; use the linked NPSOT/source pages for complete protocols.,https://www.npsot.org/posts/native-plant/platanus-occidentalis/,https://www.wildflower.org/plants/result.php?id_plant=PLOC,,
Plectocephalus americanus,Plectocephalus americanus,American Basket-flower,Asteraceae,Annual,,,Herb,,"Sun, Part Shade",,Low,,,Dry,"May, Jun","White, Pink",Butterflies,,,,Upland prairie and open grassland systems,Shallow Upland Prairie,Upland Savanna; Deep Clay Prairie; Ecotone / Edge Thicket,prairie/open field/meadow; woodland/wood edge; deep clay/swale; dry upland; sunny open; shade/part shade,"woodland edge, openings, prairie, plains, meadows, pastures, savannas","Dry; Low; Sun, Part Shade",High,No,Publish now,Literature-supported microregion assignment; field/GIS confirmation can be added in a later release.,"LBJ/USDA/FNA/USACE support species habitat traits; NRCS/EPA/TPWD links support site/soil/ecoregion/vegetation validation, not species identity.",v1-online-public-draft,2026-05-27,plectocephalus-americanus,https://www.wildflower.org/plants/result.php?id_plant=PLAM3,https://www.wildflower.org/plants/result.php?id_plant=PLAM3,https://plants.usda.gov/home/basicSearchResults?searchString=Plectocephalus+americanus,https://floranorthamerica.org/Special:Search?search=Plectocephalus+americanus,https://wetland-plants.sec.usace.army.mil/,https://websoilsurvey.nrcs.usda.gov/app/,https://www.epa.gov/eco-research/ecoregions,https://tpwd.texas.gov/landwater/land/programs/landscape-ecology/ems/,"Public dashboard field. Long source prose, photos, image URLs, full source protocols, and page boilerplate are intentionally excluded from public data files. Use linked source pages for full context.",,American Basketflower,Seed | Stem,No Treatment | Cutting,Materials listed: Seed | Stem. Treatment tags listed: No Treatment | Cutting. Full propagation instructions are not reproduced in this public dataset; use the linked NPSOT/source pages for complete protocols.,https://www.npsot.org/posts/native-plant/centaurea-americana/,https://www.picturethisai.com/care/propagate/Plectocephalus_americanus.html | https://www.rareseeds.com/blog/post/how-to-grow-basketflower-seeds?srsltid=AfmBOorAcfkS1E03MiEt8HYkZdnLEZY8a57Mr6Q_nZtzfF3U7Q5M6IrG | https://propagate.one/how-to-propagate-plectocephalus-americanus/,,
Pluchea odorata,Pluchea odorata,"Sweetscent, Saltmarsh Fleabane",Asteraceae,Annual,Deciduous,Herb,Subshrub,"Sun, Part Shade","Sun, Part Shade, Shade",Medium–Wet,,2–4,2–3,Moist,"Jul, Aug, Sep, Oct","Pink, Purple",,,,,"Aquatic, spring-run, and wetland systems",Aquatic / Spring Runs,Riparian Banks; Deep Clay Prairie,marsh/swamp/wetland; moist mesic; sunny open; shade/part shade,saline/brackish marsh,"Moist; Sun, Part Shade, Shade",High,No,Publish now,Literature-supported microregion assignment; field/GIS confirmation can be added in a later release.,"LBJ/USDA/FNA/USACE support species habitat traits; NRCS/EPA/TPWD links support site/soil/ecoregion/vegetation validation, not species identity.",v1-online-public-draft,2026-05-27,pluchea-odorata,https://www.wildflower.org/plants/result.php?id_plant=PLOD,https://www.wildflower.org/plants/result.php?id_plant=PLOD,https://plants.usda.gov/home/basicSearchResults?searchString=Pluchea+odorata,https://floranorthamerica.org/Special:Search?search=Pluchea+odorata,https://wetland-plants.sec.usace.army.mil/,https://websoilsurvey.nrcs.usda.gov/app/,https://www.epa.gov/eco-research/ecoregions,https://tpwd.texas.gov/landwater/land/programs/landscape-ecology/ems/,"Public dashboard field. Long source prose, photos, image URLs, full source protocols, and page boilerplate are intentionally excluded from public data files. Use linked source pages for full context.",Region: AGCP AK AW CB EMP GP HI MW NCNE WMVE Status: FACW FACW FACW FACW FACW FACW OBL FACW,Saltmarsh Fleabane,Seed | Stem,No Treatment | Cutting,Materials listed: Seed | Stem. Treatment tags listed: No Treatment | Cutting. Full propagation instructions are not reproduced in this public dataset; use the linked NPSOT/source pages for complete protocols.,https://www.npsot.org/posts/native-plant/pluchea-odorata-var-odorata/,https://www.picturethisai.com/care/propagate/Pluchea_odorata.html | https://www.gardenia.net/plant/pluchea-odorata | https://earthone.io/plant/pluchea%20odorata?srsltid=AfmBOoq66Ynimj6K5Ds1lDp0-U-UUBCX3N2e2HVCKVTOqQIS-BssyydN,,
Poa arachnifera,Poa arachnifera,"Texas Bluegrass, Texas Blue Grass",Poaceae,Perennial,Deciduous,Grass,Grass/Grass-like,Sun,"Sun, Part Shade",Low–Medium,Medium,1–2,1–2,Moist,"Mar, Apr, May","White, Green, Brown",Butterflies,,,,Upland prairie and open grassland systems,Shallow Upland Prairie,,sandy/loamy upland prairie or open field,sandy/loamy upland prairie or open field,"Moist; Medium; Sun, Part Shade",High,No,Publish now,Literature-supported microregion assignment; field/GIS confirmation can be added in a later release.,"LBJ/USDA/FNA/USACE support species habitat traits; NRCS/EPA/TPWD links support site/soil/ecoregion/vegetation validation, not species identity.",v1-online-public-draft,2026-05-27,poa-arachnifera,https://www.wildflower.org/plants/result.php?id_plant=POAR,https://www.wildflower.org/plants/result.php?id_plant=POAR,https://plants.usda.gov/home/basicSearchResults?searchString=Poa+arachnifera,https://floranorthamerica.org/Special:Search?search=Poa+arachnifera,https://wetland-plants.sec.usace.army.mil/,https://websoilsurvey.nrcs.usda.gov/app/,https://www.epa.gov/eco-research/ecoregions,https://tpwd.texas.gov/landwater/land/programs/landscape-ecology/ems/,"Public dashboard field. Long source prose, photos, image URLs, full source protocols, and page boilerplate are intentionally excluded from public data files. Use linked source pages for full context.",,,,,,,,,
Pontederia cordata,Pontederia cordata,"Pickerelweed, Pickerel Rush",Pontederiaceae,Perennial,Deciduous,Herb,Herb,"Sun, Part Shade","Sun, Part Shade",Wet,High,2–4,2–3,"Moist, Wet","Jun, Jul, Aug, Sep","White, Blue, Purple",Birds,,,,"Aquatic, spring-run, and wetland systems",Aquatic / Spring Runs,,pond/lake margin or shallow open water,pond/lake margin or shallow open water,"Moist, Wet; High; Sun, Part Shade; Medium",High,No,Publish now,Literature-supported microregion assignment; field/GIS confirmation can be added in a later release.,"LBJ/USDA/FNA/USACE support species habitat traits; NRCS/EPA/TPWD links support site/soil/ecoregion/vegetation validation, not species identity.",v1-online-public-draft,2026-05-27,pontederia-cordata,https://www.wildflower.org/plants/result.php?id_plant=POCO14,https://www.wildflower.org/plants/result.php?id_plant=POCO14,https://plants.usda.gov/home/basicSearchResults?searchString=Pontederia+cordata,https://floranorthamerica.org/Special:Search?search=Pontederia+cordata,https://wetland-plants.sec.usace.army.mil/,https://websoilsurvey.nrcs.usda.gov/app/,https://www.epa.gov/eco-research/ecoregions,https://tpwd.texas.gov/landwater/land/programs/landscape-ecology/ems/,"Public dashboard field. Long source prose, photos, image URLs, full source protocols, and page boilerplate are intentionally excluded from public data files. Use linked source pages for full context.",Region: AGCP AK AW CB EMP GP HI MW NCNE WMVE Status: OBL OBL OBL OBL OBL OBL OBL OBL,Pickerelweed,Root | Seed,Division | No Treatment,Materials listed: Root | Seed. Treatment tags listed: Division | No Treatment. Full propagation instructions are not reproduced in this public dataset; use the linked NPSOT/source pages for complete protocols.,https://www.npsot.org/posts/native-plant/pontederia-cordata/,https://www.gardeningknowhow.com/ornamental/water-plants/pickerelweed/growing-pickerel-rush.htm | https://www.rhs.org.uk/plants/13502/pontederia-cordata/details | https://gardeningsolutions.ifas.ufl.edu/plants/ornamentals/pickerel-weed/#:~:text=Planting%20and%20Care | https://pfaf.org/user/plant.aspx?latinname=Pontederia+cordata#:~:text=Plant%20Propagation,,
Populus deltoides,Populus deltoides,"Eastern Cottonwood, Carolina Poplar, Necklace Poplar, Alamo",Salicaceae,Perennial,Deciduous,Tree,Tree,Sun,"Sun, Part Shade, Shade",Medium–Wet,High,50–100,40–60,"Dry, Moist, Wet","Feb, Mar, Apr",Yellow,"Birds, Butterflies","Mourning Cloak, Red-spotted Purple, Viceroy & Tiger Swallowtail butterfies.",,,Upland prairie and open grassland systems,Shallow Upland Prairie,,sandy/loamy upland prairie or open field,sandy/loamy upland prairie or open field,"Dry, Moist, Wet; High; Sun, Part Shade, Shade; Medium; High",High,No,Publish now,Literature-supported microregion assignment; field/GIS confirmation can be added in a later release.,"LBJ/USDA/FNA/USACE support species habitat traits; NRCS/EPA/TPWD links support site/soil/ecoregion/vegetation validation, not species identity.",v1-online-public-draft,2026-05-27,populus-deltoides,https://www.wildflower.org/plants/result.php?id_plant=PODE3,https://www.wildflower.org/plants/result.php?id_plant=PODE3,https://plants.usda.gov/home/basicSearchResults?searchString=Populus+deltoides,https://floranorthamerica.org/Special:Search?search=Populus+deltoides,https://wetland-plants.sec.usace.army.mil/,https://websoilsurvey.nrcs.usda.gov/app/,https://www.epa.gov/eco-research/ecoregions,https://tpwd.texas.gov/landwater/land/programs/landscape-ecology/ems/,"Public dashboard field. Long source prose, photos, image URLs, full source protocols, and page boilerplate are intentionally excluded from public data files. Use linked source pages for full context.",Region: AGCP AK AW CB EMP GP HI MW NCNE WMVE Status: FAC FAC FAC FAC FAC FAC FAC,Eastern Cottonwood,Semi-harwood | Seed | Root,Cutting | No Treatment | Stratification,Materials listed: Semi-harwood | Seed | Root. Treatment tags listed: Cutting | No Treatment | Stratification. Full propagation instructions are not reproduced in this public dataset; use the linked NPSOT/source pages for complete protocols.,https://www.npsot.org/posts/native-plant/populus-deltoides/,https://courses.washington.edu/esrm412/protocols/2022/PODE3.pdf | https://hort.ifas.ufl.edu/database/lppi/sp292.shtml | https://plantiary.com/plant/populus-deltoides_3795.html | https://npn.rngr.net/renderNPNProtocolDetails?selectedProtocolIds=salicaceae-populus-495,,
Prunus angustifolia,Prunus angustifolia,"Chickasaw Plum, Sandhill Plum",Rosaceae,Perennial,Deciduous,"Shrub, Tree",Tree,Sun,"Sun, Part Shade",Medium,"Low, Medium",6–25,6–20,Dry,"Feb, Mar, Apr, May",White,"Birds, Butterflies",,,,Upland prairie and open grassland systems,Shallow Upland Prairie,Shallow Upland Prairie,sandy/loamy upland prairie or open field,sandy/loamy upland prairie or open field,"Dry; Low, Medium; Sun, Part Shade; High",High,No,Publish now,Literature-supported microregion assignment; field/GIS confirmation can be added in a later release.,"LBJ/USDA/FNA/USACE support species habitat traits; NRCS/EPA/TPWD links support site/soil/ecoregion/vegetation validation, not species identity.",v1-online-public-draft,2026-05-27,prunus-angustifolia,https://www.wildflower.org/plants/result.php?id_plant=PRAN3,https://www.wildflower.org/plants/result.php?id_plant=PRAN3,https://plants.usda.gov/home/basicSearchResults?searchString=Prunus+angustifolia,https://floranorthamerica.org/Special:Search?search=Prunus+angustifolia,https://wetland-plants.sec.usace.army.mil/,https://websoilsurvey.nrcs.usda.gov/app/,https://www.epa.gov/eco-research/ecoregions,https://tpwd.texas.gov/landwater/land/programs/landscape-ecology/ems/,"Public dashboard field. Long source prose, photos, image URLs, full source protocols, and page boilerplate are intentionally excluded from public data files. Use linked source pages for full context.",,,,,,,,yes,
Prunus caroliniana,Prunus caroliniana,"Carolina Cherry-laurel, Cherry-laurel, Laurel Cherry, Carolina Laurel Cherry",Rosaceae,Perennial,Evergreen,Tree,Tree,"Sun, Part Shade","Sun, Part Shade",Medium,Medium,20–40,15–25,Moist,"Feb, Mar, Apr",White,Birds,,,,Upland prairie and open grassland systems,Shallow Upland Prairie,,sandy/loamy upland prairie or open field,sandy/loamy upland prairie or open field,"Moist; Medium; Sun, Part Shade",High,No,Publish now,Literature-supported microregion assignment; field/GIS confirmation can be added in a later release.,"LBJ/USDA/FNA/USACE support species habitat traits; NRCS/EPA/TPWD links support site/soil/ecoregion/vegetation validation, not species identity.",v1-online-public-draft,2026-05-27,prunus-caroliniana,https://www.wildflower.org/plants/result.php?id_plant=PRCA,https://www.wildflower.org/plants/result.php?id_plant=PRCA,https://plants.usda.gov/home/basicSearchResults?searchString=Prunus+caroliniana,https://floranorthamerica.org/Special:Search?search=Prunus+caroliniana,https://wetland-plants.sec.usace.army.mil/,https://websoilsurvey.nrcs.usda.gov/app/,https://www.epa.gov/eco-research/ecoregions,https://tpwd.texas.gov/landwater/land/programs/landscape-ecology/ems/,"Public dashboard field. Long source prose, photos, image URLs, full source protocols, and page boilerplate are intentionally excluded from public data files. Use linked source pages for full context.",Region: AGCP AK AW CB EMP GP HI MW NCNE WMVE Status: FACU FACU FACU FACU FACU,Cherry Laurel,Seed,Stratification,Materials listed: Seed. Treatment tags listed: Stratification. Full propagation instructions are not reproduced in this public dataset; use the linked NPSOT/source pages for complete protocols.,https://www.npsot.org/posts/native-plant/prunus-caroliniana/,https://www.wildflower.org/plants/result.php?id_plant=PRCA,yes,
Prunus mexicana,Prunus mexicana,"Mexican Plum, Bigtree Plum, Inch Plum",Rosaceae,Perennial,Deciduous,Tree,Tree,Sun,"Sun, Part Shade",Medium,Low,15–35,15–25,"Dry, Moist","Feb, Mar, Apr","White, Pink","Birds, Butterflies","Tiger Swallowtail, Cecropia moths",American Robin (Turdus migratorius); Cedar Waxwing (Bombycilla cedrorum); Gray Catbird (Dumetella carolinensis); Northern Mockingbird (Mimus polyglottos); Orchard Oriole (Icterus spurius); Summer Tanager (Piranga rubra); Blue-gray Gnatcatcher (Polioptila caerulea); Carolina Chickadee (Poecile carolinensis); Ruby-crowned Kinglet (Regulus calendula); Yellow Warbler (Setophaga petechia),NPSOT Mexican Plum: https://www.npsot.org/posts/native-plant/prunus-mexicana/ | waxwing diet / native plum fruit ecology,Upland prairie and open grassland systems,Shallow Upland Prairie,Shallow Upland Prairie,sandy/loamy upland prairie or open field,sandy/loamy upland prairie or open field,"Dry, Moist; Low; Sun, Part Shade",High,No,Publish now,Literature-supported microregion assignment; field/GIS confirmation can be added in a later release.,"LBJ/USDA/FNA/USACE support species habitat traits; NRCS/EPA/TPWD links support site/soil/ecoregion/vegetation validation, not species identity.",v1-online-public-draft,2026-05-27,prunus-mexicana,https://www.wildflower.org/plants/result.php?id_plant=PRME,https://www.wildflower.org/plants/result.php?id_plant=PRME,https://plants.usda.gov/home/basicSearchResults?searchString=Prunus+mexicana,https://floranorthamerica.org/Special:Search?search=Prunus+mexicana,https://wetland-plants.sec.usace.army.mil/,https://websoilsurvey.nrcs.usda.gov/app/,https://www.epa.gov/eco-research/ecoregions,https://tpwd.texas.gov/landwater/land/programs/landscape-ecology/ems/,"Public dashboard field. Long source prose, photos, image URLs, full source protocols, and page boilerplate are intentionally excluded from public data files. Use linked source pages for full context.",,Mexican Plum,Seed,Stratification,Materials listed: Seed. Treatment tags listed: Stratification. Full propagation instructions are not reproduced in this public dataset; use the linked NPSOT/source pages for complete protocols.,https://www.npsot.org/posts/native-plant/prunus-mexicana/,https://www.wildflower.org/plants/result.php?id_plant=PRME,yes,
Prunus serotina,Prunus serotina,"Black Cherry, Wild Black Cherry, Rum Cherry",Rosaceae,Perennial,Deciduous,Tree,Tree,"Sun, Part Shade","Sun, Part Shade, Shade",Medium,Medium,50–80,30–50,"Dry, Moist","Mar, Apr, May, Jun",White,"Birds, Butterflies","Eastern Tiger Swallowtail, Cherry Gall Azure, Viceroy, Columbia Silkmoth, Promethea Moth, Small-eyed Sphinx Moth, Wild Cherry Sphinx Moth, Banded Tussock Moth, Band-edged Prominent, Spotted Apatelodes.",American Robin (Turdus migratorius); Gray Catbird (Dumetella carolinensis); Northern Mockingbird (Mimus polyglottos); Orchard Oriole (Icterus spurius); Summer Tanager (Piranga rubra); Blue-gray Gnatcatcher (Polioptila caerulea); Carolina Chickadee (Poecile carolinensis); Ruby-crowned Kinglet (Regulus calendula); Yellow Warbler (Setophaga petechia),USDA Black Cherry Plant Guide: https://plants.sc.egov.usda.gov/DocumentLibrary/plantguide/pdf/pg_prse2.pdf,Upland prairie and open grassland systems,Shallow Upland Prairie,Karst Outcrops,dry upland prairie slope,dry upland prairie slope,"Dry, Moist; Medium; Sun, Part Shade, Shade",High,No,Publish now,Literature-supported microregion assignment; field/GIS confirmation can be added in a later release.,"LBJ/USDA/FNA/USACE support species habitat traits; NRCS/EPA/TPWD links support site/soil/ecoregion/vegetation validation, not species identity.",v1-online-public-draft,2026-05-27,prunus-serotina,https://www.wildflower.org/plants/result.php?id_plant=PRSE2,https://www.wildflower.org/plants/result.php?id_plant=PRSE2,https://plants.usda.gov/home/basicSearchResults?searchString=Prunus+serotina,https://floranorthamerica.org/Special:Search?search=Prunus+serotina,https://wetland-plants.sec.usace.army.mil/,https://websoilsurvey.nrcs.usda.gov/app/,https://www.epa.gov/eco-research/ecoregions,https://tpwd.texas.gov/landwater/land/programs/landscape-ecology/ems/,"Public dashboard field. Long source prose, photos, image URLs, full source protocols, and page boilerplate are intentionally excluded from public data files. Use linked source pages for full context.",Region: AGCP AK AW CB EMP GP HI MW NCNE WMVE Status: FACU FACU FACU FACU FACU FACU FACU,,,,,,,yes,
Prunus serotina var. eximia,Prunus serotina var. eximia,Escarpment Cherry,Rosaceae,Perennial,Deciduous,Tree,Tree,Sun,"Sun, Part Shade",Medium,"Low, Medium",45,35,Moist,"Mar, Apr",White,"Birds, Butterflies","Eastern Tiger Swallowtail, viceroys, Columbia Silkmoth, Promethea moths, Small-eyed Sphinx Moth, Wild Cherry Sphinx Moth, Banded Tussock Moth, Spotted Apatelodes",,,Woodland and karst upland systems,Mesic Canyons & Seeps,Upland Woodland; Riparian Banks; Karst Outcrops; Shallow Upland Prairie,floodplain/bottomland; ravine/canyon/depression; limestone/caliche/calcareous; rocky/ledge/slope; woodland/wood edge; moist mesic,"woodlands/canyons/floodplains/lower riparian slopes, moist calcareous soils","Moist; Low, Medium; Sun, Part Shade; High; Medium",High,No,Publish now,Literature-supported microregion assignment; field/GIS confirmation can be added in a later release.,"LBJ/USDA/FNA/USACE support species habitat traits; NRCS/EPA/TPWD links support site/soil/ecoregion/vegetation validation, not species identity.",v1-online-public-draft,2026-05-27,prunus-serotina-var-eximia,https://www.wildflower.org/plants/result.php?id_plant=PRSEE,https://www.wildflower.org/plants/result.php?id_plant=PRSEE,https://plants.usda.gov/home/basicSearchResults?searchString=Prunus+serotina+var.+eximia,https://floranorthamerica.org/Special:Search?search=Prunus+serotina+var.+eximia,https://wetland-plants.sec.usace.army.mil/,https://websoilsurvey.nrcs.usda.gov/app/,https://www.epa.gov/eco-research/ecoregions,https://tpwd.texas.gov/landwater/land/programs/landscape-ecology/ems/,"Public dashboard field. Long source prose, photos, image URLs, full source protocols, and page boilerplate are intentionally excluded from public data files. Use linked source pages for full context.",,Escarpment Black Cherry,Seed,Stratification,Materials listed: Seed. Treatment tags listed: Stratification. Full propagation instructions are not reproduced in this public dataset; use the linked NPSOT/source pages for complete protocols.,https://www.npsot.org/posts/native-plant/prunus-serotina-var-eximia-2/,https://www.wildflower.org/plants/result.php?id_plant=prsee,yes,
Ptelea trifoliata,Ptelea trifoliata,"Wafer Ash, Common Hoptree, Hop Tree",Rutaceae,Perennial,Deciduous,Tree,Tree,"Sun, Part Shade","Sun, Part Shade, Shade",Medium,"Low, Medium, High",10–20,8–15,"Dry, Moist, Wet","Mar, Apr, May, Jun, Jul","White, Green, Brown","Birds, Butterflies","Eastern Tiger Swallowtail, Giant Swallowtail",,,Woodland and karst upland systems,Karst Outcrops,Shallow Upland Prairie,gravelly calcareous slope or terrace,gravelly calcareous slope or terrace,"Dry, Moist, Wet; Low, Medium, High; Sun, Part Shade, Shade; Medium",Medium,Optional,Publish with caveat,"Usable for public draft release, but should remain flagged as provisional until optional spot-check or field/GIS support is added.","LBJ/USDA/FNA/USACE support species habitat traits; NRCS/EPA/TPWD links support site/soil/ecoregion/vegetation validation, not species identity.",v1-online-public-draft,2026-05-27,ptelea-trifoliata,https://www.wildflower.org/plants/result.php?id_plant=PTTR,https://www.wildflower.org/plants/result.php?id_plant=PTTR,https://plants.usda.gov/home/basicSearchResults?searchString=Ptelea+trifoliata,https://floranorthamerica.org/Special:Search?search=Ptelea+trifoliata,https://wetland-plants.sec.usace.army.mil/,https://websoilsurvey.nrcs.usda.gov/app/,https://www.epa.gov/eco-research/ecoregions,https://tpwd.texas.gov/landwater/land/programs/landscape-ecology/ems/,"Public dashboard field. Long source prose, photos, image URLs, full source protocols, and page boilerplate are intentionally excluded from public data files. Use linked source pages for full context.",Region: AGCP AK AW CB EMP GP HI MW NCNE WMVE Status: FACU UPL FAC FAC FACU FACU UPL,Wafer Ash,Seed,Stratification,Materials listed: Seed. Treatment tags listed: Stratification. Full propagation instructions are not reproduced in this public dataset; use the linked NPSOT/source pages for complete protocols.,https://www.npsot.org/posts/native-plant/ptelea-trifoliata/,https://www.wildflower.org/plants/result.php?id_plant=PTTR,yes,
Quercus buckleyi,Quercus buckleyi,"Texas Red Oak, Buckley Oak, Texas Oak, Spanish Oak, Spotted Oak, Rock Oak",Fagaceae,Perennial,Deciduous,Tree,Tree,Sun,"Sun, Part Shade",Low,Low,30–50,30–40,Dry,"Mar, Apr, May, Jun","White, Red, Green",,,Black-and-white Warbler (Mniotilta varia); Golden-cheeked Warbler (Setophaga chrysoparia); Summer Tanager (Piranga rubra); Tufted Titmouse (Baeolophus bicolor); Blue Jay (Cyanocitta cristata); Western Kingbird (Tyrannus verticalis); Eastern Bluebird (Sialia sialis); Eastern Screech-Owl (Megascops asio); Eastern Wood-Pewee (Contopus virens); Great Crested Flycatcher (Myiarchus crinitus); Inca Dove (Columbina inca); White-winged Dove (Zenaida asiatica),warbler foraging guild / oak bark insect communities | TPWD Golden-cheeked Warbler: https://tpwd.texas.gov/huntwild/wild/species/gcw/ | Cornell species account / hymenopteran specialization | titmouse nesting studies / oak canopy insect communities | corvid caching / oak regeneration studies | open woodland flycatcher studies | bluebird nesting ecology / oak savanna habitat | owl cavity-use studies / oak woodland records | pewee nesting ecology / oak woodland studies | Myiarchus nesting ecology / oak woodland breeding studies | dove nesting ecology; oak usage | dove nesting ecology / Central Texas oak woodland studies,Woodland and karst upland systems,Karst Outcrops,Upland Woodland; Riparian Banks; Shallow Upland Prairie,stream/river bank; limestone/caliche/calcareous; rocky/ledge/slope; deep clay/swale; moist mesic,limestone ridges/slopes/creek bottoms,"Dry; Low; Sun, Part Shade; High",High,No,Publish now,Literature-supported microregion assignment; field/GIS confirmation can be added in a later release.,"LBJ/USDA/FNA/USACE support species habitat traits; NRCS/EPA/TPWD links support site/soil/ecoregion/vegetation validation, not species identity.",v1-online-public-draft,2026-05-27,quercus-buckleyi,https://www.wildflower.org/plants/result.php?id_plant=QUBU2,https://www.wildflower.org/plants/result.php?id_plant=QUBU2,https://plants.usda.gov/home/basicSearchResults?searchString=Quercus+buckleyi,https://floranorthamerica.org/Special:Search?search=Quercus+buckleyi,https://wetland-plants.sec.usace.army.mil/,https://websoilsurvey.nrcs.usda.gov/app/,https://www.epa.gov/eco-research/ecoregions,https://tpwd.texas.gov/landwater/land/programs/landscape-ecology/ems/,"Public dashboard field. Long source prose, photos, image URLs, full source protocols, and page boilerplate are intentionally excluded from public data files. Use linked source pages for full context.",,Texas Red Oak,Seed | Semi-harwood,Scarification | Stratification | Cutting,Materials listed: Seed | Semi-harwood. Treatment tags listed: Scarification | Stratification | Cutting. Full propagation instructions are not reproduced in this public dataset; use the linked NPSOT/source pages for complete protocols.,https://www.npsot.org/posts/native-plant/quercus-buckleyi/,https://sheffields.com/seeds/Quercus/buckleyi#:~:text=Growing%20Info | https://www.picturethisai.com/care/Quercus_buckleyi.html#:~:text=Propagation%20Time:%20Spring | https://www.picturethisai.com/care/propagate/Quercus_buckleyi.html#:~:text=Texas%20red%20oak%20is%20a,,
Quercus fusiformis,Quercus fusiformis,"Escarpment Live Oak, Plateau Live Oak, Hill Country Live Oak, Texas Live Oak, Scrub Live Oak, Plateau Oak, Encino Molino, Tesmoli",Fagaceae,Perennial,Evergreen,Tree,Tree,Sun,"Sun, Part Shade",Low,Low,20–40,25–35,Dry,"Mar, Apr, May",Yellow,"Birds, Butterflies","Hairstreak, Horace's Duskywing",Turkey Vulture (Cathartes aura); Black-and-white Warbler (Mniotilta varia); Blue-gray Gnatcatcher (Polioptila caerulea); Brown-headed Cowbird (Molothrus ater); Carolina Chickadee (Poecile carolinensis); Golden-cheeked Warbler (Setophaga chrysoparia); Orange-crowned Warbler (Leiothlypis celata); Ruby-crowned Kinglet (Corthylio calendula); Ruby-crowned Kinglet (Regulus calendula); Summer Tanager (Piranga rubra); Yellow-rumped Warbler (Setophaga coronata); Yellow-throated Vireo (Vireo flavifrons); American Crow (Corvus brachyrhynchos); Blue Jay (Cyanocitta cristata); Mourning Dove (Zenaida macroura); Red-bellied Woodpecker (Melanerpes carolinus); White-winged Dove (Zenaida asiatica); Wild Turkey (Meleagris gallopavo); American Robin (Turdus migratorius); Black-crested Titmouse (Baeolophus atricristatus); Great Horned Owl (Bubo virginianus); Tufted Titmouse (Baeolophus bicolor),vulture roost ecology / large-canopy tree use | USFS Live Oak Silvics: https://research.fs.usda.gov/silvics/live-oak | songbird nesting ecology / oak canopy insect use | generalist foraging ecology; oak insect productivity | oak caterpillar biomass used by birds | TPWD Golden-cheeked Warbler: https://tpwd.texas.gov/huntwild/wild/species/gcw/ | kinglet winter ecology / oak micro-invertebrates | Birds of the World / oak food web synthesis: https://birdsoftheworld.org | Blue Jay acorn caching behavior sources | robin winter ecology / oak woodland resource use | Edwards Plateau bird ecology / oak cavity networks | chickadee life history / oak woodland ecology | raptor nesting ecology / oak woodland nesting | titmouse ecology / oak woodland studies | vireo canopy ecology / oak woodland studies,Woodland and karst upland systems,Karst Outcrops,,rocky calcareous limestone outcrop,rocky calcareous limestone outcrop,"Dry; Low; Sun, Part Shade; High",High,No,Publish now,Literature-supported microregion assignment; field/GIS confirmation can be added in a later release.,"LBJ/USDA/FNA/USACE support species habitat traits; NRCS/EPA/TPWD links support site/soil/ecoregion/vegetation validation, not species identity.",v1-online-public-draft,2026-05-27,quercus-fusiformis,https://www.wildflower.org/plants/result.php?id_plant=QUFU,https://www.wildflower.org/plants/result.php?id_plant=QUFU,https://plants.usda.gov/home/basicSearchResults?searchString=Quercus+fusiformis,https://floranorthamerica.org/Special:Search?search=Quercus+fusiformis,https://wetland-plants.sec.usace.army.mil/,https://websoilsurvey.nrcs.usda.gov/app/,https://www.epa.gov/eco-research/ecoregions,https://tpwd.texas.gov/landwater/land/programs/landscape-ecology/ems/,"Public dashboard field. Long source prose, photos, image URLs, full source protocols, and page boilerplate are intentionally excluded from public data files. Use linked source pages for full context.",,Escarpment Live Oak,Seed | Softwood,Stratification | Cutting,Materials listed: Seed | Softwood. Treatment tags listed: Stratification | Cutting. Full propagation instructions are not reproduced in this public dataset; use the linked NPSOT/source pages for complete protocols.,https://www.npsot.org/posts/native-plant/quercus-fusiformis/,https://www.botanikks.com/plants/quercus-fusiformis-small/548392/1 | https://earthone.io/plant/quercus%20fusiformis?srsltid | https://www.picturethisai.com/care/propagate/Quercus_fusiformis.html,,
Quercus laceyi,Quercus laceyi,"Lacey Oak, Texas Blue Oak, Canyon Oak, Smoky Oak, Rock Oak",Fagaceae,Perennial,Deciduous,Tree,Tree,Sun,"Sun, Part Shade",Low,,30–50,30–40,Dry,"Mar, Apr, May",Yellow,Birds,,,,Woodland and karst upland systems,Karst Outcrops,,rocky calcareous limestone outcrop,rocky calcareous limestone outcrop,"Dry; Sun, Part Shade",High,No,Publish now,Literature-supported microregion assignment; field/GIS confirmation can be added in a later release.,"LBJ/USDA/FNA/USACE support species habitat traits; NRCS/EPA/TPWD links support site/soil/ecoregion/vegetation validation, not species identity.",v1-online-public-draft,2026-05-27,quercus-laceyi,https://www.wildflower.org/plants/result.php?id_plant=QULA,https://www.wildflower.org/plants/result.php?id_plant=QULA,https://plants.usda.gov/home/basicSearchResults?searchString=Quercus+laceyi,https://floranorthamerica.org/Special:Search?search=Quercus+laceyi,https://wetland-plants.sec.usace.army.mil/,https://websoilsurvey.nrcs.usda.gov/app/,https://www.epa.gov/eco-research/ecoregions,https://tpwd.texas.gov/landwater/land/programs/landscape-ecology/ems/,"Public dashboard field. Long source prose, photos, image URLs, full source protocols, and page boilerplate are intentionally excluded from public data files. Use linked source pages for full context.",,Lacey Oak,Seed | Stem,No Treatment | Cutting,Materials listed: Seed | Stem. Treatment tags listed: No Treatment | Cutting. Full propagation instructions are not reproduced in this public dataset; use the linked NPSOT/source pages for complete protocols.,https://www.npsot.org/posts/native-plant/quercus-laceyi/,https://www.wildflower.org/plants/result.php?id_plant=QULA | https://www.picturethisai.com/care/propagate/Quercus_laceyi.html,,
Quercus macrocarpa,Quercus macrocarpa,"Bur Oak, Burr Oak, Savanna Oak, Overcup Oak, Prairie Oak, Mossy-cup Oak, Mossy-overcup Oak, Blue Oak",Fagaceae,Perennial,Deciduous,Tree,Tree,Sun,"Sun, Part Shade, Shade",Medium,Medium,60–80,40–60,"Dry, Moist, Wet","Mar, Apr, May","Yellow, Green, Brown",Butterflies,"Edwards' Hairstreak, Horace's Duskywing butterfly",,,Upland prairie and open grassland systems,Shallow Upland Prairie,Karst Outcrops,sandy/loamy upland prairie or open field,sandy/loamy upland prairie or open field,"Dry, Moist, Wet; Medium; Sun, Part Shade, Shade; Medium",High,No,Publish now,Literature-supported microregion assignment; field/GIS confirmation can be added in a later release.,"LBJ/USDA/FNA/USACE support species habitat traits; NRCS/EPA/TPWD links support site/soil/ecoregion/vegetation validation, not species identity.",v1-online-public-draft,2026-05-27,quercus-macrocarpa,https://www.wildflower.org/plants/result.php?id_plant=QUMA2,https://www.wildflower.org/plants/result.php?id_plant=QUMA2,https://plants.usda.gov/home/basicSearchResults?searchString=Quercus+macrocarpa,https://floranorthamerica.org/Special:Search?search=Quercus+macrocarpa,https://wetland-plants.sec.usace.army.mil/,https://websoilsurvey.nrcs.usda.gov/app/,https://www.epa.gov/eco-research/ecoregions,https://tpwd.texas.gov/landwater/land/programs/landscape-ecology/ems/,"Public dashboard field. Long source prose, photos, image URLs, full source protocols, and page boilerplate are intentionally excluded from public data files. Use linked source pages for full context.",Region: AGCP AK AW CB EMP GP HI MW NCNE WMVE Status: FACU FAC FAC FACU FAC FACU FACU,Bur Oak,Seed | Hardwood,No Treatment | Stratification | Cutting,Materials listed: Seed | Hardwood. Treatment tags listed: No Treatment | Stratification | Cutting. Full propagation instructions are not reproduced in this public dataset; use the linked NPSOT/source pages for complete protocols.,https://www.npsot.org/posts/native-plant/quercus-macrocarpa/,https://www.wildflower.org/plants/result.php?id_plant=QUMA2 | https://www.nrcs.usda.gov/plantmaterials/mtpmcrb13122.pdf | https://www.thespruce.com/growing-bur-oak-5091583 | https://earthone.io/plant/quercus%20macrocarpa?srsltid=AfmBOooHHKA7cs44zjozakqm7i_NjUcDqtUw-n_CGi61to53Y6KQRnM- | https://www.eiu.edu/biology/posters/2012-01.pdf,,
Quercus marilandica,Quercus marilandica,"Blackjack Oak, Barren Oak, Black Oak, Jack Oak",Fagaceae,Perennial,Deciduous,Tree,Tree,Sun,Part Shade,Low,Low,30–50,30–40,Dry,"Mar, Apr, May","White, Red, Green","Birds, Butterflies","Horace's Duskywing, White M hairstreak.",,,Upland prairie and open grassland systems,Deep Clay Prairie,Shallow Upland Prairie,deep clay or calcareous clay prairie,deep clay or calcareous clay prairie,Dry; Low; Part Shade; Low,Medium,Optional,Publish with caveat,"Usable for public draft release, but should remain flagged as provisional until optional spot-check or field/GIS support is added.","LBJ/USDA/FNA/USACE support species habitat traits; NRCS/EPA/TPWD links support site/soil/ecoregion/vegetation validation, not species identity.",v1-online-public-draft,2026-05-27,quercus-marilandica,https://www.wildflower.org/plants/result.php?id_plant=QUMA3,https://www.wildflower.org/plants/result.php?id_plant=QUMA3,https://plants.usda.gov/home/basicSearchResults?searchString=Quercus+marilandica,https://floranorthamerica.org/Special:Search?search=Quercus+marilandica,https://wetland-plants.sec.usace.army.mil/,https://websoilsurvey.nrcs.usda.gov/app/,https://www.epa.gov/eco-research/ecoregions,https://tpwd.texas.gov/landwater/land/programs/landscape-ecology/ems/,"Public dashboard field. Long source prose, photos, image URLs, full source protocols, and page boilerplate are intentionally excluded from public data files. Use linked source pages for full context.",,Blackjack Oak,Seed | Semi-harwood,No Treatment | Stratification | Cutting,Materials listed: Seed | Semi-harwood. Treatment tags listed: No Treatment | Stratification | Cutting. Full propagation instructions are not reproduced in this public dataset; use the linked NPSOT/source pages for complete protocols.,https://www.npsot.org/posts/native-plant/quercus-marilandica/,https://npn.rngr.net/renderNPNProtocolDetails?selectedProtocolIds=fagaceae-quercus-499&referer=wildflower | https://plantiary.com/plant/quercus-marilandica_3621.html#:~:text=To%20propagate%20this%20plant%2C%20you | https://www.picturethisai.com/care/Quercus_marilandica.html#:~:text=How%20to%20Propagate%20Blackjack%20oak?&text=Blackjack%20oak%20propagates%20easily%20through | https://greg.app/propagate-blackjack-oak/#:~:text=%F0%9F%8C%B1%20Selecting%20the%20Right%20Cuttings,,
Quercus muehlenbergii,Quercus muehlenbergii,Chinquapin Oak,Fagaceae,Perennial,Deciduous,Tree,Tree,Sun,"Sun, Part Shade",Medium,Medium,40–60,40–50,Dry,"Mar, Apr, May","Yellow, Green, Brown","Birds, Butterflies, Hummingbirds",Gray Hairstreak,,,Woodland and karst upland systems,Karst Outcrops,,rocky calcareous limestone outcrop,rocky calcareous limestone outcrop,"Dry; Medium; Sun, Part Shade; High",High,No,Publish now,Literature-supported microregion assignment; field/GIS confirmation can be added in a later release.,"LBJ/USDA/FNA/USACE support species habitat traits; NRCS/EPA/TPWD links support site/soil/ecoregion/vegetation validation, not species identity.",v1-online-public-draft,2026-05-27,quercus-muehlenbergii,https://www.wildflower.org/plants/result.php?id_plant=QUMU,https://www.wildflower.org/plants/result.php?id_plant=QUMU,https://plants.usda.gov/home/basicSearchResults?searchString=Quercus+muehlenbergii,https://floranorthamerica.org/Special:Search?search=Quercus+muehlenbergii,https://wetland-plants.sec.usace.army.mil/,https://websoilsurvey.nrcs.usda.gov/app/,https://www.epa.gov/eco-research/ecoregions,https://tpwd.texas.gov/landwater/land/programs/landscape-ecology/ems/,"Public dashboard field. Long source prose, photos, image URLs, full source protocols, and page boilerplate are intentionally excluded from public data files. Use linked source pages for full context.",Region: AGCP AK AW CB EMP GP HI MW NCNE WMVE Status: UPL FAC UPL FAC FACU FACU FACU,Chinkapin Oak,Seed,No Treatment,Materials listed: Seed. Treatment tags listed: No Treatment. Full propagation instructions are not reproduced in this public dataset; use the linked NPSOT/source pages for complete protocols.,https://www.npsot.org/posts/native-plant/quercus-muehlenbergii/,https://www.thespruce.com/chinkapin-oak-growing-guide-5202085#:~:text=Propagating%20Chinkapin%20Oak | https://www.nrcs.usda.gov/plantmaterials/wvpmcot12017.pdf,,
Quercus shumardii,Quercus shumardii,"Shumard Oak, Shumard's Oak, Shumard Red Oak, Southern Red Oak, Swamp Red Oak, Spotted Oak",Fagaceae,Perennial,Deciduous,Tree,Tree,Sun,"Sun, Part Shade",Medium,Medium,50–90,40–60,"Dry, Moist","Mar, Apr, May","White, Green",Butterflies,Horace's Duskywing butterfly,,,Upland prairie and open grassland systems,Shallow Upland Prairie,Karst Outcrops,sandy/loamy upland prairie or open field,sandy/loamy upland prairie or open field,"Dry, Moist; Medium; Sun, Part Shade; Low",Medium,Optional,Publish with caveat,"Usable for public draft release, but should remain flagged as provisional until optional spot-check or field/GIS support is added.","LBJ/USDA/FNA/USACE support species habitat traits; NRCS/EPA/TPWD links support site/soil/ecoregion/vegetation validation, not species identity.",v1-online-public-draft,2026-05-27,quercus-shumardii,https://www.wildflower.org/plants/result.php?id_plant=QUSH,https://www.wildflower.org/plants/result.php?id_plant=QUSH,https://plants.usda.gov/home/basicSearchResults?searchString=Quercus+shumardii,https://floranorthamerica.org/Special:Search?search=Quercus+shumardii,https://wetland-plants.sec.usace.army.mil/,https://websoilsurvey.nrcs.usda.gov/app/,https://www.epa.gov/eco-research/ecoregions,https://tpwd.texas.gov/landwater/land/programs/landscape-ecology/ems/,"Public dashboard field. Long source prose, photos, image URLs, full source protocols, and page boilerplate are intentionally excluded from public data files. Use linked source pages for full context.",Region: AGCP AK AW CB EMP GP HI MW NCNE WMVE Status: FAC FAC FAC FACW FACW,Shumard Oak,Seed | Stem,No Treatment | Cutting,Materials listed: Seed | Stem. Treatment tags listed: No Treatment | Cutting. Full propagation instructions are not reproduced in this public dataset; use the linked NPSOT/source pages for complete protocols.,https://www.npsot.org/posts/native-plant/quercus-shumardii/,https://apps.cals.arizona.edu/arboretum/taxon.aspx?id=838#:~:text=Cultivation%20Notes:%20Like%20most%20oaks | https://www.wildflower.org/plants/result.php?id_plant=QUSH | https://www.nrcs.usda.gov/plantmaterials/wvpmcot12018.pdf | https://www.picturethisai.com/care/propagate/Quercus_shumardii.html#:~:text=Shumard%20oak%20can%20be%20propagated,,
Quercus virginiana,Quercus virginiana,"Coastal Live Oak, Southern Live Oak, Virginia Live Oak, Live Oak, Encino",Fagaceae,Perennial,Evergreen,Tree,Tree,"Sun, Part Shade","Sun, Part Shade",Low–Medium,Medium,40–80,60–100,Moist,"Mar, Apr, May",Yellow,"Birds, Butterflies","Horace's Duskywing, White M hairstreak, Northern hairstreak.",,,Upland prairie and open grassland systems,Shallow Upland Prairie,Karst Outcrops; Deep Clay Prairie,sandy/loamy upland prairie or open field,sandy/loamy upland prairie or open field,"Moist; Medium; Sun, Part Shade",Medium,Optional,Publish with caveat,"Usable for public draft release, but should remain flagged as provisional until optional spot-check or field/GIS support is added.","LBJ/USDA/FNA/USACE support species habitat traits; NRCS/EPA/TPWD links support site/soil/ecoregion/vegetation validation, not species identity.",v1-online-public-draft,2026-05-27,quercus-virginiana,https://www.wildflower.org/plants/result.php?id_plant=QUVI,https://www.wildflower.org/plants/result.php?id_plant=QUVI,https://plants.usda.gov/home/basicSearchResults?searchString=Quercus+virginiana,https://floranorthamerica.org/Special:Search?search=Quercus+virginiana,https://wetland-plants.sec.usace.army.mil/,https://websoilsurvey.nrcs.usda.gov/app/,https://www.epa.gov/eco-research/ecoregions,https://tpwd.texas.gov/landwater/land/programs/landscape-ecology/ems/,"Public dashboard field. Long source prose, photos, image URLs, full source protocols, and page boilerplate are intentionally excluded from public data files. Use linked source pages for full context.",Region: AGCP AK AW CB EMP GP HI MW NCNE WMVE Status: FACU FACU FACU FACU UPL,Live Oak,Seed | Semi-harwood | Root,No Treatment | Cutting,Materials listed: Seed | Semi-harwood | Root. Treatment tags listed: No Treatment | Cutting. Full propagation instructions are not reproduced in this public dataset; use the linked NPSOT/source pages for complete protocols.,https://www.npsot.org/posts/native-plant/quercus-virginiana/,https://hort.ifas.ufl.edu/database/lppi/sp319.shtml#:~:text=Time%20of%20year%20to%20graft | https://www.wildflower.org/plants/result.php?id_plant=QUVI | https://www.gardenia.net/plant/quercus-virginiana | https://agrilife.org/elpaso/files/2011/10/Cloning-live-oak.pdf,,
Ranunculus macranthus,Ranunculus macranthus,Large Buttercup,Ranunculaceae,Perennial,Deciduous,Herb,Herb,"Sun, Part Shade",Sun,Medium,Medium,1–2,1–2,Moist,"Mar, Apr",Yellow,,,,,Upland prairie and open grassland systems,Shallow Upland Prairie,,sandy/loamy upland prairie or open field,sandy/loamy upland prairie or open field,Moist; Medium; Sun,High,No,Publish now,Literature-supported microregion assignment; field/GIS confirmation can be added in a later release.,"LBJ/USDA/FNA/USACE support species habitat traits; NRCS/EPA/TPWD links support site/soil/ecoregion/vegetation validation, not species identity.",v1-online-public-draft,2026-05-27,ranunculus-macranthus,https://www.wildflower.org/plants/result.php?id_plant=RAMA3,https://www.wildflower.org/plants/result.php?id_plant=RAMA3,https://plants.usda.gov/home/basicSearchResults?searchString=Ranunculus+macranthus,https://floranorthamerica.org/Special:Search?search=Ranunculus+macranthus,https://wetland-plants.sec.usace.army.mil/,https://websoilsurvey.nrcs.usda.gov/app/,https://www.epa.gov/eco-research/ecoregions,https://tpwd.texas.gov/landwater/land/programs/landscape-ecology/ems/,"Public dashboard field. Long source prose, photos, image URLs, full source protocols, and page boilerplate are intentionally excluded from public data files. Use linked source pages for full context.",Region: AGCP AK AW CB EMP GP HI MW NCNE WMVE Status: FACW FACW,Big Buttercup,Seed | Tuber | Stem,Scarification | Division | Cutting,Materials listed: Seed | Tuber | Stem. Treatment tags listed: Scarification | Division | Cutting. Full propagation instructions are not reproduced in this public dataset; use the linked NPSOT/source pages for complete protocols.,https://www.npsot.org/posts/native-plant/ranunculs-macranthus/,https://greg.app/ranunculus-macranthus-overview/ | https://www.picturethisai.com/wiki/Ranunculus_macranthus.html | https://www.forwardplant.com/plant-info/ranunculus-macranthus/,yes,
Ratibida columnifera,Ratibida columnifera,"Mexican Hat, Red-spike Mexican Hat, Upright Prairie Coneflower, Prairie Coneflower, Long-headed Coneflower, Thimbleflower",Asteraceae,Perennial,Deciduous,Herb,Herb,Sun,Sun,Low,Medium,1–3,1–2,"Dry, Moist","May, Jun, Jul, Aug, Sep, Oct","Orange, Yellow, Brown",,,,,Upland prairie and open grassland systems,Shallow Upland Prairie,,sandy/loamy upland prairie or open field,sandy/loamy upland prairie or open field,"Dry, Moist; Medium; Sun; High",High,No,Publish now,Literature-supported microregion assignment; field/GIS confirmation can be added in a later release.,"LBJ/USDA/FNA/USACE support species habitat traits; NRCS/EPA/TPWD links support site/soil/ecoregion/vegetation validation, not species identity.",v1-online-public-draft,2026-05-27,ratibida-columnifera,https://www.wildflower.org/plants/result.php?id_plant=RACO3,https://www.wildflower.org/plants/result.php?id_plant=RACO3,https://plants.usda.gov/home/basicSearchResults?searchString=Ratibida+columnifera,https://floranorthamerica.org/Special:Search?search=Ratibida+columnifera,https://wetland-plants.sec.usace.army.mil/,https://websoilsurvey.nrcs.usda.gov/app/,https://www.epa.gov/eco-research/ecoregions,https://tpwd.texas.gov/landwater/land/programs/landscape-ecology/ems/,"Public dashboard field. Long source prose, photos, image URLs, full source protocols, and page boilerplate are intentionally excluded from public data files. Use linked source pages for full context.",,Mexican Hat,Seed,No Treatment | Stratification,Materials listed: Seed. Treatment tags listed: No Treatment | Stratification. Full propagation instructions are not reproduced in this public dataset; use the linked NPSOT/source pages for complete protocols.,https://www.npsot.org/posts/native-plant/ratibida-columnifera/,https://www.wildflower.org/plants/result.php?id_plant=RACO3 | https://www.picturethisai.com/care/propagate/Ratibida_columnifera.html,yes,
Rhus aromatica,Rhus aromatica,"Fragrant Sumac, Aromatic Sumac, Lemon Sumac, Polecat Bush",Anacardiaceae,Perennial,Deciduous,Shrub,Shrub,"Sun, Part Shade","Sun, Part Shade, Shade",Low,Low,2–6,4–8,"Dry, Moist","Apr, May, Jun",Yellow,"Birds, Butterflies",Red-banded hairstreak butterfly,,,Upland prairie and open grassland systems,Shallow Upland Prairie,,sandy/loamy upland prairie or open field,sandy/loamy upland prairie or open field,"Dry, Moist; Low; Sun, Part Shade, Shade",High,No,Publish now,Literature-supported microregion assignment; field/GIS confirmation can be added in a later release.,"LBJ/USDA/FNA/USACE support species habitat traits; NRCS/EPA/TPWD links support site/soil/ecoregion/vegetation validation, not species identity.",v1-online-public-draft,2026-05-27,rhus-aromatica,https://www.wildflower.org/plants/result.php?id_plant=RHAR4,https://www.wildflower.org/plants/result.php?id_plant=RHAR4,https://plants.usda.gov/home/basicSearchResults?searchString=Rhus+aromatica,https://floranorthamerica.org/Special:Search?search=Rhus+aromatica,https://wetland-plants.sec.usace.army.mil/,https://websoilsurvey.nrcs.usda.gov/app/,https://www.epa.gov/eco-research/ecoregions,https://tpwd.texas.gov/landwater/land/programs/landscape-ecology/ems/,"Public dashboard field. Long source prose, photos, image URLs, full source protocols, and page boilerplate are intentionally excluded from public data files. Use linked source pages for full context.",Region: AGCP AK AW CB EMP GP HI MW NCNE WMVE Status: UPL FACU UPL UPL UPL UPL UPL,Aromatic Sumac,Seed,Scarification | Stratification,Materials listed: Seed. Treatment tags listed: Scarification | Stratification. Full propagation instructions are not reproduced in this public dataset; use the linked NPSOT/source pages for complete protocols.,https://www.npsot.org/posts/native-plant/rhus-aromatica-2/,https://www.wildflower.org/plants/result.php?id_plant=RHAR4,,
Rhus lanceolata,Rhus lanceolata,"Prairie Flameleaf Sumac, Flameleaf Sumac, Prairie Sumac, Lance-leaf Sumac, Lance-leaved Sumac, Texas Sumac, Tree Sumac, Limestone Sumac, Prairie Shining Sumac",Anacardiaceae,Perennial,Deciduous,"Shrub, Tree",Tree,Sun,Sun,Low,"Low, Medium",6–12,8–12,Dry,"Jul, Aug","White, Yellow, Green","Birds, Butterflies","Red-banded Hairstreak, Banded Hairstreak",Northern Bobwhite (Colinus virginianus),TxSmartScape Prairie Flameleaf Sumac: https://txsmartscape.com/plant-search/prairie-flameleaf-sumac,Upland prairie and open grassland systems,Shallow Upland Prairie,,sandy/loamy upland prairie or open field,sandy/loamy upland prairie or open field,"Dry; Low, Medium; Sun; High",High,No,Publish now,Literature-supported microregion assignment; field/GIS confirmation can be added in a later release.,"LBJ/USDA/FNA/USACE support species habitat traits; NRCS/EPA/TPWD links support site/soil/ecoregion/vegetation validation, not species identity.",v1-online-public-draft,2026-05-27,rhus-lanceolata,https://www.wildflower.org/plants/result.php?id_plant=RHLA3,https://www.wildflower.org/plants/result.php?id_plant=RHLA3,https://plants.usda.gov/home/basicSearchResults?searchString=Rhus+lanceolata,https://floranorthamerica.org/Special:Search?search=Rhus+lanceolata,https://wetland-plants.sec.usace.army.mil/,https://websoilsurvey.nrcs.usda.gov/app/,https://www.epa.gov/eco-research/ecoregions,https://tpwd.texas.gov/landwater/land/programs/landscape-ecology/ems/,"Public dashboard field. Long source prose, photos, image URLs, full source protocols, and page boilerplate are intentionally excluded from public data files. Use linked source pages for full context.",,,,,,,,,
Rhus microphylla,Rhus microphylla,Littleleaf Sumac,Anacardiaceae,Perennial,Deciduous,Shrub,Shrub,Sun,Part Shade,Low,Low,4–15,,Dry,"Mar, Apr, May","White, Green",,,,,Woodland and karst upland systems,Karst Outcrops,Shallow Upland Prairie,rocky calcareous limestone outcrop,rocky calcareous limestone outcrop,Dry; Low; Part Shade; High,Medium,Optional,Publish with caveat,"Usable for public draft release, but should remain flagged as provisional until optional spot-check or field/GIS support is added.","LBJ/USDA/FNA/USACE support species habitat traits; NRCS/EPA/TPWD links support site/soil/ecoregion/vegetation validation, not species identity.",v1-online-public-draft,2026-05-27,rhus-microphylla,https://www.wildflower.org/plants/result.php?id_plant=RHMI3,https://www.wildflower.org/plants/result.php?id_plant=RHMI3,https://plants.usda.gov/home/basicSearchResults?searchString=Rhus+microphylla,https://floranorthamerica.org/Special:Search?search=Rhus+microphylla,https://wetland-plants.sec.usace.army.mil/,https://websoilsurvey.nrcs.usda.gov/app/,https://www.epa.gov/eco-research/ecoregions,https://tpwd.texas.gov/landwater/land/programs/landscape-ecology/ems/,"Public dashboard field. Long source prose, photos, image URLs, full source protocols, and page boilerplate are intentionally excluded from public data files. Use linked source pages for full context.",,Little Leaf Sumac,Seed,Scarification | Stratification,Materials listed: Seed. Treatment tags listed: Scarification | Stratification. Full propagation instructions are not reproduced in this public dataset; use the linked NPSOT/source pages for complete protocols.,https://www.npsot.org/posts/native-plant/rhus-microphylla/,https://www.wildflower.org/plants/result.php?id_plant=RHMI3,,
Rhus virens,Rhus virens,"Evergreen Sumac, Tobacco Sumac, Lambrisco, Lentrisco",Anacardiaceae,Perennial,Evergreen,Shrub,Shrub,"Sun, Part Shade","Sun, Part Shade",Low,Low,8–12,6–10,Dry,"Jul, Aug","White, Yellow","Birds, Butterflies",,,,Woodland and karst upland systems,Karst Outcrops,Shallow Upland Prairie,"limestone ledge, cliff, or bluff","limestone ledge, cliff, or bluff","Dry; Low; Sun, Part Shade; High",High,No,Publish now,Literature-supported microregion assignment; field/GIS confirmation can be added in a later release.,"LBJ/USDA/FNA/USACE support species habitat traits; NRCS/EPA/TPWD links support site/soil/ecoregion/vegetation validation, not species identity.",v1-online-public-draft,2026-05-27,rhus-virens,https://www.wildflower.org/plants/result.php?id_plant=RHVI3,https://www.wildflower.org/plants/result.php?id_plant=RHVI3,https://plants.usda.gov/home/basicSearchResults?searchString=Rhus+virens,https://floranorthamerica.org/Special:Search?search=Rhus+virens,https://wetland-plants.sec.usace.army.mil/,https://websoilsurvey.nrcs.usda.gov/app/,https://www.epa.gov/eco-research/ecoregions,https://tpwd.texas.gov/landwater/land/programs/landscape-ecology/ems/,"Public dashboard field. Long source prose, photos, image URLs, full source protocols, and page boilerplate are intentionally excluded from public data files. Use linked source pages for full context.",,Evergreen Sumac,Seed,Scarification | Stratification,Materials listed: Seed. Treatment tags listed: Scarification | Stratification. Full propagation instructions are not reproduced in this public dataset; use the linked NPSOT/source pages for complete protocols.,https://www.npsot.org/posts/native-plant/rhus-virens/,https://propagate.one/how-to-propagate-rhus-virens/ | https://pfaf.org/User/Plant.aspx?LatinName=Rhus+virens,,
Rhynchospora colorata,Rhynchospora colorata,"Whitetop Sedge, White-topped Sedge, Starrush Whitetop, Star Sedge, Star Rush",Cyperaceae,Perennial,Deciduous,Herb,Grass/Grass-like,Sun,"Sun, Part Shade",Medium–High,Medium,1–2,1–2,Wet,"Jun, Jul, Aug",White,,,,,"Aquatic, spring-run, and wetland systems",Aquatic / Spring Runs,,"marsh, swamp, bog, or wetland margin","marsh, swamp, bog, or wetland margin","Wet; Medium; Sun, Part Shade",High,No,Publish now,Literature-supported microregion assignment; field/GIS confirmation can be added in a later release.,"LBJ/USDA/FNA/USACE support species habitat traits; NRCS/EPA/TPWD links support site/soil/ecoregion/vegetation validation, not species identity.",v1-online-public-draft,2026-05-27,rhynchospora-colorata,https://www.wildflower.org/plants/result.php?id_plant=RHCO7,https://www.wildflower.org/plants/result.php?id_plant=RHCO7,https://plants.usda.gov/home/basicSearchResults?searchString=Rhynchospora+colorata,https://floranorthamerica.org/Special:Search?search=Rhynchospora+colorata,https://wetland-plants.sec.usace.army.mil/,https://websoilsurvey.nrcs.usda.gov/app/,https://www.epa.gov/eco-research/ecoregions,https://tpwd.texas.gov/landwater/land/programs/landscape-ecology/ems/,"Public dashboard field. Long source prose, photos, image URLs, full source protocols, and page boilerplate are intentionally excluded from public data files. Use linked source pages for full context.",Region: AGCP AK AW CB EMP GP HI MW NCNE WMVE Status: FACW FACW FACW FACW FAC,Whitetop Sedge,Clump,Division,Materials listed: Clump. Treatment tags listed: Division. Full propagation instructions are not reproduced in this public dataset; use the linked NPSOT/source pages for complete protocols.,https://www.npsot.org/posts/native-plant/rhynchospora-colorata/,https://www.shootgardening.com/plants/rhynchospora-colorata | https://www.picturethisai.com/wiki/Rhynchospora_colorata.html#:~:text=Water:%20Starrush%20Whitetop%20thrives%20in | https://earthone.io/plant/rhynchospora%20colorata?srsltid=AfmBOorCsilkabyIg4GF09DSeg3HZ6qva7P8AZirZ2GbmKnMNV98UvRc,,
Rivina humilis,Rivina humilis,"Pigeonberry, Rouge Plant, Baby-peppers, Bloodberry",Petiveriaceae,Perennial,Deciduous,"Herb, Subshrub",Herb,"Shade, Part Shade",Part Shade,Medium,Medium,1–3,2–4,Moist,"Mar, Apr, May, Jun, Jul, Aug, Sep, Oct","White, Pink",Birds,,,,Upland prairie and open grassland systems,Shallow Upland Prairie,,sandy/loamy upland prairie or open field,sandy/loamy upland prairie or open field,Moist; Medium; Part Shade,High,No,Publish now,Literature-supported microregion assignment; field/GIS confirmation can be added in a later release.,"LBJ/USDA/FNA/USACE support species habitat traits; NRCS/EPA/TPWD links support site/soil/ecoregion/vegetation validation, not species identity.",v1-online-public-draft,2026-05-27,rivina-humilis,https://www.wildflower.org/plants/result.php?id_plant=RIHU2,https://www.wildflower.org/plants/result.php?id_plant=RIHU2,https://plants.usda.gov/home/basicSearchResults?searchString=Rivina+humilis,https://floranorthamerica.org/Special:Search?search=Rivina+humilis,https://wetland-plants.sec.usace.army.mil/,https://websoilsurvey.nrcs.usda.gov/app/,https://www.epa.gov/eco-research/ecoregions,https://tpwd.texas.gov/landwater/land/programs/landscape-ecology/ems/,"Public dashboard field. Long source prose, photos, image URLs, full source protocols, and page boilerplate are intentionally excluded from public data files. Use linked source pages for full context.",Region: AGCP AK AW CB EMP GP HI MW NCNE WMVE Status: UPL FAC UPL UPL FAC UPL FAC FAC,Pigeonberry,Seed | Stem,No Treatment | Cutting,Materials listed: Seed | Stem. Treatment tags listed: No Treatment | Cutting. Full propagation instructions are not reproduced in this public dataset; use the linked NPSOT/source pages for complete protocols.,https://www.npsot.org/posts/native-plant/rivina-humilis/,https://earthone.io/plant/rivina%20humilis | https://sharonsflorida.com/plants-page/native-shrubs/rouge-plant/#:~:text=Propagation | https://www.picturethisai.com/care/Rivina_humilis.html#:~:text=How%20to%20Propagate%20Pigeonberry?,,
Rudbeckia hirta,Rudbeckia hirta,"Black-eyed Susan, Common Black-eyed Susan, Brown-eyed Susan, Blackeyed Susan",Asteraceae,Annual | Biennial | Perennial,Deciduous,Herb,Herb,Sun,Sun,Medium,Medium,1–3,1–2,"Dry, Moist","Jun, Jul, Aug, Sep, Oct",Yellow,"Birds, Butterflies","Gorgone Checkerspot, Bordered Patch butterfly",,,Upland prairie and open grassland systems,Shallow Upland Prairie,,open dry upland prairie/grassland,open dry upland prairie/grassland,"Dry, Moist; Medium; Sun; High",High,No,Publish now,Literature-supported microregion assignment; field/GIS confirmation can be added in a later release.,"LBJ/USDA/FNA/USACE support species habitat traits; NRCS/EPA/TPWD links support site/soil/ecoregion/vegetation validation, not species identity.",v1-online-public-draft,2026-05-27,rudbeckia-hirta,https://www.wildflower.org/plants/result.php?id_plant=RUHI2,https://www.wildflower.org/plants/result.php?id_plant=RUHI2,https://plants.usda.gov/home/basicSearchResults?searchString=Rudbeckia+hirta,https://floranorthamerica.org/Special:Search?search=Rudbeckia+hirta,https://wetland-plants.sec.usace.army.mil/,https://websoilsurvey.nrcs.usda.gov/app/,https://www.epa.gov/eco-research/ecoregions,https://tpwd.texas.gov/landwater/land/programs/landscape-ecology/ems/,"Public dashboard field. Long source prose, photos, image URLs, full source protocols, and page boilerplate are intentionally excluded from public data files. Use linked source pages for full context.",Region: AGCP AK AW CB EMP GP HI MW NCNE WMVE Status: FACU FACU FACU FACU FACU FACU FACU,Black-eyed Susan,Seed,No Treatment | Stratification,Materials listed: Seed. Treatment tags listed: No Treatment | Stratification. Full propagation instructions are not reproduced in this public dataset; use the linked NPSOT/source pages for complete protocols.,https://www.npsot.org/posts/native-plant/rudbeckia-hirta/,https://www.wildflower.org/plants/result.php?id_plant=RUHI2,,
Ruellia humilis,Ruellia humilis,Prairie Petunia,Acanthaceae,Perennial,Deciduous,Herb,Herb,Full Sun to Part Shade,Part Shade,Dry to Moist,Low,1–2,1–2,Moist,"May, Jun, Jul, Aug, Sep",Purple,Butterflies,Buckeye,,,"Ecotone, thicket, and disturbance-edge systems",Ecotone / Edge Thicket,Upland Woodland; Shallow Upland Prairie,limestone/caliche/calcareous; prairie/open field; woodland/wood edge; dry upland; moist mesic; shade/part shade,woodland edge/opening/thickets,Moist; Low; Part Shade; Low,High,No,Publish now,Literature-supported microregion assignment; field/GIS confirmation can be added in a later release.,"LBJ/USDA/FNA/USACE support species habitat traits; NRCS/EPA/TPWD links support site/soil/ecoregion/vegetation validation, not species identity.",v1-online-public-draft,2026-05-27,ruellia-humilis,https://www.wildflower.org/plants/result.php?id_plant=RUHU,https://www.wildflower.org/plants/result.php?id_plant=RUHU,https://plants.usda.gov/home/basicSearchResults?searchString=Ruellia+humilis,https://floranorthamerica.org/Special:Search?search=Ruellia+humilis,https://wetland-plants.sec.usace.army.mil/,https://websoilsurvey.nrcs.usda.gov/app/,https://www.epa.gov/eco-research/ecoregions,https://tpwd.texas.gov/landwater/land/programs/landscape-ecology/ems/,"Public dashboard field. Long source prose, photos, image URLs, full source protocols, and page boilerplate are intentionally excluded from public data files. Use linked source pages for full context.",Region: AGCP AK AW CB EMP GP HI MW NCNE WMVE Status: FACU FACU FAC FACU FACU,Prairie Petunia,Stem | Seed,Cutting | No Treatment | Stratification,Materials listed: Stem | Seed. Treatment tags listed: Cutting | No Treatment | Stratification. Full propagation instructions are not reproduced in this public dataset; use the linked NPSOT/source pages for complete protocols.,https://www.npsot.org/posts/native-plant/ruellia-humilis/,https://www.wildflower.org/plants/result.php?id_plant=RUHU | https://earthone.io/plant/ruellia%20humilis?srsltid=AfmBOooliDNHvvRWDcKQaFIAaShQF16MlYcNKyzgjqGslmlO_CDgoXNJ | https://www.everwilde.com/store/Ruellia-humilis-WildFlower-Seed.html#:~:text=HOW%20TO%20GROW | https://noddingoniongardens.com/ruellia-humilis/#:~:text=Propagation%20Notes%20Ruellia%20humilis&text=Seed%20%2D%20Collect%20late%20in%20fall | https://www.wildflowerfarm.com/ruellia-humilis-wild-petunia.html,yes,
Ruellia nudiflora,Ruellia nudiflora,"Violet Ruellia, Common Wild Petunia, Violet Wild Petunia, Wild Petunia, Hierba De La Calentura",Acanthaceae,Perennial,Evergreen,Herb,Herb,"Sun, Part Shade","Sun, Part Shade, Shade",Low,"Low, Medium",1–2,1–2,"Dry, Moist","Apr, May, Jun, Jul, Aug, Sep, Oct",Purple,Butterflies,"Common Buckeye, Cuban Crescentspot, Fatima, Malachite, White Peacock butterfly",,,Upland prairie and open grassland systems,Shallow Upland Prairie,,sandy/loamy upland prairie or open field,sandy/loamy upland prairie or open field,"Dry, Moist; Low, Medium; Sun, Part Shade, Shade",High,No,Publish now,Literature-supported microregion assignment; field/GIS confirmation can be added in a later release.,"LBJ/USDA/FNA/USACE support species habitat traits; NRCS/EPA/TPWD links support site/soil/ecoregion/vegetation validation, not species identity.",v1-online-public-draft,2026-05-27,ruellia-nudiflora,https://www.wildflower.org/plants/result.php?id_plant=RUNU,https://www.wildflower.org/plants/result.php?id_plant=RUNU,https://plants.usda.gov/home/basicSearchResults?searchString=Ruellia+nudiflora,https://floranorthamerica.org/Special:Search?search=Ruellia+nudiflora,https://wetland-plants.sec.usace.army.mil/,https://websoilsurvey.nrcs.usda.gov/app/,https://www.epa.gov/eco-research/ecoregions,https://tpwd.texas.gov/landwater/land/programs/landscape-ecology/ems/,"Public dashboard field. Long source prose, photos, image URLs, full source protocols, and page boilerplate are intentionally excluded from public data files. Use linked source pages for full context.",,Wild Petunia,Stem,Cutting,Materials listed: Stem. Treatment tags listed: Cutting. Full propagation instructions are not reproduced in this public dataset; use the linked NPSOT/source pages for complete protocols.,https://www.npsot.org/posts/native-plant/ruellia-nudiflora/,https://www.picturethisai.com/care/Ruellia_nudiflora.html,yes,
Sabal mexicana,Sabal mexicana,Texas Palmetto,Arecaceae,Perennial,Evergreen,Tree,Tree,Sun,"Sun, Part Shade",Medium,"Low, Medium",30–50,10–20,"Dry, Moist","Mar, Apr, May",White,Birds,,,,Upland prairie and open grassland systems,Shallow Upland Prairie,,sandy/loamy upland prairie or open field,sandy/loamy upland prairie or open field,"Dry, Moist; Low, Medium; Sun, Part Shade",High,No,Publish now,Literature-supported microregion assignment; field/GIS confirmation can be added in a later release.,"LBJ/USDA/FNA/USACE support species habitat traits; NRCS/EPA/TPWD links support site/soil/ecoregion/vegetation validation, not species identity.",v1-online-public-draft,2026-05-27,sabal-mexicana,https://www.wildflower.org/plants/result.php?id_plant=SAME8,https://www.wildflower.org/plants/result.php?id_plant=SAME8,https://plants.usda.gov/home/basicSearchResults?searchString=Sabal+mexicana,https://floranorthamerica.org/Special:Search?search=Sabal+mexicana,https://wetland-plants.sec.usace.army.mil/,https://websoilsurvey.nrcs.usda.gov/app/,https://www.epa.gov/eco-research/ecoregions,https://tpwd.texas.gov/landwater/land/programs/landscape-ecology/ems/,"Public dashboard field. Long source prose, photos, image URLs, full source protocols, and page boilerplate are intentionally excluded from public data files. Use linked source pages for full context.",,,,,,,,,
Sabal minor,Sabal minor,"Dwarf Palmetto, Bush Palmetto, Palmetto",Arecaceae,Perennial,Deciduous,Tree,Shrub,"Sun, Part Shade","Sun, Part Shade, Shade",Medium,Medium,5–10,6–8,"Dry, Moist","May, Jun",White,,,,,Riparian and floodplain systems,Riparian Banks,Upland Woodland; Deep Clay Prairie; Shallow Upland Prairie,alluvial floodplain or creek terrace,alluvial floodplain or creek terrace,"Dry, Moist; Medium; Sun, Part Shade, Shade",High,No,Publish now,Literature-supported microregion assignment; field/GIS confirmation can be added in a later release.,"LBJ/USDA/FNA/USACE support species habitat traits; NRCS/EPA/TPWD links support site/soil/ecoregion/vegetation validation, not species identity.",v1-online-public-draft,2026-05-27,sabal-minor,https://www.wildflower.org/plants/result.php?id_plant=SAMI8,https://www.wildflower.org/plants/result.php?id_plant=SAMI8,https://plants.usda.gov/home/basicSearchResults?searchString=Sabal+minor,https://floranorthamerica.org/Special:Search?search=Sabal+minor,https://wetland-plants.sec.usace.army.mil/,https://websoilsurvey.nrcs.usda.gov/app/,https://www.epa.gov/eco-research/ecoregions,https://tpwd.texas.gov/landwater/land/programs/landscape-ecology/ems/,"Public dashboard field. Long source prose, photos, image URLs, full source protocols, and page boilerplate are intentionally excluded from public data files. Use linked source pages for full context.",Region: AGCP AK AW CB EMP GP HI MW NCNE WMVE Status: FACW FACW FACW FACW,Dwarf Palmetto,Seed,Stratification,Materials listed: Seed. Treatment tags listed: Stratification. Full propagation instructions are not reproduced in this public dataset; use the linked NPSOT/source pages for complete protocols.,https://www.npsot.org/posts/native-plant/sabal-minor/,https://www.wildflower.org/plants/result.php?id_plant=SAMI8,,
Sagittaria lancifolia,Sagittaria lancifolia,Lanceleaf Arrowhead,Alismataceae,Perennial,Deciduous,Herb,Herb,Sun,Sun,Wet,High,2–4,1–2,Wet,"Jun, Jul, Aug",White,,,,,"Aquatic, spring-run, and wetland systems",Aquatic / Spring Runs,,pond/lake margin or shallow open water,pond/lake margin or shallow open water,Wet; High; Sun,High,No,Publish now,Literature-supported microregion assignment; field/GIS confirmation can be added in a later release.,"LBJ/USDA/FNA/USACE support species habitat traits; NRCS/EPA/TPWD links support site/soil/ecoregion/vegetation validation, not species identity.",v1-online-public-draft,2026-05-27,sagittaria-lancifolia,https://www.wildflower.org/plants/result.php?id_plant=SALA,https://www.wildflower.org/plants/result.php?id_plant=SALA,https://plants.usda.gov/home/basicSearchResults?searchString=Sagittaria+lancifolia,https://floranorthamerica.org/Special:Search?search=Sagittaria+lancifolia,https://wetland-plants.sec.usace.army.mil/,https://websoilsurvey.nrcs.usda.gov/app/,https://www.epa.gov/eco-research/ecoregions,https://tpwd.texas.gov/landwater/land/programs/landscape-ecology/ems/,"Public dashboard field. Long source prose, photos, image URLs, full source protocols, and page boilerplate are intentionally excluded from public data files. Use linked source pages for full context.",Region: AGCP AK AW CB EMP GP HI MW NCNE WMVE Status: OBL OBL OBL OBL,,,,,,,,
Sagittaria platyphylla,Sagittaria platyphylla,Delta Arrowhead,Alismataceae,Perennial,Deciduous,Herb,Herb,Sun,Part Shade,Wet,High,1–3,1–2,Wet,Jun,White,,,,,"Aquatic, spring-run, and wetland systems",Aquatic / Spring Runs,Upland Woodland,"marsh, swamp, bog, or wetland margin","marsh, swamp, bog, or wetland margin",Wet; High; Part Shade; Medium,Medium,Optional,Publish with caveat,"Usable for public draft release, but should remain flagged as provisional until optional spot-check or field/GIS support is added.","LBJ/USDA/FNA/USACE support species habitat traits; NRCS/EPA/TPWD links support site/soil/ecoregion/vegetation validation, not species identity.",v1-online-public-draft,2026-05-27,sagittaria-platyphylla,https://www.wildflower.org/plants/result.php?id_plant=SAPL,https://www.wildflower.org/plants/result.php?id_plant=SAPL,https://plants.usda.gov/home/basicSearchResults?searchString=Sagittaria+platyphylla,https://floranorthamerica.org/Special:Search?search=Sagittaria+platyphylla,https://wetland-plants.sec.usace.army.mil/,https://websoilsurvey.nrcs.usda.gov/app/,https://www.epa.gov/eco-research/ecoregions,https://tpwd.texas.gov/landwater/land/programs/landscape-ecology/ems/,"Public dashboard field. Long source prose, photos, image URLs, full source protocols, and page boilerplate are intentionally excluded from public data files. Use linked source pages for full context.",Region: AGCP AK AW CB EMP GP HI MW NCNE WMVE Status: OBL OBL OBL OBL OBL OBL,Delta Arrowhead,Clump,Division,Materials listed: Clump. Treatment tags listed: Division. Full propagation instructions are not reproduced in this public dataset; use the linked NPSOT/source pages for complete protocols.,https://www.npsot.org/posts/native-plant/sagittaria-platyphylla/,https://en.aqua-fish.net/plants/sagittaria-platyphylla,,
Salix nigra,Salix nigra,"Black Willow, Gulf Black Willow, Swamp Willow, Sauz",Salicaceae,Perennial,Deciduous,Tree,Tree,Sun,"Sun, Part Shade, Shade",Medium–High,High,30–60,20–40,"Moist, Wet","Feb, Mar, Apr, May, Jun, Jul",Yellow,"Birds, Butterflies","Mourning Cloak, Viceroy, Red-spotted Purple, Viceroy and Tiger Swallowtail.",Common Yellowthroat (Geothlypis trichas); Yellow-breasted Chat (Icteria virens); Yellow Warbler (Setophaga petechia); Green Kingfisher (Chloroceryle americana); Vermilion Flycatcher (Pyrocephalus rubinus),wetland warbler ecology / willow thickets | riparian shrubland bird studies | USFWS / willow-warbler trophic literature: https://www.fws.gov/species/golden-cheeked-warbler-setophaga-chrysoparia | kingfisher habitat studies / Texas river observations | flycatcher habitat / riparian edge ecology | southwestern flycatcher nesting ecology | southwestern flycatcher ecology / riparian observations | riparian songbird breeding / willow associations | riparian warbler ecology / willow nesting | warbler riparian nesting / willow-associated ecology,Riparian and floodplain systems,Riparian Banks,,stream/river bank,stream/river bank,"Moist, Wet; High; Sun, Part Shade, Shade; Low",High,No,Publish now,Literature-supported microregion assignment; field/GIS confirmation can be added in a later release.,"LBJ/USDA/FNA/USACE support species habitat traits; NRCS/EPA/TPWD links support site/soil/ecoregion/vegetation validation, not species identity.",v1-online-public-draft,2026-05-27,salix-nigra,https://www.wildflower.org/plants/result.php?id_plant=SANI,https://www.wildflower.org/plants/result.php?id_plant=SANI,https://plants.usda.gov/home/basicSearchResults?searchString=Salix+nigra,https://floranorthamerica.org/Special:Search?search=Salix+nigra,https://wetland-plants.sec.usace.army.mil/,https://websoilsurvey.nrcs.usda.gov/app/,https://www.epa.gov/eco-research/ecoregions,https://tpwd.texas.gov/landwater/land/programs/landscape-ecology/ems/,"Public dashboard field. Long source prose, photos, image URLs, full source protocols, and page boilerplate are intentionally excluded from public data files. Use linked source pages for full context.",Region: AGCP AK AW CB EMP GP HI MW NCNE WMVE Status: OBL OBL OBL FACW OBL OBL,Black Willow,Seed,No Treatment,Materials listed: Seed. Treatment tags listed: No Treatment. Full propagation instructions are not reproduced in this public dataset; use the linked NPSOT/source pages for complete protocols.,https://www.npsot.org/posts/native-plant/salix-nigra/,https://www.wildflower.org/plants/result.php?id_plant=SANI,,
Salvia azurea,Salvia azurea,"Pitcher Sage, Blue Sage",Lamiaceae,Perennial,Deciduous,Herb,Herb,Sun,Part Shade,Low,Low,2–5,1–3,Dry,"Sep, Oct, Nov","White, Blue",,,,,Upland prairie and open grassland systems,Shallow Upland Prairie,,sandy/loamy upland prairie or open field,sandy/loamy upland prairie or open field,Dry; Low; Part Shade,High,No,Publish now,Literature-supported microregion assignment; field/GIS confirmation can be added in a later release.,"LBJ/USDA/FNA/USACE support species habitat traits; NRCS/EPA/TPWD links support site/soil/ecoregion/vegetation validation, not species identity.",v1-online-public-draft,2026-05-27,salvia-azurea,https://www.wildflower.org/plants/result.php?id_plant=SAAZ,https://www.wildflower.org/plants/result.php?id_plant=SAAZ,https://plants.usda.gov/home/basicSearchResults?searchString=Salvia+azurea,https://floranorthamerica.org/Special:Search?search=Salvia+azurea,https://wetland-plants.sec.usace.army.mil/,https://websoilsurvey.nrcs.usda.gov/app/,https://www.epa.gov/eco-research/ecoregions,https://tpwd.texas.gov/landwater/land/programs/landscape-ecology/ems/,"Public dashboard field. Long source prose, photos, image URLs, full source protocols, and page boilerplate are intentionally excluded from public data files. Use linked source pages for full context.",,Azure Sage,Seed | Stem | Clump division,Scarification | Cutting | Division | No Treatment,Materials listed: Seed | Stem | Clump division. Treatment tags listed: Scarification | Cutting | Division | No Treatment. Full propagation instructions are not reproduced in this public dataset; use the linked NPSOT/source pages for complete protocols.,https://www.npsot.org/posts/native-plant/salvia-azurea/,https://greg.app/propagate-big-blue-sage/ | https://www.everwilde.com/store/Salvia-azurea-WildFlower-Seed.html,,
Salvia ballotiflora,Salvia ballotiflora,Shrubby Blue Sage,Lamiaceae,Perennial,Deciduous,Subshrub,Shrub,Full Sun,"Sun, Part Shade",Dry to Moist,Low,3–4,2–3,Dry,"May, Jun, Jul","White, Blue, Purple","Butterflies, Hummingbirds",,,,Woodland and karst upland systems,Karst Outcrops,,gravelly calcareous slope or terrace,gravelly calcareous slope or terrace,"Dry; Low; Sun, Part Shade",High,No,Publish now,Literature-supported microregion assignment; field/GIS confirmation can be added in a later release.,"LBJ/USDA/FNA/USACE support species habitat traits; NRCS/EPA/TPWD links support site/soil/ecoregion/vegetation validation, not species identity.",v1-online-public-draft,2026-05-27,salvia-ballotiflora,https://www.wildflower.org/plants/result.php?id_plant=SABA5,https://www.wildflower.org/plants/result.php?id_plant=SABA5,https://plants.usda.gov/home/basicSearchResults?searchString=Salvia+ballotiflora,https://floranorthamerica.org/Special:Search?search=Salvia+ballotiflora,https://wetland-plants.sec.usace.army.mil/,https://websoilsurvey.nrcs.usda.gov/app/,https://www.epa.gov/eco-research/ecoregions,https://tpwd.texas.gov/landwater/land/programs/landscape-ecology/ems/,"Public dashboard field. Long source prose, photos, image URLs, full source protocols, and page boilerplate are intentionally excluded from public data files. Use linked source pages for full context.",,Shrubby Blue Sage,Stem | Seed,Cutting | No Treatment,Materials listed: Stem | Seed. Treatment tags listed: Cutting | No Treatment. Full propagation instructions are not reproduced in this public dataset; use the linked NPSOT/source pages for complete protocols.,https://www.npsot.org/posts/native-plant/salvia-ballotiflora/,https://travaldo.blogspot.com/2021/07/salvia-ballotiflora-shrubby-blue-sage-mejorana-care-and-culture.html | https://www.picturethisai.com/care/propagate/Salvia_ballotiflora.html,yes,
Salvia coccinea,Salvia coccinea,"Scarlet Sage, Tropical Sage, Blood Sage, Red Sage, Indian Fire",Lamiaceae,Annual | Perennial,Deciduous,Herb,Herb,"Sun, Part Shade","Sun, Part Shade, Shade",Medium,Medium,1–3,1–2,"Dry, Moist","Feb, Mar, Apr, May, Jun, Jul, Aug, Sep, Oct","White, Red, Pink","Butterflies, Hummingbirds",,,,Upland prairie and open grassland systems,Shallow Upland Prairie,Shallow Upland Prairie,sandy/loamy upland prairie or open field,sandy/loamy upland prairie or open field,"Dry, Moist; Medium; Sun, Part Shade, Shade",High,No,Publish now,Literature-supported microregion assignment; field/GIS confirmation can be added in a later release.,"LBJ/USDA/FNA/USACE support species habitat traits; NRCS/EPA/TPWD links support site/soil/ecoregion/vegetation validation, not species identity.",v1-online-public-draft,2026-05-27,salvia-coccinea,https://www.wildflower.org/plants/result.php?id_plant=SACO5,https://www.wildflower.org/plants/result.php?id_plant=SACO5,https://plants.usda.gov/home/basicSearchResults?searchString=Salvia+coccinea,https://floranorthamerica.org/Special:Search?search=Salvia+coccinea,https://wetland-plants.sec.usace.army.mil/,https://websoilsurvey.nrcs.usda.gov/app/,https://www.epa.gov/eco-research/ecoregions,https://tpwd.texas.gov/landwater/land/programs/landscape-ecology/ems/,"Public dashboard field. Long source prose, photos, image URLs, full source protocols, and page boilerplate are intentionally excluded from public data files. Use linked source pages for full context.",,Scarlet Sage,Seed | Stem | Clump,No Treatment | Cutting | Division,Materials listed: Seed | Stem | Clump. Treatment tags listed: No Treatment | Cutting | Division. Full propagation instructions are not reproduced in this public dataset; use the linked NPSOT/source pages for complete protocols.,https://www.npsot.org/posts/native-plant/salvia-coccinea/,https://earthone.io/plant/salvia%20coccinea | https://www.fnps.org/assets/pdf/pubs/salvia_coccinea_tropicalsage_3_1.pdf | https://hort.extension.wisc.edu/articles/scarlet-sage-salvia-coccinea/#:~:text=Scarlet%20sage%20is%20propagated%20by,yes,
Salvia engelmannii,Salvia engelmannii,"Engelmann's Sage, Engelmann's Salvia",Lamiaceae,Perennial,Deciduous,Herb,Herb,"Sun, Part Shade","Sun, Part Shade",Low,Low,1–2,1–2,"Dry, Moist","Apr, May","Blue, Purple","Butterflies, Hummingbirds",,,,Woodland and karst upland systems,Karst Outcrops,,rocky calcareous limestone outcrop,rocky calcareous limestone outcrop,"Dry, Moist; Low; Sun, Part Shade",High,No,Publish now,Literature-supported microregion assignment; field/GIS confirmation can be added in a later release.,"LBJ/USDA/FNA/USACE support species habitat traits; NRCS/EPA/TPWD links support site/soil/ecoregion/vegetation validation, not species identity.",v1-online-public-draft,2026-05-27,salvia-engelmannii,https://www.wildflower.org/plants/result.php?id_plant=SAEN2,https://www.wildflower.org/plants/result.php?id_plant=SAEN2,https://plants.usda.gov/home/basicSearchResults?searchString=Salvia+engelmannii,https://floranorthamerica.org/Special:Search?search=Salvia+engelmannii,https://wetland-plants.sec.usace.army.mil/,https://websoilsurvey.nrcs.usda.gov/app/,https://www.epa.gov/eco-research/ecoregions,https://tpwd.texas.gov/landwater/land/programs/landscape-ecology/ems/,"Public dashboard field. Long source prose, photos, image URLs, full source protocols, and page boilerplate are intentionally excluded from public data files. Use linked source pages for full context.",,,,,,,,,
Salvia farinacea,Salvia farinacea,"Mealy Blue Sage, Mealy Sage, Mealycup Sage",Lamiaceae,Perennial,Deciduous,Herb,Herb,Sun,Sun,Low,Low,2–3,2–3,Dry,"Apr, May, Jun, Jul, Aug, Sep, Oct",Blue,"Butterflies, Hummingbirds",,,,Upland prairie and open grassland systems,Shallow Upland Prairie,Karst Outcrops,sandy/loamy upland prairie or open field,sandy/loamy upland prairie or open field,Dry; Low; Sun,High,No,Publish now,Literature-supported microregion assignment; field/GIS confirmation can be added in a later release.,"LBJ/USDA/FNA/USACE support species habitat traits; NRCS/EPA/TPWD links support site/soil/ecoregion/vegetation validation, not species identity.",v1-online-public-draft,2026-05-27,salvia-farinacea,https://www.wildflower.org/plants/result.php?id_plant=SAFA2,https://www.wildflower.org/plants/result.php?id_plant=SAFA2,https://plants.usda.gov/home/basicSearchResults?searchString=Salvia+farinacea,https://floranorthamerica.org/Special:Search?search=Salvia+farinacea,https://wetland-plants.sec.usace.army.mil/,https://websoilsurvey.nrcs.usda.gov/app/,https://www.epa.gov/eco-research/ecoregions,https://tpwd.texas.gov/landwater/land/programs/landscape-ecology/ems/,"Public dashboard field. Long source prose, photos, image URLs, full source protocols, and page boilerplate are intentionally excluded from public data files. Use linked source pages for full context.",,Mealy Blue Sage,Seed,No Treatment,Materials listed: Seed. Treatment tags listed: No Treatment. Full propagation instructions are not reproduced in this public dataset; use the linked NPSOT/source pages for complete protocols.,https://www.npsot.org/posts/native-plant/salvia-farinacea/,https://hort.extension.wisc.edu/articles/mealycup-sage-salvia-farinacea/#:~:text=Grow%20mealycup%20sage%20in%20full | https://www.johnnyseeds.com/growers-library/flowers/salvia/salvia-farinacea-key-growing-information.html#:~:text=DAYS%20TO%20GERMINATION: | https://sowrightseeds.com/blogs/planters-library/growing-mealycup-blue-sage-salvia-farinacea?srsltid=AfmBOortMfFdw7uxZUaUinbd7DLWORIH39dXq-0b36B2uHJmhOxiDEqt,yes,
Salvia greggii,Salvia greggii,"Autumn Sage, Cherry Sage, Gregg Salvia",Lamiaceae,Perennial,Deciduous,Subshrub,Shrub,Sun,Sun,Low,Low,2–4,2–4,Dry,"Mar, Apr, May, Jun, Jul, Aug, Sep, Oct, Nov","White, Red, Pink, Orange, Purple","Butterflies, Hummingbirds",,Ruby-throated Hummingbird (Archilochus colubris),Lady Bird Johnson Wildflower Center / Audubon: https://www.wildflower.org/plants/,Upland prairie and open grassland systems,Shallow Upland Prairie,,dry upland prairie slope,dry upland prairie slope,Dry; Low; Sun; High,High,No,Publish now,Literature-supported microregion assignment; field/GIS confirmation can be added in a later release.,"LBJ/USDA/FNA/USACE support species habitat traits; NRCS/EPA/TPWD links support site/soil/ecoregion/vegetation validation, not species identity.",v1-online-public-draft,2026-05-27,salvia-greggii,https://www.wildflower.org/plants/result.php?id_plant=SAGR4,https://www.wildflower.org/plants/result.php?id_plant=SAGR4,https://plants.usda.gov/home/basicSearchResults?searchString=Salvia+greggii,https://floranorthamerica.org/Special:Search?search=Salvia+greggii,https://wetland-plants.sec.usace.army.mil/,https://websoilsurvey.nrcs.usda.gov/app/,https://www.epa.gov/eco-research/ecoregions,https://tpwd.texas.gov/landwater/land/programs/landscape-ecology/ems/,"Public dashboard field. Long source prose, photos, image URLs, full source protocols, and page boilerplate are intentionally excluded from public data files. Use linked source pages for full context.",,Autumn Sage,Seed | Semi-harwood | Clump | Cutting,No Treatment | Cutting | Division | Layering,Materials listed: Seed | Semi-harwood | Clump | Cutting. Treatment tags listed: No Treatment | Cutting | Division | Layering. Full propagation instructions are not reproduced in this public dataset; use the linked NPSOT/source pages for complete protocols.,https://www.npsot.org/posts/native-plant/salvia-greggii/,https://www.wildflower.org/plants/result.php?id_plant=SAGR4 | https://www.gardenia.net/plant/salvia-greggii#:~:text=Plant%20Salvia%20greggii%20in%20well | https://www.facebook.com/groups/npsotaustin/posts/3393903137598155,yes,
Salvia lyrata,Salvia lyrata,"Lyreleaf Sage, Cancer Weed",Lamiaceae,Perennial,Deciduous,Herb,Herb,Part Shade,"Sun, Part Shade, Shade",Medium,"Low, Medium",1–2,1–2,"Dry, Moist","Mar, Apr, May, Jun","White, Blue, Violet","Butterflies, Hummingbirds",,,,Upland prairie and open grassland systems,Shallow Upland Prairie,Shallow Upland Prairie; Upland Woodland,sandy/loamy upland prairie or open field,sandy/loamy upland prairie or open field,"Dry, Moist; Low, Medium; Sun, Part Shade, Shade; Medium",High,No,Publish now,Literature-supported microregion assignment; field/GIS confirmation can be added in a later release.,"LBJ/USDA/FNA/USACE support species habitat traits; NRCS/EPA/TPWD links support site/soil/ecoregion/vegetation validation, not species identity.",v1-online-public-draft,2026-05-27,salvia-lyrata,https://www.wildflower.org/plants/result.php?id_plant=SALY2,https://www.wildflower.org/plants/result.php?id_plant=SALY2,https://plants.usda.gov/home/basicSearchResults?searchString=Salvia+lyrata,https://floranorthamerica.org/Special:Search?search=Salvia+lyrata,https://wetland-plants.sec.usace.army.mil/,https://websoilsurvey.nrcs.usda.gov/app/,https://www.epa.gov/eco-research/ecoregions,https://tpwd.texas.gov/landwater/land/programs/landscape-ecology/ems/,"Public dashboard field. Long source prose, photos, image URLs, full source protocols, and page boilerplate are intentionally excluded from public data files. Use linked source pages for full context.",Region: AGCP AK AW CB EMP GP HI MW NCNE WMVE Status: FACU FACU FAC FACW FACW,Lyre Leaf Sage,Clump | Seed | Stem,Division | Stratification | Cutting,Materials listed: Clump | Seed | Stem. Treatment tags listed: Division | Stratification | Cutting. Full propagation instructions are not reproduced in this public dataset; use the linked NPSOT/source pages for complete protocols.,https://www.npsot.org/posts/native-plant/salvia-lyrata/,https://www.wildflower.org/plants/result.php?id_plant=SALY2 | https://earthone.io/plant/salvia%20lyrata | https://sharonsflorida.com/plants-page/native-wildflowers/lyreleaf-sage/#:~:text=Propagation | https://www.picturethisai.com/care/propagate/Salvia_lyrata.html,yes,
Salvia pentstemonoides,Salvia pentstemonoides,Big Red Sage,Lamiaceae,Perennial,Deciduous,Herb,Herb,"Sun, Part Shade","Sun, Part Shade",Medium,Medium,2–4,2–3,Moist,"Jun, Jul, Aug, Sep, Oct",Red,"Butterflies, Hummingbirds",,,,Woodland and karst upland systems,Mesic Canyons & Seeps,Riparian Banks; Karst Outcrops; Deep Clay Prairie,stream/river bank; ravine/canyon/depression/arroyo; limestone/caliche/calcareous; deep clay/swale; moist mesic; sunny open; shade/part shade,"moist alkaline limestone/clay ravines, depressions, ditches, and stream/river banks","Moist; Medium; Sun, Part Shade",High,No,Publish now,Literature-supported microregion assignment; field/GIS confirmation can be added in a later release.,"LBJ/USDA/FNA/USACE support species habitat traits; NRCS/EPA/TPWD links support site/soil/ecoregion/vegetation validation, not species identity.",v1-online-public-draft,2026-05-27,salvia-pentstemonoides,https://www.wildflower.org/plants/result.php?id_plant=SAPE15,https://www.wildflower.org/plants/result.php?id_plant=SAPE15,https://plants.usda.gov/home/basicSearchResults?searchString=Salvia+pentstemonoides,https://floranorthamerica.org/Special:Search?search=Salvia+pentstemonoides,https://wetland-plants.sec.usace.army.mil/,https://websoilsurvey.nrcs.usda.gov/app/,https://www.epa.gov/eco-research/ecoregions,https://tpwd.texas.gov/landwater/land/programs/landscape-ecology/ems/,"Public dashboard field. Long source prose, photos, image URLs, full source protocols, and page boilerplate are intentionally excluded from public data files. Use linked source pages for full context.",Region: AGCP AK AW CB EMP GP HI MW NCNE WMVE Status: FACW,,,,,,,yes,
Salvia roemeriana,Salvia roemeriana,Cedar Sage,Lamiaceae,Perennial,Deciduous,Herb,Herb,"Shade, Part Shade",Part Shade,Medium,Low,1–2,1–2,Dry,"Mar, Apr, May, Jun, Jul, Aug",Red,"Butterflies, Hummingbirds",,,,Woodland and karst upland systems,Upland Woodland,Karst Outcrops; Mesic Canyons & Seeps; Shallow Upland Prairie,limestone/caliche/calcareous; rocky/ledge/slope; deep clay/swale; woodland/wood edge; dry upland; moist mesic; shade/part shade,"cedar/oak woods, shade, rocky limestone, juniper leaf mulch",Dry; Low; Part Shade,High,No,Publish now,Literature-supported microregion assignment; field/GIS confirmation can be added in a later release.,"LBJ/USDA/FNA/USACE support species habitat traits; NRCS/EPA/TPWD links support site/soil/ecoregion/vegetation validation, not species identity.",v1-online-public-draft,2026-05-27,salvia-roemeriana,https://www.wildflower.org/plants/result.php?id_plant=SARO3,https://www.wildflower.org/plants/result.php?id_plant=SARO3,https://plants.usda.gov/home/basicSearchResults?searchString=Salvia+roemeriana,https://floranorthamerica.org/Special:Search?search=Salvia+roemeriana,https://wetland-plants.sec.usace.army.mil/,https://websoilsurvey.nrcs.usda.gov/app/,https://www.epa.gov/eco-research/ecoregions,https://tpwd.texas.gov/landwater/land/programs/landscape-ecology/ems/,"Public dashboard field. Long source prose, photos, image URLs, full source protocols, and page boilerplate are intentionally excluded from public data files. Use linked source pages for full context.",,Cedar Sage,Stem | Seed,Cutting | No Treatment,Materials listed: Stem | Seed. Treatment tags listed: Cutting | No Treatment. Full propagation instructions are not reproduced in this public dataset; use the linked NPSOT/source pages for complete protocols.,https://www.npsot.org/posts/native-plant/salvia-roemeriana/,https://earthone.io/plant/salvia%20roemeriana? | https://www.wildflower.org/plants/result.php?id_plant=saro3,yes,
Salvia texana,Salvia texana,"Texas Sage, Blue Sage",Lamiaceae,Perennial,Deciduous,Herb,Herb,"Sun, Part Shade","Sun, Part Shade",Low,Low,1–2,1–2,Dry,"Mar, Apr, May","Blue, Purple, Violet",Butterflies,,,,Woodland and karst upland systems,Karst Outcrops,Shallow Upland Prairie; Upland Savanna,limestone/caliche/calcareous; rocky/ledge/slope; prairie/open field; deep clay/swale; woodland/wood edge; dry upland; moist mesic; sunny open; shade/part shade,limestone prairies/hillsides/slopes/ledges,"Dry; Low; Sun, Part Shade; High",High,No,Publish now,Literature-supported microregion assignment; field/GIS confirmation can be added in a later release.,"LBJ/USDA/FNA/USACE support species habitat traits; NRCS/EPA/TPWD links support site/soil/ecoregion/vegetation validation, not species identity.",v1-online-public-draft,2026-05-27,salvia-texana,https://www.wildflower.org/plants/result.php?id_plant=SATE3,https://www.wildflower.org/plants/result.php?id_plant=SATE3,https://plants.usda.gov/home/basicSearchResults?searchString=Salvia+texana,https://floranorthamerica.org/Special:Search?search=Salvia+texana,https://wetland-plants.sec.usace.army.mil/,https://websoilsurvey.nrcs.usda.gov/app/,https://www.epa.gov/eco-research/ecoregions,https://tpwd.texas.gov/landwater/land/programs/landscape-ecology/ems/,"Public dashboard field. Long source prose, photos, image URLs, full source protocols, and page boilerplate are intentionally excluded from public data files. Use linked source pages for full context.",,Texas Sage,Seed | Stem,Scarification | Cutting | Layering,Materials listed: Seed | Stem. Treatment tags listed: Scarification | Cutting | Layering. Full propagation instructions are not reproduced in this public dataset; use the linked NPSOT/source pages for complete protocols.,https://www.npsot.org/posts/native-plant/salvia-texana/,https://www.picturethisai.com/care/propagate/Salvia_texana.html | https://greg.app/propagate-texas-sage/,yes,
Sambucus nigra,Sambucus nigra,Black Elderberry,Adoxaceae,Perennial,Deciduous,"Shrub, Tree","Shrub, Tree","Sun, Part Shade",,Medium,,10–20,5–10,,April–August,,,,,,Riparian and floodplain systems,Riparian Banks,Mesic Canyons & Seeps; Ecotone / Edge Thicket,stream/river bank; floodplain/bottomland; woodland/wood edge; moist mesic; sunny open; shade/part shade,"moist low woods, stream edges, bottomlands, thickets",,High,No,Publish now,Literature-supported microregion assignment; field/GIS confirmation can be added in a later release.,"LBJ/USDA/FNA/USACE support species habitat traits; NRCS/EPA/TPWD links support site/soil/ecoregion/vegetation validation, not species identity.",v1-online-public-draft,2026-05-27,sambucus-nigra,https://www.wildflower.org/plants/result.php?id_plant=SANI4,https://www.wildflower.org/plants/result.php?id_plant=SANI4,https://plants.usda.gov/home/basicSearchResults?searchString=Sambucus+nigra,https://floranorthamerica.org/Special:Search?search=Sambucus+nigra,https://wetland-plants.sec.usace.army.mil/,https://websoilsurvey.nrcs.usda.gov/app/,https://www.epa.gov/eco-research/ecoregions,https://tpwd.texas.gov/landwater/land/programs/landscape-ecology/ems/,"Public dashboard field. Long source prose, photos, image URLs, full source protocols, and page boilerplate are intentionally excluded from public data files. Use linked source pages for full context.",Region: AGCP AK AW CB EMP GP HI MW NCNE WMVE Status: FACW FACU FAC FAC FAC FACU FAC FACW FAC,,,,,,,,
Sambucus nigra ssp. canadensis,Sambucus nigra ssp. canadensis,Common Elderberry,Adoxaceae,Perennial,Deciduous,Shrub,Shrub,"Sun, Part Shade",Part Shade,Medium,Medium,5–12,5–10,Wet,"May, Jun",White,Birds,,American Robin (Turdus migratorius); Northern Bobwhite (Colinus virginianus); Northern Cardinal (Cardinalis cardinalis); Wild Turkey (Meleagris gallopavo),USDA American Elderberry Fact Sheet: https://plants.sc.egov.usda.gov/DocumentLibrary/factsheet/pdf/fs_sanic4.pdf,Riparian and floodplain systems,Riparian Banks,Ecotone / Edge Thicket; Shallow Upland Prairie; Aquatic / Spring Runs; Upland Woodland,alluvial floodplain or creek terrace,alluvial floodplain or creek terrace,Wet; Medium; Part Shade; Medium,Medium,Optional,Publish with caveat,"Usable for public draft release, but should remain flagged as provisional until optional spot-check or field/GIS support is added.","LBJ/USDA/FNA/USACE support species habitat traits; NRCS/EPA/TPWD links support site/soil/ecoregion/vegetation validation, not species identity.",v1-online-public-draft,2026-05-27,sambucus-nigra-ssp-canadensis,https://www.wildflower.org/plants/result.php?id_plant=SANIC4,https://www.wildflower.org/plants/result.php?id_plant=SANIC4,https://plants.usda.gov/home/basicSearchResults?searchString=Sambucus+nigra+ssp.+canadensis,https://floranorthamerica.org/Special:Search?search=Sambucus+nigra+ssp.+canadensis,https://wetland-plants.sec.usace.army.mil/,https://websoilsurvey.nrcs.usda.gov/app/,https://www.epa.gov/eco-research/ecoregions,https://tpwd.texas.gov/landwater/land/programs/landscape-ecology/ems/,"Public dashboard field. Long source prose, photos, image URLs, full source protocols, and page boilerplate are intentionally excluded from public data files. Use linked source pages for full context.",,Common Elderberry,Seed,No Treatment | Scarification | Stratification,Materials listed: Seed. Treatment tags listed: No Treatment | Scarification | Stratification. Full propagation instructions are not reproduced in this public dataset; use the linked NPSOT/source pages for complete protocols.,https://www.npsot.org/posts/native-plant/sambucus-nigra-ssp-canadensis/,https://www.wildflower.org/plants/result.php?id_plant=SANIC4,yes,
Sapindus saponaria var. drummondii,Sapindus saponaria var. drummondii,"Wingleaf Soapberry, Soapberry, Wild China Tree",Sapindaceae,Perennial,Deciduous,Tree,Tree,Sun,"Sun, Part Shade",Low,Low,20–50,10–30,"Dry, Moist","May, Jun",White,,,,,Woodland and karst upland systems,Upland Woodland,Riparian Banks; Karst Outcrops; Ecotone / Edge Thicket,stream/river bank; limestone/caliche/calcareous; rocky/ledge/slope/ridge; woodland/wood edge; dry upland; moist mesic; sunny open; shade/part shade,"stream banks, wood margins, rocky limestone hillsides","Dry, Moist; Low; Sun, Part Shade; High; High",High,No,Publish now,Literature-supported microregion assignment; field/GIS confirmation can be added in a later release.,"LBJ/USDA/FNA/USACE support species habitat traits; NRCS/EPA/TPWD links support site/soil/ecoregion/vegetation validation, not species identity.",v1-online-public-draft,2026-05-27,sapindus-saponaria-var-drummondii,https://www.wildflower.org/plants/result.php?id_plant=SASAD,https://www.wildflower.org/plants/result.php?id_plant=SASAD,https://plants.usda.gov/home/basicSearchResults?searchString=Sapindus+saponaria+var.+drummondii,https://floranorthamerica.org/Special:Search?search=Sapindus+saponaria+var.+drummondii,https://wetland-plants.sec.usace.army.mil/,https://websoilsurvey.nrcs.usda.gov/app/,https://www.epa.gov/eco-research/ecoregions,https://tpwd.texas.gov/landwater/land/programs/landscape-ecology/ems/,"Public dashboard field. Long source prose, photos, image URLs, full source protocols, and page boilerplate are intentionally excluded from public data files. Use linked source pages for full context.",Region: AGCP AK AW CB EMP GP HI MW NCNE WMVE Status: FACU FACU UPL FACU FACU UPL UPL FACU,Soapberry,Seed,Scarification,Materials listed: Seed. Treatment tags listed: Scarification. Full propagation instructions are not reproduced in this public dataset; use the linked NPSOT/source pages for complete protocols.,https://www.npsot.org/posts/native-plant/sapindus-saponaria-var-drummondii/,https://www.wildflower.org/plants/result.php?id_plant=SASAD,,
Saururus cernuus,Saururus cernuus,"Lizard's Tail, Lizard Tail, Breastweed, Water Dragon",Saururaceae,Perennial,Deciduous,Herb,Herb,"Shade, Part Shade","Part Shade, Shade",Medium,High,1–3,1–3,"Moist, Wet","Apr, May, Jun, Jul, Aug",White,Birds,,,,"Aquatic, spring-run, and wetland systems",Aquatic / Spring Runs,Upland Woodland,pond/lake margin or shallow open water,pond/lake margin or shallow open water,"Moist, Wet; High; Part Shade, Shade",High,No,Publish now,Literature-supported microregion assignment; field/GIS confirmation can be added in a later release.,"LBJ/USDA/FNA/USACE support species habitat traits; NRCS/EPA/TPWD links support site/soil/ecoregion/vegetation validation, not species identity.",v1-online-public-draft,2026-05-27,saururus-cernuus,https://www.wildflower.org/plants/result.php?id_plant=SACE,https://www.wildflower.org/plants/result.php?id_plant=SACE,https://plants.usda.gov/home/basicSearchResults?searchString=Saururus+cernuus,https://floranorthamerica.org/Special:Search?search=Saururus+cernuus,https://wetland-plants.sec.usace.army.mil/,https://websoilsurvey.nrcs.usda.gov/app/,https://www.epa.gov/eco-research/ecoregions,https://tpwd.texas.gov/landwater/land/programs/landscape-ecology/ems/,"Public dashboard field. Long source prose, photos, image URLs, full source protocols, and page boilerplate are intentionally excluded from public data files. Use linked source pages for full context.",Region: AGCP AK AW CB EMP GP HI MW NCNE WMVE Status: OBL OBL OBL OBL OBL,Lizard Tail,Offshoots | Seed,Division | Stratification,Materials listed: Offshoots | Seed. Treatment tags listed: Division | Stratification. Full propagation instructions are not reproduced in this public dataset; use the linked NPSOT/source pages for complete protocols.,https://www.npsot.org/posts/native-plant/saururus-cernuus/,https://en.aqua-fish.net/plants/saururus-cernuus#:~:text=Saururus%20cernuus%20is%20propagated%20primarily | https://npn.rngr.net/renderNPNProtocolDetails?selectedProtocolIds=saururaceae-saururus-460&referer=wildflower#:~:text=Seeds%20are%20stored%20cold%20and,,
Schizachyrium scoparium,Schizachyrium scoparium,"Little Bluestem, Popotillo Azul",Poaceae,Perennial,Deciduous,Grass,Grass/Grass-like,Sun,"Sun, Part Shade",Low,Low,2–4,1–2,Dry,"Jun, Jul, Aug, Sep, Oct, Nov, Dec","White, Green, Brown","Birds, Butterflies","Ottoe Skipper, Indian Skipper, Crossline Skipper, Dusted Skipper, Cobweb butterfly, Dixie skipper",,,Upland prairie and open grassland systems,Shallow Upland Prairie,,dry upland prairie slope,dry upland prairie slope,"Dry; Low; Sun, Part Shade; High; High",High,No,Publish now,Literature-supported microregion assignment; field/GIS confirmation can be added in a later release.,"LBJ/USDA/FNA/USACE support species habitat traits; NRCS/EPA/TPWD links support site/soil/ecoregion/vegetation validation, not species identity.",v1-online-public-draft,2026-05-27,schizachyrium-scoparium,https://www.wildflower.org/plants/result.php?id_plant=SCSC,https://www.wildflower.org/plants/result.php?id_plant=SCSC,https://plants.usda.gov/home/basicSearchResults?searchString=Schizachyrium+scoparium,https://floranorthamerica.org/Special:Search?search=Schizachyrium+scoparium,https://wetland-plants.sec.usace.army.mil/,https://websoilsurvey.nrcs.usda.gov/app/,https://www.epa.gov/eco-research/ecoregions,https://tpwd.texas.gov/landwater/land/programs/landscape-ecology/ems/,"Public dashboard field. Long source prose, photos, image URLs, full source protocols, and page boilerplate are intentionally excluded from public data files. Use linked source pages for full context.",Region: AGCP AK AW CB EMP GP HI MW NCNE WMVE Status: FACU FACU FACU FACU UPL FACU FACU FACU,Little Bluestem,Clump | Seed,"Division | No Treatment, Stratification","Materials listed: Clump | Seed. Treatment tags listed: Division | No Treatment, Stratification. Full propagation instructions are not reproduced in this public dataset; use the linked NPSOT/source pages for complete protocols.",https://www.npsot.org/posts/native-plant/schizachyrium-scoparium/,https://hort.extension.wisc.edu/articles/little-bluestem-schizachyrium-scoparium/#:~:text=Propagation%20of%20Little%20Bluestem | https://www.thespruce.com/little-bluestem-growing-guide-5214474#:~:text=Propagating%20Little%20Bluestem,,
Scutellaria ovata,Scutellaria ovata,"Heartleaf Skullcap, Heart-leaf Skullcap",Lamiaceae,Perennial,Evergreen,Herb,Herb,"Shade, Part Shade","Part Shade, Shade",Medium,,1–2,1–2,Moist,"Apr, May, Jun","Blue, Violet",Hummingbirds,,,,Upland prairie and open grassland systems,Shallow Upland Prairie,Ecotone / Edge Thicket; Karst Outcrops,dry upland prairie slope,dry upland prairie slope,"Moist; Part Shade, Shade",High,No,Publish now,Literature-supported microregion assignment; field/GIS confirmation can be added in a later release.,"LBJ/USDA/FNA/USACE support species habitat traits; NRCS/EPA/TPWD links support site/soil/ecoregion/vegetation validation, not species identity.",v1-online-public-draft,2026-05-27,scutellaria-ovata,https://www.wildflower.org/plants/result.php?id_plant=SCOV,https://www.wildflower.org/plants/result.php?id_plant=SCOV,https://plants.usda.gov/home/basicSearchResults?searchString=Scutellaria+ovata,https://floranorthamerica.org/Special:Search?search=Scutellaria+ovata,https://wetland-plants.sec.usace.army.mil/,https://websoilsurvey.nrcs.usda.gov/app/,https://www.epa.gov/eco-research/ecoregions,https://tpwd.texas.gov/landwater/land/programs/landscape-ecology/ems/,"Public dashboard field. Long source prose, photos, image URLs, full source protocols, and page boilerplate are intentionally excluded from public data files. Use linked source pages for full context.",Region: AGCP AK AW CB EMP GP HI MW NCNE WMVE Status: UPL FACU FACU FACU FACU,Heartleaf Skullcap,Seed | Stem,No Treatment | Cutting,Materials listed: Seed | Stem. Treatment tags listed: No Treatment | Cutting. Full propagation instructions are not reproduced in this public dataset; use the linked NPSOT/source pages for complete protocols.,https://www.npsot.org/posts/native-plant/scutellaria-ovata/,https://plantiary.com/plant/scutellaria-ovata_17490.html#:~:text=Cultivation,yes,
Scutellaria wrightii,Scutellaria wrightii,"Wright's Skullcap, Bushy Skullcap, Shrubby Skullcap",Lamiaceae,Perennial,Evergreen,Herb,Shrub,Sun,"Sun, Part Shade",Low,Low,1–2,1–2,"Dry, Moist","Mar, Apr, May, Jun, Jul","Blue, Violet",,,,,Upland prairie and open grassland systems,Shallow Upland Prairie,Upland Woodland,sandy/loamy upland prairie or open field,sandy/loamy upland prairie or open field,"Dry, Moist; Low; Sun, Part Shade",High,No,Publish now,Literature-supported microregion assignment; field/GIS confirmation can be added in a later release.,"LBJ/USDA/FNA/USACE support species habitat traits; NRCS/EPA/TPWD links support site/soil/ecoregion/vegetation validation, not species identity.",v1-online-public-draft,2026-05-27,scutellaria-wrightii,https://www.wildflower.org/plants/result.php?id_plant=SCWR2,https://www.wildflower.org/plants/result.php?id_plant=SCWR2,https://plants.usda.gov/home/basicSearchResults?searchString=Scutellaria+wrightii,https://floranorthamerica.org/Special:Search?search=Scutellaria+wrightii,https://wetland-plants.sec.usace.army.mil/,https://websoilsurvey.nrcs.usda.gov/app/,https://www.epa.gov/eco-research/ecoregions,https://tpwd.texas.gov/landwater/land/programs/landscape-ecology/ems/,"Public dashboard field. Long source prose, photos, image URLs, full source protocols, and page boilerplate are intentionally excluded from public data files. Use linked source pages for full context.",,,,,,,,yes,
Senegalia greggii,Senegalia greggii,"Gregg Acacia, Gregg's Acacia, Gregg Catclaw Acacia, Gregg's Catclaw Acacia, Gregg Catclaw, Gregg's Catclaw, Texas Catclaw Acacia, Texas Catclaw, Long-flowered Catclaw Acacia, Longflower Catclaw Acacia, Long-flowered Catclaw, Longflower Catclaw, Catclaw Acacia, Catclaw, Devil's Claw, Uña De Gato",Fabaceae,Perennial,Deciduous,"Shrub, Tree",Tree,Sun,Sun,Low,Low,6–20,5–10,Dry,"Apr, May, Jun, Jul, Aug, Sep, Oct","White, Yellow",,,,,Woodland and karst upland systems,Karst Outcrops,Shallow Upland Prairie,rocky calcareous limestone outcrop,rocky calcareous limestone outcrop,Dry; Low; Sun; High,Medium,Optional,Publish with caveat,"Usable for public draft release, but should remain flagged as provisional until optional spot-check or field/GIS support is added.","LBJ/USDA/FNA/USACE support species habitat traits; NRCS/EPA/TPWD links support site/soil/ecoregion/vegetation validation, not species identity.",v1-online-public-draft,2026-05-27,senegalia-greggii,https://www.wildflower.org/plants/result.php?id_plant=SEGR4,https://www.wildflower.org/plants/result.php?id_plant=SEGR4,https://plants.usda.gov/home/basicSearchResults?searchString=Senegalia+greggii,https://floranorthamerica.org/Special:Search?search=Senegalia+greggii,https://wetland-plants.sec.usace.army.mil/,https://websoilsurvey.nrcs.usda.gov/app/,https://www.epa.gov/eco-research/ecoregions,https://tpwd.texas.gov/landwater/land/programs/landscape-ecology/ems/,"Public dashboard field. Long source prose, photos, image URLs, full source protocols, and page boilerplate are intentionally excluded from public data files. Use linked source pages for full context.",Region: AGCP AK AW CB EMP GP HI MW NCNE WMVE Status: FACU UPL FACU,Gregg Catclaw Acacia,Seed,No Treatment | Scarification,Materials listed: Seed. Treatment tags listed: No Treatment | Scarification. Full propagation instructions are not reproduced in this public dataset; use the linked NPSOT/source pages for complete protocols.,https://www.npsot.org/posts/native-plant/senegalia-greggii/,https://temperate.theferns.info/plant/Senegalia+greggii#:~:text=Sow%20the%20seed%20in%20Spring%20in%20a | https://www.wildflower.org/plants/result.php?id_plant=SEGR4 | https://npn.rngr.net/renderNPNProtocolDetails?selectedProtocolIds=fabaceae-acacia-2543,,
Senegalia wrightii,Senegalia wrightii,"Wright Acacia, Wright's Acacia, Catclaw Acacia, Catclaw",Fabaceae,Perennial,Deciduous,"Shrub, Tree",Tree,Sun,"Sun, Part Shade",Low,Low,6–15,5–10,Dry,"Mar, Apr, May","White, Yellow",Butterflies,Marine blue butterfly,,,Woodland and karst upland systems,Karst Outcrops,Shallow Upland Prairie; Riparian Banks,rocky calcareous limestone outcrop,rocky calcareous limestone outcrop,"Dry; Low; Sun, Part Shade; High",Medium,Optional,Publish with caveat,"Usable for public draft release, but should remain flagged as provisional until optional spot-check or field/GIS support is added.","LBJ/USDA/FNA/USACE support species habitat traits; NRCS/EPA/TPWD links support site/soil/ecoregion/vegetation validation, not species identity.",v1-online-public-draft,2026-05-27,senegalia-wrightii,https://www.wildflower.org/plants/result.php?id_plant=SEWR4,https://www.wildflower.org/plants/result.php?id_plant=SEWR4,https://plants.usda.gov/home/basicSearchResults?searchString=Senegalia+wrightii,https://floranorthamerica.org/Special:Search?search=Senegalia+wrightii,https://wetland-plants.sec.usace.army.mil/,https://websoilsurvey.nrcs.usda.gov/app/,https://www.epa.gov/eco-research/ecoregions,https://tpwd.texas.gov/landwater/land/programs/landscape-ecology/ems/,"Public dashboard field. Long source prose, photos, image URLs, full source protocols, and page boilerplate are intentionally excluded from public data files. Use linked source pages for full context.",,,,,,,,,
Senna lindheimeriana,Senna lindheimeriana,"Lindheimer's Senna, Velvet Leaf Senna, Velvetleaf Senna, Velvet-leaf Wild Sensitive-plant, Puppy-dog Ears",Fabaceae,Perennial,Deciduous,Shrub,Shrub,"Sun, Part Shade","Sun, Part Shade",Low,Low,1–3,1–2,Dry,"Aug, Sep, Oct",Yellow,"Birds, Butterflies","Sleepy Orange, Sulphur butterflies",,,Upland prairie and open grassland systems,Shallow Upland Prairie,Karst Outcrops,sandy/loamy upland prairie or open field,sandy/loamy upland prairie or open field,"Dry; Low; Sun, Part Shade",High,No,Publish now,Literature-supported microregion assignment; field/GIS confirmation can be added in a later release.,"LBJ/USDA/FNA/USACE support species habitat traits; NRCS/EPA/TPWD links support site/soil/ecoregion/vegetation validation, not species identity.",v1-online-public-draft,2026-05-27,senna-lindheimeriana,https://www.wildflower.org/plants/result.php?id_plant=SELI4,https://www.wildflower.org/plants/result.php?id_plant=SELI4,https://plants.usda.gov/home/basicSearchResults?searchString=Senna+lindheimeriana,https://floranorthamerica.org/Special:Search?search=Senna+lindheimeriana,https://wetland-plants.sec.usace.army.mil/,https://websoilsurvey.nrcs.usda.gov/app/,https://www.epa.gov/eco-research/ecoregions,https://tpwd.texas.gov/landwater/land/programs/landscape-ecology/ems/,"Public dashboard field. Long source prose, photos, image URLs, full source protocols, and page boilerplate are intentionally excluded from public data files. Use linked source pages for full context.",,Lindheimer's Senna,Seed,No Treatment,Materials listed: Seed. Treatment tags listed: No Treatment. Full propagation instructions are not reproduced in this public dataset; use the linked NPSOT/source pages for complete protocols.,https://www.npsot.org/posts/native-plant/senna-lindheimeriana/,https://www.wildflower.org/plants/result.php?id_plant=SELI4 | https://www.picturethisai.com/care/Senna_lindheimeriana.html,yes,
Senna roemeriana,Senna roemeriana,"Twoleaf Senna, Two Leaved Senna",Fabaceae,Perennial,Deciduous,Herb,Shrub,Sun,Part Shade,Low,Low,1–2,1–2,Dry,"May, Jun, Jul, Aug, Sep, Oct",Yellow,"Birds, Butterflies",Various Sulphur butterflies,,,Upland prairie and open grassland systems,Shallow Upland Prairie,Karst Outcrops; Upland Woodland; Deep Clay Prairie,limestone/caliche/calcareous; prairie/open field; deep clay/swale; woodland/wood edge; dry upland; moist mesic; shade/part shade,"fields/open woods, well-drained limestone, dry caliche/clay",Dry; Low; Part Shade,High,No,Publish now,Literature-supported microregion assignment; field/GIS confirmation can be added in a later release.,"LBJ/USDA/FNA/USACE support species habitat traits; NRCS/EPA/TPWD links support site/soil/ecoregion/vegetation validation, not species identity.",v1-online-public-draft,2026-05-27,senna-roemeriana,https://www.wildflower.org/plants/result.php?id_plant=SERO8,https://www.wildflower.org/plants/result.php?id_plant=SERO8,https://plants.usda.gov/home/basicSearchResults?searchString=Senna+roemeriana,https://floranorthamerica.org/Special:Search?search=Senna+roemeriana,https://wetland-plants.sec.usace.army.mil/,https://websoilsurvey.nrcs.usda.gov/app/,https://www.epa.gov/eco-research/ecoregions,https://tpwd.texas.gov/landwater/land/programs/landscape-ecology/ems/,"Public dashboard field. Long source prose, photos, image URLs, full source protocols, and page boilerplate are intentionally excluded from public data files. Use linked source pages for full context.",,Two Leaved Senna,Seed | Clump | Semi-harwood,Scarification | Division | Cutting,Materials listed: Seed | Clump | Semi-harwood. Treatment tags listed: Scarification | Division | Cutting. Full propagation instructions are not reproduced in this public dataset; use the linked NPSOT/source pages for complete protocols.,https://www.npsot.org/posts/native-plant/senna-roemeriana/,https://www.wildflower.org/plants/result.php?id_plant=SERO8 | https://www.picturethisai.com/wiki/Senna_roemeriana.html | https://www.botanikks.com/plants/cassia-roemeriana-scheele/545069/1,yes,
Setaria scheelei,Setaria scheelei,"Southwestern Bristlegrass, Scheele's Bristlegrass, Scheele's Foxtail Grass, Foxtail Grass",Poaceae,Perennial,Deciduous,Grass,Grass/Grass-like,Sun,"Part Shade, Shade",Low,"Low, Medium",1–2,1–2,"Dry, Moist","May, Jun, Jul, Aug, Sep, Oct, Nov","White, Green",Birds,The Grass Family is an essential larval food for most branded skippers and most of the satyrs.,,,Upland prairie and open grassland systems,Shallow Upland Prairie,Mesic Canyons & Seeps; Upland Woodland,open dry upland prairie/grassland,open dry upland prairie/grassland,"Dry, Moist; Low, Medium; Part Shade, Shade",Medium,Optional,Publish with caveat,"Usable for public draft release, but should remain flagged as provisional until optional spot-check or field/GIS support is added.","LBJ/USDA/FNA/USACE support species habitat traits; NRCS/EPA/TPWD links support site/soil/ecoregion/vegetation validation, not species identity.",v1-online-public-draft,2026-05-27,setaria-scheelei,https://www.wildflower.org/plants/result.php?id_plant=SESC2,https://www.wildflower.org/plants/result.php?id_plant=SESC2,https://plants.usda.gov/home/basicSearchResults?searchString=Setaria+scheelei,https://floranorthamerica.org/Special:Search?search=Setaria+scheelei,https://wetland-plants.sec.usace.army.mil/,https://websoilsurvey.nrcs.usda.gov/app/,https://www.epa.gov/eco-research/ecoregions,https://tpwd.texas.gov/landwater/land/programs/landscape-ecology/ems/,"Public dashboard field. Long source prose, photos, image URLs, full source protocols, and page boilerplate are intentionally excluded from public data files. Use linked source pages for full context.",,Southwestern Bristlegrass,Seed | Clump,No Treatment | Division,Materials listed: Seed | Clump. Treatment tags listed: No Treatment | Division. Full propagation instructions are not reproduced in this public dataset; use the linked NPSOT/source pages for complete protocols.,https://www.npsot.org/posts/native-plant/setaria-scheelei/,https://propagate.one/how-to-propagate-setaria-scheelei/ | https://www.wildflower.org/plants/result.php?id_plant=SESC2 | https://seedsource.com/southwestern-bristlegrass/ | https://www.picturethisai.com/care/propagate/Setaria_scheelei.html#:~:text=Southwestern%20bristlegrass%20is%20a%20resilient%20bunchgrass%20found,,
Sideroxylon lanuginosum,Sideroxylon lanuginosum,"Gum Bumelia, Gum Bully, Woollybucket Bumelia, Woolly Bumelia, Gum Woollybucket, Woolly Buckthorn, Chittamwood, Shittamwood, Gum Elastic, Coma, Black Haw",Sapotaceae,Perennial,Semi-evergreen,Tree,"Shrub, Tree",Sun,"Sun, Part Shade",Low,"Low, Medium",15–30,10–20,Dry,"Jun, Jul",White,,,Northern Cardinal (Cardinalis cardinalis),USDA NRCS / plant guide: https://plants.usda.gov,Woodland and karst upland systems,Upland Woodland,Shallow Upland Prairie; Karst Outcrops; Ecotone / Edge Thicket,woodland/wood edge; dry upland; moist mesic; sunny open; shade/part shade,dry low-water sun/part shade woody edge/upland tree,"Dry; Low, Medium; Sun, Part Shade",Medium,Optional,Publish with caveat,"Usable for public draft release, but should remain flagged as provisional until optional spot-check or field/GIS support is added.","LBJ/USDA/FNA/USACE support species habitat traits; NRCS/EPA/TPWD links support site/soil/ecoregion/vegetation validation, not species identity.",v1-online-public-draft,2026-05-27,sideroxylon-lanuginosum,https://www.wildflower.org/plants/result.php?id_plant=SILA20,https://www.wildflower.org/plants/result.php?id_plant=SILA20,https://plants.usda.gov/home/basicSearchResults?searchString=Sideroxylon+lanuginosum,https://floranorthamerica.org/Special:Search?search=Sideroxylon+lanuginosum,https://wetland-plants.sec.usace.army.mil/,https://websoilsurvey.nrcs.usda.gov/app/,https://www.epa.gov/eco-research/ecoregions,https://tpwd.texas.gov/landwater/land/programs/landscape-ecology/ems/,"Public dashboard field. Long source prose, photos, image URLs, full source protocols, and page boilerplate are intentionally excluded from public data files. Use linked source pages for full context.",Region: AGCP AK AW CB EMP GP HI MW NCNE WMVE Status: FACU FACU FACU FACU FACW FACU,Gum Bumelia,Seed | Stem | Softwood,Scarification | Cutting,Materials listed: Seed | Stem | Softwood. Treatment tags listed: Scarification | Cutting. Full propagation instructions are not reproduced in this public dataset; use the linked NPSOT/source pages for complete protocols.,https://www.npsot.org/posts/native-plant/sideroxylon-lanuginosum/,https://propagate.one/how-to-propagate-sideroxylon-lanuginosum/ | https://www.botanikks.com/plants/sideroxylon-lanuginosum-michx/507422/1 | https://www.picturethisai.com/care/propagate/Sideroxylon_lanuginosum.html | https://plantiary.com/plant/sideroxylon-lanuginosum_3292.html,yes,
Silphium albiflorum,Silphium albiflorum,"White Rosinweed, White-flowered Rosinweed, Compass Plant",Asteraceae,Perennial,Deciduous,Herb,Herb,Sun,Sun,Low,Low,2–4,2–3,Dry,"May, Jun, Jul",White,"Birds, Butterflies",,,,Upland prairie and open grassland systems,Shallow Upland Prairie,Karst Outcrops,dry upland prairie slope,dry upland prairie slope,Dry; Low; Sun,High,No,Publish now,Literature-supported microregion assignment; field/GIS confirmation can be added in a later release.,"LBJ/USDA/FNA/USACE support species habitat traits; NRCS/EPA/TPWD links support site/soil/ecoregion/vegetation validation, not species identity.",v1-online-public-draft,2026-05-27,silphium-albiflorum,https://www.wildflower.org/plants/result.php?id_plant=SIAL,https://www.wildflower.org/plants/result.php?id_plant=SIAL,https://plants.usda.gov/home/basicSearchResults?searchString=Silphium+albiflorum,https://floranorthamerica.org/Special:Search?search=Silphium+albiflorum,https://wetland-plants.sec.usace.army.mil/,https://websoilsurvey.nrcs.usda.gov/app/,https://www.epa.gov/eco-research/ecoregions,https://tpwd.texas.gov/landwater/land/programs/landscape-ecology/ems/,"Public dashboard field. Long source prose, photos, image URLs, full source protocols, and page boilerplate are intentionally excluded from public data files. Use linked source pages for full context.",,White Rosinweed,Root | Stem | Seed,Division | Cutting | No Treatment,Materials listed: Root | Stem | Seed. Treatment tags listed: Division | Cutting | No Treatment. Full propagation instructions are not reproduced in this public dataset; use the linked NPSOT/source pages for complete protocols.,https://www.npsot.org/posts/native-plant/silphium-albiflorum/,https://www.botanikks.com/plants/silphium-albiflorum-gray/507678/1 | https://plantiary.com/plant/silphium-albiflorum_33773.html | https://www.picturethisai.com/care/propagate/Silphium_albiflorum.html | https://www.selinawamucii.com/plants/asteraceae/silphium-albiflorum/,yes,
Simsia calva,Simsia calva,Awnless Bushsunflower,Asteraceae,Perennial,,,Herb,,Sun,,,,,Dry,"May, Jun, Jul, Aug, Sep, Oct, Nov","Orange, Yellow","Birds, Butterflies",,,,Upland prairie and open grassland systems,Shallow Upland Prairie,Shallow Upland Prairie,open dry upland prairie/grassland,open dry upland prairie/grassland,Dry; Sun,High,No,Publish now,Literature-supported microregion assignment; field/GIS confirmation can be added in a later release.,"LBJ/USDA/FNA/USACE support species habitat traits; NRCS/EPA/TPWD links support site/soil/ecoregion/vegetation validation, not species identity.",v1-online-public-draft,2026-05-27,simsia-calva,https://www.wildflower.org/plants/result.php?id_plant=SICA7,https://www.wildflower.org/plants/result.php?id_plant=SICA7,https://plants.usda.gov/home/basicSearchResults?searchString=Simsia+calva,https://floranorthamerica.org/Special:Search?search=Simsia+calva,https://wetland-plants.sec.usace.army.mil/,https://websoilsurvey.nrcs.usda.gov/app/,https://www.epa.gov/eco-research/ecoregions,https://tpwd.texas.gov/landwater/land/programs/landscape-ecology/ems/,"Public dashboard field. Long source prose, photos, image URLs, full source protocols, and page boilerplate are intentionally excluded from public data files. Use linked source pages for full context.",,Bush Sunflower,Seed,No Treatment,Materials listed: Seed. Treatment tags listed: No Treatment. Full propagation instructions are not reproduced in this public dataset; use the linked NPSOT/source pages for complete protocols.,https://www.npsot.org/posts/native-plant/simsia-calva/,https://www.picturethisai.com/care/Simsia_calva.html,yes,
Sisyrinchium angustifolium,Sisyrinchium angustifolium,"Narrowleaf Blue-eyed Grass, Narrow-leaf Blue-eyed-grass, Bermuda Blue-eyed Grass, Blue-eyed Grass",Iridaceae,Perennial,Deciduous,Herb,Herb,"Sun, Part Shade","Sun, Part Shade",Medium,Medium,1–2,1–2,"Moist, Wet","Mar, Apr, May, Jun, Jul",Blue,,,,,Upland prairie and open grassland systems,Shallow Upland Prairie,Shallow Upland Prairie,open dry upland prairie/grassland,open dry upland prairie/grassland,"Moist, Wet; Medium; Sun, Part Shade; Low",High,No,Publish now,Literature-supported microregion assignment; field/GIS confirmation can be added in a later release.,"LBJ/USDA/FNA/USACE support species habitat traits; NRCS/EPA/TPWD links support site/soil/ecoregion/vegetation validation, not species identity.",v1-online-public-draft,2026-05-27,sisyrinchium-angustifolium,https://www.wildflower.org/plants/result.php?id_plant=SIAN3,https://www.wildflower.org/plants/result.php?id_plant=SIAN3,https://plants.usda.gov/home/basicSearchResults?searchString=Sisyrinchium+angustifolium,https://floranorthamerica.org/Special:Search?search=Sisyrinchium+angustifolium,https://wetland-plants.sec.usace.army.mil/,https://websoilsurvey.nrcs.usda.gov/app/,https://www.epa.gov/eco-research/ecoregions,https://tpwd.texas.gov/landwater/land/programs/landscape-ecology/ems/,"Public dashboard field. Long source prose, photos, image URLs, full source protocols, and page boilerplate are intentionally excluded from public data files. Use linked source pages for full context.",Region: AGCP AK AW CB EMP GP HI MW NCNE WMVE Status: FACW FACW FACW FAC FAC,Narrowleaf Blue-eyed Grass,Seed | Clump,No Treatment | Division | Stratification,Materials listed: Seed | Clump. Treatment tags listed: No Treatment | Division | Stratification. Full propagation instructions are not reproduced in this public dataset; use the linked NPSOT/source pages for complete protocols.,https://www.npsot.org/posts/native-plant/sisyrinchium-angustifolium/,https://edis.ifas.ufl.edu/publication/AG401 | https://www.wildflower.org/plants/result.php?id_plant=SIAN3 | https://npn.rngr.net/renderNPNProtocolDetails?selectedProtocolIds=iridaceae-sisyrinchium-1877#:~:text=Propagation%20Environment:%20Greenhouse%20film%20is | https://npn.rngr.net/renderNPNProtocolDetails?selectedProtocolIds=iridaceae-sisyrinchium-1877,,
Solanum triquetrum,Solanum triquetrum,"Texas Nightshade, Hierba Mora",Solanaceae,Perennial,Deciduous,Herb,"Herb, Vine","Sun, Part Shade",,Medium,,2–4,2–3,,"Jan, Feb, Mar, Apr, May, Jun, Jul, Aug, Sep, Oct, Nov, Dec","White, Violet",Birds,,,,"Ecotone, thicket, and disturbance-edge systems",Ecotone / Edge Thicket,Upland Woodland; Shallow Upland Prairie,woodland/wood edge; disturbed/roadside/ditch; sunny open; shade/part shade,"disturbed open ground, brush/woodland edges, and partial shade contexts",,High,Optional,Publish with caveat,"Usable for public draft release, but should remain flagged as provisional until optional spot-check or field/GIS support is added.","LBJ/USDA/FNA/USACE support species habitat traits; NRCS/EPA/TPWD links support site/soil/ecoregion/vegetation validation, not species identity.",v1-online-public-draft,2026-05-27,solanum-triquetrum,https://www.wildflower.org/plants/result.php?id_plant=SOTR2,https://www.wildflower.org/plants/result.php?id_plant=SOTR2,https://plants.usda.gov/home/basicSearchResults?searchString=Solanum+triquetrum,https://floranorthamerica.org/Special:Search?search=Solanum+triquetrum,https://wetland-plants.sec.usace.army.mil/,https://websoilsurvey.nrcs.usda.gov/app/,https://www.epa.gov/eco-research/ecoregions,https://tpwd.texas.gov/landwater/land/programs/landscape-ecology/ems/,"Public dashboard field. Long source prose, photos, image URLs, full source protocols, and page boilerplate are intentionally excluded from public data files. Use linked source pages for full context.",,Texas Nightshade,Stem,Cutting,Materials listed: Stem. Treatment tags listed: Cutting. Full propagation instructions are not reproduced in this public dataset; use the linked NPSOT/source pages for complete protocols.,https://www.npsot.org/posts/native-plant/solanum-triquetrum/,https://www.picturethisai.com/care/propagate/Solanum_triquetrum.html | https://davesgarden.com/guides/pf/go/114899#:~:text=Solanaceae%20(so%2Dlan%2DAY,,
Solidago altissima,Solidago altissima,"Tall Goldenrod, Late Goldenrod, Canadian Goldenrod, Canada Goldenrod",Asteraceae,Perennial,Deciduous,Herb,Herb,Sun,"Sun, Part Shade",Medium,Medium,3–6,2–3,Moist,"Aug, Sep, Oct, Nov",Yellow,"Birds, Butterflies",,,,Upland prairie and open grassland systems,Shallow Upland Prairie,Shallow Upland Prairie,sandy/loamy upland prairie or open field,sandy/loamy upland prairie or open field,"Moist; Medium; Sun, Part Shade; Medium",High,No,Publish now,Literature-supported microregion assignment; field/GIS confirmation can be added in a later release.,"LBJ/USDA/FNA/USACE support species habitat traits; NRCS/EPA/TPWD links support site/soil/ecoregion/vegetation validation, not species identity.",v1-online-public-draft,2026-05-27,solidago-altissima,https://www.wildflower.org/plants/result.php?id_plant=SOAL6,https://www.wildflower.org/plants/result.php?id_plant=SOAL6,https://plants.usda.gov/home/basicSearchResults?searchString=Solidago+altissima,https://floranorthamerica.org/Special:Search?search=Solidago+altissima,https://wetland-plants.sec.usace.army.mil/,https://websoilsurvey.nrcs.usda.gov/app/,https://www.epa.gov/eco-research/ecoregions,https://tpwd.texas.gov/landwater/land/programs/landscape-ecology/ems/,"Public dashboard field. Long source prose, photos, image URLs, full source protocols, and page boilerplate are intentionally excluded from public data files. Use linked source pages for full context.",Region: AGCP AK AW CB EMP GP HI MW NCNE WMVE Status: FACU FACU FACU FACU UPL FACU FACU FACU,Tall Goldenrod,Seed | Stem | Clump | Root,No Treatment | Cutting | Division,Materials listed: Seed | Stem | Clump | Root. Treatment tags listed: No Treatment | Cutting | Division. Full propagation instructions are not reproduced in this public dataset; use the linked NPSOT/source pages for complete protocols.,https://www.npsot.org/posts/native-plant/solidago-altissima/,https://propagate.one/how-to-propagate-solidago-altissima/ | https://plantiary.com/plant/solidago-altissima_4181.html,yes,
Solidago nemoralis,Solidago nemoralis,"Gray Goldenrod, Prairie Goldenrod, Oldfield Goldenrod, Grayleaf Goldenrod, Gray-leaved Goldenrod, Dyersweed Goldenrod, Dwarf Goldenrod, Field Goldenrod",Asteraceae,Perennial,Deciduous,Herb,Herb,Sun,"Sun, Part Shade, Shade",Low,Medium,1–3,2–3,Dry,"Jun, Jul, Aug, Sep, Oct",Yellow,Birds,,,,Upland prairie and open grassland systems,Shallow Upland Prairie,,sandy/loamy upland prairie or open field,sandy/loamy upland prairie or open field,"Dry; Medium; Sun, Part Shade, Shade; Medium",High,No,Publish now,Literature-supported microregion assignment; field/GIS confirmation can be added in a later release.,"LBJ/USDA/FNA/USACE support species habitat traits; NRCS/EPA/TPWD links support site/soil/ecoregion/vegetation validation, not species identity.",v1-online-public-draft,2026-05-27,solidago-nemoralis,https://www.wildflower.org/plants/result.php?id_plant=SONE,https://www.wildflower.org/plants/result.php?id_plant=SONE,https://plants.usda.gov/home/basicSearchResults?searchString=Solidago+nemoralis,https://floranorthamerica.org/Special:Search?search=Solidago+nemoralis,https://wetland-plants.sec.usace.army.mil/,https://websoilsurvey.nrcs.usda.gov/app/,https://www.epa.gov/eco-research/ecoregions,https://tpwd.texas.gov/landwater/land/programs/landscape-ecology/ems/,"Public dashboard field. Long source prose, photos, image URLs, full source protocols, and page boilerplate are intentionally excluded from public data files. Use linked source pages for full context.",,Prairie Goldenrod,Seed | Clump,Stratification | Division,Materials listed: Seed | Clump. Treatment tags listed: Stratification | Division. Full propagation instructions are not reproduced in this public dataset; use the linked NPSOT/source pages for complete protocols.,https://www.npsot.org/posts/native-plant/solidago-nemoralis/,https://propagate.one/how-to-propagate-solidago-nemoralis/ | https://plants.ces.ncsu.edu/plants/solidago-nemoralis/#:~:text=Attributes:%20Genus:%20Solidago%20Species: | https://plants.usda.gov/DocumentLibrary/factsheet/pdf/fs_sone.pdf,yes,
Sorghastrum nutans,Sorghastrum nutans,"Indiangrass, Yellow Indiangrass, Indian Grass",Poaceae,Perennial,Deciduous,Grass,Grass/Grass-like,Sun,"Sun, Part Shade, Shade",Low,Medium,3–6,2–3,"Dry, Moist","Aug, Sep, Oct",Yellow,Butterflies,Pepper-and-Salt Skipper butterfly.,,,Upland prairie and open grassland systems,Shallow Upland Prairie,Shallow Upland Prairie; Upland Woodland,dry upland prairie slope,dry upland prairie slope,"Dry, Moist; Medium; Sun, Part Shade, Shade; High; High",High,No,Publish now,Literature-supported microregion assignment; field/GIS confirmation can be added in a later release.,"LBJ/USDA/FNA/USACE support species habitat traits; NRCS/EPA/TPWD links support site/soil/ecoregion/vegetation validation, not species identity.",v1-online-public-draft,2026-05-27,sorghastrum-nutans,https://www.wildflower.org/plants/result.php?id_plant=SONU2,https://www.wildflower.org/plants/result.php?id_plant=SONU2,https://plants.usda.gov/home/basicSearchResults?searchString=Sorghastrum+nutans,https://floranorthamerica.org/Special:Search?search=Sorghastrum+nutans,https://wetland-plants.sec.usace.army.mil/,https://websoilsurvey.nrcs.usda.gov/app/,https://www.epa.gov/eco-research/ecoregions,https://tpwd.texas.gov/landwater/land/programs/landscape-ecology/ems/,"Public dashboard field. Long source prose, photos, image URLs, full source protocols, and page boilerplate are intentionally excluded from public data files. Use linked source pages for full context.",Region: AGCP AK AW CB EMP GP HI MW NCNE WMVE Status: FACU FACU FACU FACU FACU FACU FACU,Indiangrass,Seed,Stratification,Materials listed: Seed. Treatment tags listed: Stratification. Full propagation instructions are not reproduced in this public dataset; use the linked NPSOT/source pages for complete protocols.,https://www.npsot.org/posts/native-plant/indiangrass/,https://www.wildflower.org/plants/result.php?id_plant=SONU2 | https://npn.rngr.net/renderNPNProtocolDetails?selectedProtocolIds=poaceae-sorghastrum-288&referer=wildflower#:~:text=Seed%20is%20damp%20stratified%20by | https://www.wildflowerfarm.com/sorghastrum-nutans-indiangrass.html#:~:text=Indoors:%20No%20pre%2Dtreatment%20necessary,,
Styphnolobium affine,Styphnolobium affine,"Eve's Necklace, Eve's Necklacepod, Texas Sophora, Pink Sophora, Necklace Tree",Fabaceae,Perennial,Deciduous,Tree,Tree,"Sun, Part Shade",Part Shade,Low,Low,15–30,10–20,Dry,"Mar, Apr, May","White, Pink",,,,,Upland prairie and open grassland systems,Shallow Upland Prairie,,sandy/loamy upland prairie or open field,sandy/loamy upland prairie or open field,Dry; Low; Part Shade,High,No,Publish now,Literature-supported microregion assignment; field/GIS confirmation can be added in a later release.,"LBJ/USDA/FNA/USACE support species habitat traits; NRCS/EPA/TPWD links support site/soil/ecoregion/vegetation validation, not species identity.",v1-online-public-draft,2026-05-27,styphnolobium-affine,https://www.wildflower.org/plants/result.php?id_plant=STAF4,https://www.wildflower.org/plants/result.php?id_plant=STAF4,https://plants.usda.gov/home/basicSearchResults?searchString=Styphnolobium+affine,https://floranorthamerica.org/Special:Search?search=Styphnolobium+affine,https://wetland-plants.sec.usace.army.mil/,https://websoilsurvey.nrcs.usda.gov/app/,https://www.epa.gov/eco-research/ecoregions,https://tpwd.texas.gov/landwater/land/programs/landscape-ecology/ems/,"Public dashboard field. Long source prose, photos, image URLs, full source protocols, and page boilerplate are intentionally excluded from public data files. Use linked source pages for full context.",,Eve’s Necklace,Seed,Scarification,Materials listed: Seed. Treatment tags listed: Scarification. Full propagation instructions are not reproduced in this public dataset; use the linked NPSOT/source pages for complete protocols.,https://www.npsot.org/posts/native-plant/styphnolobium-affine/,https://www.wildflower.org/plants/result.php?id_plant=STAF4,,
Symphoricarpos orbiculatus,Symphoricarpos orbiculatus,"Coralberry, Indian Currant, Buckbrush",Caprifoliaceae,Perennial,Deciduous,Shrub,Shrub,"Shade, Part Shade","Part Shade, Shade",Medium,"Low, Medium",2–6,4–8,"Dry, Moist","Apr, May, Jun, Jul","White, Green",Birds,,,,Upland prairie and open grassland systems,Shallow Upland Prairie,,sandy/loamy upland prairie or open field,sandy/loamy upland prairie or open field,"Dry, Moist; Low, Medium; Part Shade, Shade; Low",High,No,Publish now,Literature-supported microregion assignment; field/GIS confirmation can be added in a later release.,"LBJ/USDA/FNA/USACE support species habitat traits; NRCS/EPA/TPWD links support site/soil/ecoregion/vegetation validation, not species identity.",v1-online-public-draft,2026-05-27,symphoricarpos-orbiculatus,https://www.wildflower.org/plants/result.php?id_plant=SYOR,https://www.wildflower.org/plants/result.php?id_plant=SYOR,https://plants.usda.gov/home/basicSearchResults?searchString=Symphoricarpos+orbiculatus,https://floranorthamerica.org/Special:Search?search=Symphoricarpos+orbiculatus,https://wetland-plants.sec.usace.army.mil/,https://websoilsurvey.nrcs.usda.gov/app/,https://www.epa.gov/eco-research/ecoregions,https://tpwd.texas.gov/landwater/land/programs/landscape-ecology/ems/,"Public dashboard field. Long source prose, photos, image URLs, full source protocols, and page boilerplate are intentionally excluded from public data files. Use linked source pages for full context.",Region: AGCP AK AW CB EMP GP HI MW NCNE WMVE Status: FACU UPL FACU FACU FACU FACU UPL,Coralberry,Softwood | Seed | Semi-harwood | Stem,Cutting | Stratification | Scarification | Layering,Materials listed: Softwood | Seed | Semi-harwood | Stem. Treatment tags listed: Cutting | Stratification | Scarification | Layering. Full propagation instructions are not reproduced in this public dataset; use the linked NPSOT/source pages for complete protocols.,https://www.npsot.org/posts/native-plant/symphoricarpos-orbiculatus/,https://earthone.io/plant/symphoricarpos%20orbiculatus | https://www.wildflower.org/plants/result.php?id_plant=SYOR | https://www.epicgardening.com/coralberry/,,
Symphyotrichum ericoides,Symphyotrichum ericoides,"White Heath Aster, Heath Aster",Asteraceae,Perennial,Deciduous,Herb,Herb,Sun,Sun,Low,,1–3,1–2,Dry,"Aug, Sep, Oct","White, Pink, Yellow, Blue",,,,,Upland prairie and open grassland systems,Shallow Upland Prairie,Deep Clay Prairie; Upland Savanna,dry upland; moist mesic; sunny open,"dry, low-water, full sun heath aster",Dry; Sun; High,Medium,Optional,Publish with caveat,"Usable for public draft release, but should remain flagged as provisional until optional spot-check or field/GIS support is added.","LBJ/USDA/FNA/USACE support species habitat traits; NRCS/EPA/TPWD links support site/soil/ecoregion/vegetation validation, not species identity.",v1-online-public-draft,2026-05-27,symphyotrichum-ericoides,https://www.wildflower.org/plants/result.php?id_plant=SYER,https://www.wildflower.org/plants/result.php?id_plant=SYER,https://plants.usda.gov/home/basicSearchResults?searchString=Symphyotrichum+ericoides,https://floranorthamerica.org/Special:Search?search=Symphyotrichum+ericoides,https://wetland-plants.sec.usace.army.mil/,https://websoilsurvey.nrcs.usda.gov/app/,https://www.epa.gov/eco-research/ecoregions,https://tpwd.texas.gov/landwater/land/programs/landscape-ecology/ems/,"Public dashboard field. Long source prose, photos, image URLs, full source protocols, and page boilerplate are intentionally excluded from public data files. Use linked source pages for full context.",Region: AGCP AK AW CB EMP GP HI MW NCNE WMVE Status: UPL FAC FACU FACU FACU FACU FAC,Heath Aster,Seed | Stem | Clump,No Treatment | Cutting | Division,Materials listed: Seed | Stem | Clump. Treatment tags listed: No Treatment | Cutting | Division. Full propagation instructions are not reproduced in this public dataset; use the linked NPSOT/source pages for complete protocols.,https://www.npsot.org/posts/native-plant/symphyotrichum-ericoides/,https://gardenerspath.com/plants/flowers/grow-heath-asters/#:~:text=By%20early%20summer%2C%20you%20can,,
Symphyotrichum oblongifolium,Symphyotrichum oblongifolium,"Aromatic Aster, Aromatic American Aster, Fall Aster, Wild Blue Aster, Shale Aster",Asteraceae,Perennial,Deciduous,Herb,Herb,Sun,"Sun, Part Shade",Low,Low,1–3,2–3,"Dry, Moist","Sep, Oct, Nov","Purple, Violet",,,,,Upland prairie and open grassland systems,Shallow Upland Prairie,Karst Outcrops,sandy/loamy upland prairie or open field,sandy/loamy upland prairie or open field,"Dry, Moist; Low; Sun, Part Shade",High,No,Publish now,Literature-supported microregion assignment; field/GIS confirmation can be added in a later release.,"LBJ/USDA/FNA/USACE support species habitat traits; NRCS/EPA/TPWD links support site/soil/ecoregion/vegetation validation, not species identity.",v1-online-public-draft,2026-05-27,symphyotrichum-oblongifolium,https://www.wildflower.org/plants/result.php?id_plant=SYOB,https://www.wildflower.org/plants/result.php?id_plant=SYOB,https://plants.usda.gov/home/basicSearchResults?searchString=Symphyotrichum+oblongifolium,https://floranorthamerica.org/Special:Search?search=Symphyotrichum+oblongifolium,https://wetland-plants.sec.usace.army.mil/,https://websoilsurvey.nrcs.usda.gov/app/,https://www.epa.gov/eco-research/ecoregions,https://tpwd.texas.gov/landwater/land/programs/landscape-ecology/ems/,"Public dashboard field. Long source prose, photos, image URLs, full source protocols, and page boilerplate are intentionally excluded from public data files. Use linked source pages for full context.",,Fall Aster,Seed | Rhizome,No Treatment | Stratification | Division,Materials listed: Seed | Rhizome. Treatment tags listed: No Treatment | Stratification | Division. Full propagation instructions are not reproduced in this public dataset; use the linked NPSOT/source pages for complete protocols.,https://www.npsot.org/posts/native-plant/symphyotrichum-oblongifolium/,https://plants.usda.gov/DocumentLibrary/factsheet/pdf/fs_syob.pdf | https://growitbuildit.com/aromatic-aster-symphyotrichum-oblongifolium/#:~:text=Aromatic%20Aster%20can%20also%20be,yes,
Symphyotrichum praealtum,Symphyotrichum praealtum,Willowleaf Aster,Asteraceae,Perennial,Deciduous,Herb,Herb,Sun,"Sun, Part Shade, Shade",Medium,,2–4,2–3,Moist,"Oct, Nov",Blue,,,,,Savanna and woodland-edge systems,Upland Savanna,Upland Savanna,"open woodland, savanna, or brushy prairie transition","open woodland, savanna, or brushy prairie transition","Moist; Sun, Part Shade, Shade",Medium,Optional,Publish with caveat,"Usable for public draft release, but should remain flagged as provisional until optional spot-check or field/GIS support is added.","LBJ/USDA/FNA/USACE support species habitat traits; NRCS/EPA/TPWD links support site/soil/ecoregion/vegetation validation, not species identity.",v1-online-public-draft,2026-05-27,symphyotrichum-praealtum,https://www.wildflower.org/plants/result.php?id_plant=SYPR5,https://www.wildflower.org/plants/result.php?id_plant=SYPR5,https://plants.usda.gov/home/basicSearchResults?searchString=Symphyotrichum+praealtum,https://floranorthamerica.org/Special:Search?search=Symphyotrichum+praealtum,https://wetland-plants.sec.usace.army.mil/,https://websoilsurvey.nrcs.usda.gov/app/,https://www.epa.gov/eco-research/ecoregions,https://tpwd.texas.gov/landwater/land/programs/landscape-ecology/ems/,"Public dashboard field. Long source prose, photos, image URLs, full source protocols, and page boilerplate are intentionally excluded from public data files. Use linked source pages for full context.",Region: AGCP AK AW CB EMP GP HI MW NCNE WMVE Status: FACW OBL FACW FACW FACW FACW OBL,Willowleaf Aster,Seed,Stratification,Materials listed: Seed. Treatment tags listed: Stratification. Full propagation instructions are not reproduced in this public dataset; use the linked NPSOT/source pages for complete protocols.,https://www.npsot.org/posts/native-plant/symphyotrichum-praealtum/,https://www.fellabees.com/shop/p/iey7qnrv7w75xf6a1k0etlc6df6my1 | https://www.prairiemoon.com/symphyotrichum-praealtum-willow-aster#panel-planting | https://www.picturethisai.com/care/propagate/Symphyotrichum_praealtum.html,,
Taxodium distichum,Taxodium distichum,"Bald Cypress, Baldcypress, Common Bald Cypress, Southern Bald Cypress, Deciduous Cypress, Southern Cypress, Swamp Cypress, Red Cypress, White Cypress, Yellow Cypress, Gulf Cypress, Tidewater Red Cypress",Cupressaceae,Perennial,Deciduous,Tree,Tree,"Sun, Part Shade","Sun, Part Shade",Medium,Medium,50–70,20–30,Moist,Apr,Purple,Birds,,Black Vulture (Coragyps atratus); Northern Rough-winged Swallow (Stelgidopteryx serripennis); Ruby-crowned Kinglet (Corthylio calendula); Yellow-throated Warbler (Setophaga dominica); Belted Kingfisher (Megaceryle alcyon); Eastern Phoebe (Sayornis phoebe); Green Heron (Butorides virescens); Cliff Swallow (Petrochelidon pyrrhonota); Great Blue Heron (Ardea herodias); Northern Parula (Setophaga americana); Red-shouldered Hawk (Buteo lineatus); Wood Duck (Aix sponsa),vulture communal roost studies / riparian tree use | swallow roosting ecology / riparian snag use | kinglet winter ecology / riparian forest insects | warbler habitat specialization / cypress foraging | warbler microhabitat / cypress specialist foraging | kingfisher hunting ecology / riparian behavior | phoebe foraging ecology / riparian perch use | wading bird behavior / riparian perch usage | swallow nesting ecology / riparian mud source dependency | wading bird rookery studies / Texas river colony records | warbler nesting ecology / epiphyte nesting records | Parula nesting ecology / southeastern riparian forest studies | raptor nesting ecology / riparian forest studies | southeastern raptor / Texas riparian nesting studies | southeastern raptor / Texas riparian forest studies | waterfowl nesting ecology / bottomland forest cavities,Riparian and floodplain systems,Riparian Banks,,stream/river bank,stream/river bank,"Moist; Medium; Sun, Part Shade",High,No,Publish now,Literature-supported microregion assignment; field/GIS confirmation can be added in a later release.,"LBJ/USDA/FNA/USACE support species habitat traits; NRCS/EPA/TPWD links support site/soil/ecoregion/vegetation validation, not species identity.",v1-online-public-draft,2026-05-27,taxodium-distichum,https://www.wildflower.org/plants/result.php?id_plant=TADI2,https://www.wildflower.org/plants/result.php?id_plant=TADI2,https://plants.usda.gov/home/basicSearchResults?searchString=Taxodium+distichum,https://floranorthamerica.org/Special:Search?search=Taxodium+distichum,https://wetland-plants.sec.usace.army.mil/,https://websoilsurvey.nrcs.usda.gov/app/,https://www.epa.gov/eco-research/ecoregions,https://tpwd.texas.gov/landwater/land/programs/landscape-ecology/ems/,"Public dashboard field. Long source prose, photos, image URLs, full source protocols, and page boilerplate are intentionally excluded from public data files. Use linked source pages for full context.",Region: AGCP AK AW CB EMP GP HI MW NCNE WMVE Status: OBL OBL OBL OBL OBL OBL OBL,Bald Cypress,Seed | Stem,Scarification | Cutting | Stratification,Materials listed: Seed | Stem. Treatment tags listed: Scarification | Cutting | Stratification. Full propagation instructions are not reproduced in this public dataset; use the linked NPSOT/source pages for complete protocols.,https://www.npsot.org/posts/native-plant/taxodium-distichum/,https://gardentask.uk/bald-cypress-taxodium-distichum/#:~:text=Learn%20How%20to%20Propagate%20the | https://earthone.io/plant/taxodium%20distichum | https://www.treeseedonline.com/store/p105/Swamp_Cypress_%28taxodium_distichum%29.html#:~:text=Several%20different%20methods%20are%20possible | https://forums.botanicalgarden.ubc.ca/threads/bald-cypress-taxodium-distichum-seeds.46370/,,
Tecoma stans,Tecoma stans,Yellow Bells,Bignoniaceae,Perennial,Deciduous,Shrub,Shrub,Sun,"Sun, Part Shade",Low,Low,6–10,4–6,Dry,"Apr, May, Jun, Jul, Aug, Sep, Oct, Nov",Yellow,"Butterflies, Hummingbirds",Dogface butterfly,,,Woodland and karst upland systems,Karst Outcrops,Mesic Canyons & Seeps; Shallow Upland Prairie,ravine/canyon/depression/arroyo; limestone/caliche/calcareous; rocky/ledge/slope/ridge; dry upland; sunny open; shade/part shade,"dry rocky limestone hillsides, slopes, and canyons","Dry; Low; Sun, Part Shade; High; High",High,No,Publish now,Literature-supported microregion assignment; field/GIS confirmation can be added in a later release.,"LBJ/USDA/FNA/USACE support species habitat traits; NRCS/EPA/TPWD links support site/soil/ecoregion/vegetation validation, not species identity.",v1-online-public-draft,2026-05-27,tecoma-stans,https://www.wildflower.org/plants/result.php?id_plant=TEST,https://www.wildflower.org/plants/result.php?id_plant=TEST,https://plants.usda.gov/home/basicSearchResults?searchString=Tecoma+stans,https://floranorthamerica.org/Special:Search?search=Tecoma+stans,https://wetland-plants.sec.usace.army.mil/,https://websoilsurvey.nrcs.usda.gov/app/,https://www.epa.gov/eco-research/ecoregions,https://tpwd.texas.gov/landwater/land/programs/landscape-ecology/ems/,"Public dashboard field. Long source prose, photos, image URLs, full source protocols, and page boilerplate are intentionally excluded from public data files. Use linked source pages for full context.",Region: AGCP AK AW CB EMP GP HI MW NCNE WMVE Status: UPL UPL UPL UPL FACU UPL,,,,,,,yes,
Tetraneuris scaposa,Tetraneuris scaposa,"Four-nerve Daisy, Hymenoxys, Stemmy Four-nerve Daisy, Yellow Daisy, Bitterweed",Asteraceae,Perennial,Deciduous,Herb,Herb,Sun,Part Shade,Low,Low,1–2,1–2,Dry,"Jan, Feb, Mar, Apr, May, Jun, Jul, Aug, Sep, Oct, Nov, Dec",Yellow,,,,,Woodland and karst upland systems,Karst Outcrops,Shallow Upland Prairie,rocky calcareous limestone outcrop,rocky calcareous limestone outcrop,Dry; Low; Part Shade,Medium,Optional,Publish with caveat,"Usable for public draft release, but should remain flagged as provisional until optional spot-check or field/GIS support is added.","LBJ/USDA/FNA/USACE support species habitat traits; NRCS/EPA/TPWD links support site/soil/ecoregion/vegetation validation, not species identity.",v1-online-public-draft,2026-05-27,tetraneuris-scaposa,https://www.wildflower.org/plants/result.php?id_plant=TESC2,https://www.wildflower.org/plants/result.php?id_plant=TESC2,https://plants.usda.gov/home/basicSearchResults?searchString=Tetraneuris+scaposa,https://floranorthamerica.org/Special:Search?search=Tetraneuris+scaposa,https://wetland-plants.sec.usace.army.mil/,https://websoilsurvey.nrcs.usda.gov/app/,https://www.epa.gov/eco-research/ecoregions,https://tpwd.texas.gov/landwater/land/programs/landscape-ecology/ems/,"Public dashboard field. Long source prose, photos, image URLs, full source protocols, and page boilerplate are intentionally excluded from public data files. Use linked source pages for full context.",,Four-nerve Daisy,Seed | Stem | Clump,No Treatment | Cutting | Division,Materials listed: Seed | Stem | Clump. Treatment tags listed: No Treatment | Cutting | Division. Full propagation instructions are not reproduced in this public dataset; use the linked NPSOT/source pages for complete protocols.,https://www.npsot.org/posts/native-plant/tetraneuris-scaposa/,https://www.wildflower.org/plants/result.php?id_plant=TESC2 | https://davesgarden.com/guides/pf/go/53549 | https://www.picturethisai.com/care/Tetraneuris_scaposa.html#:~:text=Propagation%20Time:%20Spring%2C%20Summer | https://propagate.one/how-to-propagate-tetraneuris-scaposa/ | https://www.picturethisai.com/care/propagate/Tetraneuris_scaposa.html,yes,
Teucrium canadense,Teucrium canadense,"American Germander, Canada Germander, Canadian Germander, Germander, Hairy Germander, Wood Sage",Lamiaceae,Perennial,Deciduous,Herb,Herb,"Sun, Part Shade",Part Shade,Medium,High,2–4,2–3,Moist,"May, Jun, Jul, Aug","White, Pink",Butterflies,,,,Upland prairie and open grassland systems,Shallow Upland Prairie,Karst Outcrops,sandy/loamy upland prairie or open field,sandy/loamy upland prairie or open field,Moist; High; Part Shade; Medium,High,No,Publish now,Literature-supported microregion assignment; field/GIS confirmation can be added in a later release.,"LBJ/USDA/FNA/USACE support species habitat traits; NRCS/EPA/TPWD links support site/soil/ecoregion/vegetation validation, not species identity.",v1-online-public-draft,2026-05-27,teucrium-canadense,https://www.wildflower.org/plants/result.php?id_plant=TECA3,https://www.wildflower.org/plants/result.php?id_plant=TECA3,https://plants.usda.gov/home/basicSearchResults?searchString=Teucrium+canadense,https://floranorthamerica.org/Special:Search?search=Teucrium+canadense,https://wetland-plants.sec.usace.army.mil/,https://websoilsurvey.nrcs.usda.gov/app/,https://www.epa.gov/eco-research/ecoregions,https://tpwd.texas.gov/landwater/land/programs/landscape-ecology/ems/,"Public dashboard field. Long source prose, photos, image URLs, full source protocols, and page boilerplate are intentionally excluded from public data files. Use linked source pages for full context.",Region: AGCP AK AW CB EMP GP HI MW NCNE WMVE Status: FACW FACW FACW FACW FACW FACW FAC,American Germander,Seed | Clump,No Treatment | Division,Materials listed: Seed | Clump. Treatment tags listed: No Treatment | Division. Full propagation instructions are not reproduced in this public dataset; use the linked NPSOT/source pages for complete protocols.,https://www.npsot.org/posts/native-plant/teucrium-canadense/,https://pfaf.org/user/Plant.aspx?LatinName=Teucrium+canadense#:~:text=Plant%20Propagation,yes,
Teucrium cubense,Teucrium cubense,Small Coastal Germander,Lamiaceae,Perennial,Deciduous,Herb,Herb,Full Sun,Sun,Dry to Moist,Low,1–2,1–2,Dry,"Mar, Apr, May, Jun, Jul, Aug, Sep, Oct",White,,,,,Upland prairie and open grassland systems,Shallow Upland Prairie,,open dry upland prairie/grassland,open dry upland prairie/grassland,Dry; Low; Sun,Medium,Optional,Publish with caveat,"Usable for public draft release, but should remain flagged as provisional until optional spot-check or field/GIS support is added.","LBJ/USDA/FNA/USACE support species habitat traits; NRCS/EPA/TPWD links support site/soil/ecoregion/vegetation validation, not species identity.",v1-online-public-draft,2026-05-27,teucrium-cubense,https://www.wildflower.org/plants/result.php?id_plant=TECU,https://www.wildflower.org/plants/result.php?id_plant=TECU,https://plants.usda.gov/home/basicSearchResults?searchString=Teucrium+cubense,https://floranorthamerica.org/Special:Search?search=Teucrium+cubense,https://wetland-plants.sec.usace.army.mil/,https://websoilsurvey.nrcs.usda.gov/app/,https://www.epa.gov/eco-research/ecoregions,https://tpwd.texas.gov/landwater/land/programs/landscape-ecology/ems/,"Public dashboard field. Long source prose, photos, image URLs, full source protocols, and page boilerplate are intentionally excluded from public data files. Use linked source pages for full context.",Region: AGCP AK AW CB EMP GP HI MW NCNE WMVE Status: FACW FACW FAC FACW,,,,,,,yes,
Thelesperma simplicifolium,Thelesperma simplicifolium,"Navajo Tea, Slender greenthread",Asteraceae,Perennial,Deciduous,Herb,Herb,Sun,Sun,Low,Low,2,1.5,Dry,"May, Jun, Jul, Aug, Sep",Yellow,Birds,,,,Upland prairie and open grassland systems,Shallow Upland Prairie,Shallow Upland Prairie,sandy/loamy upland prairie or open field,sandy/loamy upland prairie or open field,Dry; Low; Sun,High,No,Publish now,Literature-supported microregion assignment; field/GIS confirmation can be added in a later release.,"LBJ/USDA/FNA/USACE support species habitat traits; NRCS/EPA/TPWD links support site/soil/ecoregion/vegetation validation, not species identity.",v1-online-public-draft,2026-05-27,thelesperma-simplicifolium,https://www.wildflower.org/plants/result.php?id_plant=THSI,https://www.wildflower.org/plants/result.php?id_plant=THSI,https://plants.usda.gov/home/basicSearchResults?searchString=Thelesperma+simplicifolium,https://floranorthamerica.org/Special:Search?search=Thelesperma+simplicifolium,https://wetland-plants.sec.usace.army.mil/,https://websoilsurvey.nrcs.usda.gov/app/,https://www.epa.gov/eco-research/ecoregions,https://tpwd.texas.gov/landwater/land/programs/landscape-ecology/ems/,"Public dashboard field. Long source prose, photos, image URLs, full source protocols, and page boilerplate are intentionally excluded from public data files. Use linked source pages for full context.",,Navajo Tea,Seed | Stem,No Treatment | Cutting,Materials listed: Seed | Stem. Treatment tags listed: No Treatment | Cutting. Full propagation instructions are not reproduced in this public dataset; use the linked NPSOT/source pages for complete protocols.,https://www.npsot.org/posts/native-plant/thelesperma-simplicifolium/,https://greg.app/slender-greenthread-overview/#:~:text=%F0%9F%8C%B1%20Seed%20Propagation%20Methods,yes,
Tilia americana,Tilia americana,"American Basswood, American Linden, Lime Tree, Bee Tree",Malvaceae,Perennial,Deciduous,Tree,Tree,Part Shade,"Sun, Part Shade, Shade",Medium,Medium,60–80,30–40,"Dry, Moist","Apr, May, Jun, Jul",Yellow,Birds,,,,Upland prairie and open grassland systems,Shallow Upland Prairie,Shallow Upland Prairie,open dry upland prairie/grassland,open dry upland prairie/grassland,"Dry, Moist; Medium; Sun, Part Shade, Shade; Low",High,No,Publish now,Literature-supported microregion assignment; field/GIS confirmation can be added in a later release.,"LBJ/USDA/FNA/USACE support species habitat traits; NRCS/EPA/TPWD links support site/soil/ecoregion/vegetation validation, not species identity.",v1-online-public-draft,2026-05-27,tilia-americana,https://www.wildflower.org/plants/result.php?id_plant=TIAM,https://www.wildflower.org/plants/result.php?id_plant=TIAM,https://plants.usda.gov/home/basicSearchResults?searchString=Tilia+americana,https://floranorthamerica.org/Special:Search?search=Tilia+americana,https://wetland-plants.sec.usace.army.mil/,https://websoilsurvey.nrcs.usda.gov/app/,https://www.epa.gov/eco-research/ecoregions,https://tpwd.texas.gov/landwater/land/programs/landscape-ecology/ems/,"Public dashboard field. Long source prose, photos, image URLs, full source protocols, and page boilerplate are intentionally excluded from public data files. Use linked source pages for full context.",Region: AGCP AK AW CB EMP GP HI MW NCNE WMVE Status: FACU FACU FACU FACU FACU FACU FACU,,,,,,,,
Tinantia anomala,Tinantia anomala,False Dayflower,Commelinaceae,Annual,Deciduous,Herb,Herb,Part Shade,Part Shade,Moist,"Low, Medium",2–3,1–2,Moist,"Mar, Apr, May","White, Blue, Purple",Birds,,,,Woodland and karst upland systems,Karst Outcrops,Upland Woodland,gravelly calcareous slope or terrace,gravelly calcareous slope or terrace,"Moist; Low, Medium; Part Shade",High,No,Publish now,Literature-supported microregion assignment; field/GIS confirmation can be added in a later release.,"LBJ/USDA/FNA/USACE support species habitat traits; NRCS/EPA/TPWD links support site/soil/ecoregion/vegetation validation, not species identity.",v1-online-public-draft,2026-05-27,tinantia-anomala,https://www.wildflower.org/plants/result.php?id_plant=TIAN,https://www.wildflower.org/plants/result.php?id_plant=TIAN,https://plants.usda.gov/home/basicSearchResults?searchString=Tinantia+anomala,https://floranorthamerica.org/Special:Search?search=Tinantia+anomala,https://wetland-plants.sec.usace.army.mil/,https://websoilsurvey.nrcs.usda.gov/app/,https://www.epa.gov/eco-research/ecoregions,https://tpwd.texas.gov/landwater/land/programs/landscape-ecology/ems/,"Public dashboard field. Long source prose, photos, image URLs, full source protocols, and page boilerplate are intentionally excluded from public data files. Use linked source pages for full context.",,False Dayflower,Seed,No Treatment,Materials listed: Seed. Treatment tags listed: No Treatment. Full propagation instructions are not reproduced in this public dataset; use the linked NPSOT/source pages for complete protocols.,https://www.npsot.org/posts/native-plant/tinantia-anomala/,https://www.picturethisai.com/wiki/Tinantia_anomala.html | https://www.wildflower.org/plants/result.php?id_plant=TIAN,,
Tradescantia gigantea,Tradescantia gigantea,"Spiderwort, Giant spiderwort",Commelinaceae,Perennial,Deciduous,Herb,Herb,Part Shade,"Sun, Part Shade",Medium,Medium,2.5,2,Moist,"Mar, Apr","White, Pink, Blue, Purple, Violet",,,,,Upland prairie and open grassland systems,Shallow Upland Prairie,,sandy/loamy upland prairie or open field,sandy/loamy upland prairie or open field,"Moist; Medium; Sun, Part Shade",High,No,Publish now,Literature-supported microregion assignment; field/GIS confirmation can be added in a later release.,"LBJ/USDA/FNA/USACE support species habitat traits; NRCS/EPA/TPWD links support site/soil/ecoregion/vegetation validation, not species identity.",v1-online-public-draft,2026-05-27,tradescantia-gigantea,https://www.wildflower.org/plants/result.php?id_plant=TRGI,https://www.wildflower.org/plants/result.php?id_plant=TRGI,https://plants.usda.gov/home/basicSearchResults?searchString=Tradescantia+gigantea,https://floranorthamerica.org/Special:Search?search=Tradescantia+gigantea,https://wetland-plants.sec.usace.army.mil/,https://websoilsurvey.nrcs.usda.gov/app/,https://www.epa.gov/eco-research/ecoregions,https://tpwd.texas.gov/landwater/land/programs/landscape-ecology/ems/,"Public dashboard field. Long source prose, photos, image URLs, full source protocols, and page boilerplate are intentionally excluded from public data files. Use linked source pages for full context.",,Giant Spiderwort,Stem,Layering | Cutting,Materials listed: Stem. Treatment tags listed: Layering | Cutting. Full propagation instructions are not reproduced in this public dataset; use the linked NPSOT/source pages for complete protocols.,https://www.npsot.org/posts/native-plant/tradescantia-gigantea/,https://plantsmith.co.uk/how-to-propagate-tradescantia/#:~:text=Propagate%20in%20soil | https://propagate.one/how-to-propagate-tradescantia-gigantea/,yes,
Tradescantia humilis,Tradescantia humilis,Texas Spiderwort,Commelinaceae,Perennial,Deciduous,Herb,Herb,"Sun, Part Shade",,Low,,1–2,1–2,,"Mar, Apr, May, Jun",Blue,,,,,Upland prairie and open grassland systems,Shallow Upland Prairie,Upland Savanna; Upland Woodland,dry upland; sunny open; shade/part shade,low-water sun/part shade spiderwort,,Medium,Optional,Publish with caveat,"Usable for public draft release, but should remain flagged as provisional until optional spot-check or field/GIS support is added.","LBJ/USDA/FNA/USACE support species habitat traits; NRCS/EPA/TPWD links support site/soil/ecoregion/vegetation validation, not species identity.",v1-online-public-draft,2026-05-27,tradescantia-humilis,https://www.wildflower.org/plants/result.php?id_plant=TRHU,https://www.wildflower.org/plants/result.php?id_plant=TRHU,https://plants.usda.gov/home/basicSearchResults?searchString=Tradescantia+humilis,https://floranorthamerica.org/Special:Search?search=Tradescantia+humilis,https://wetland-plants.sec.usace.army.mil/,https://websoilsurvey.nrcs.usda.gov/app/,https://www.epa.gov/eco-research/ecoregions,https://tpwd.texas.gov/landwater/land/programs/landscape-ecology/ems/,"Public dashboard field. Long source prose, photos, image URLs, full source protocols, and page boilerplate are intentionally excluded from public data files. Use linked source pages for full context.",,,,,,,,,
Tradescantia occidentalis,Tradescantia occidentalis,"Prairie Spiderwort, Western Spiderwort, Spiderwort",Commelinaceae,Perennial,Deciduous,Herb,Herb,"Sun, Part Shade","Sun, Part Shade",Low,Low,1–2,1–2,Dry,"Jun, Jul","Pink, Purple",,,,,Upland prairie and open grassland systems,Shallow Upland Prairie,,sandy/loamy upland prairie or open field,sandy/loamy upland prairie or open field,"Dry; Low; Sun, Part Shade",High,No,Publish now,Literature-supported microregion assignment; field/GIS confirmation can be added in a later release.,"LBJ/USDA/FNA/USACE support species habitat traits; NRCS/EPA/TPWD links support site/soil/ecoregion/vegetation validation, not species identity.",v1-online-public-draft,2026-05-27,tradescantia-occidentalis,https://www.wildflower.org/plants/result.php?id_plant=TROC,https://www.wildflower.org/plants/result.php?id_plant=TROC,https://plants.usda.gov/home/basicSearchResults?searchString=Tradescantia+occidentalis,https://floranorthamerica.org/Special:Search?search=Tradescantia+occidentalis,https://wetland-plants.sec.usace.army.mil/,https://websoilsurvey.nrcs.usda.gov/app/,https://www.epa.gov/eco-research/ecoregions,https://tpwd.texas.gov/landwater/land/programs/landscape-ecology/ems/,"Public dashboard field. Long source prose, photos, image URLs, full source protocols, and page boilerplate are intentionally excluded from public data files. Use linked source pages for full context.",Region: AGCP AK AW CB EMP GP HI MW NCNE WMVE Status: UPL FACU UPL UPL UPL UPL FACU,Prairie Spiderwort,Stem,Cutting,Materials listed: Stem. Treatment tags listed: Cutting. Full propagation instructions are not reproduced in this public dataset; use the linked NPSOT/source pages for complete protocols.,https://www.npsot.org/posts/native-plant/tradescantia-occidentalis/,https://www.picturethisai.com/care/propagate/Tradescantia_occidentalis.html,yes,
Tridens albescens,Tridens albescens,"White Tridens, White Top",Poaceae,Perennial,Deciduous,Grass,Grass/Grass-like,Sun,Part Shade,Low,Medium,3–5,2–4,Moist,"Mar, Apr, May, Jun, Jul, Aug, Sep, Oct",Green,Birds,The Grass Family is an essential larval food for most branded skippers and most of the satyrs.,,,Upland prairie and open grassland systems,Deep Clay Prairie,Riparian Banks; Ecotone / Edge Thicket,deep clay/swale; disturbed/roadside/ditch; moist mesic; shade/part shade,"clay roadsides, riparian areas, swales",Moist; Medium; Part Shade,High,No,Publish now,Literature-supported microregion assignment; field/GIS confirmation can be added in a later release.,"LBJ/USDA/FNA/USACE support species habitat traits; NRCS/EPA/TPWD links support site/soil/ecoregion/vegetation validation, not species identity.",v1-online-public-draft,2026-05-27,tridens-albescens,https://www.wildflower.org/plants/result.php?id_plant=TRAL2,https://www.wildflower.org/plants/result.php?id_plant=TRAL2,https://plants.usda.gov/home/basicSearchResults?searchString=Tridens+albescens,https://floranorthamerica.org/Special:Search?search=Tridens+albescens,https://wetland-plants.sec.usace.army.mil/,https://websoilsurvey.nrcs.usda.gov/app/,https://www.epa.gov/eco-research/ecoregions,https://tpwd.texas.gov/landwater/land/programs/landscape-ecology/ems/,"Public dashboard field. Long source prose, photos, image URLs, full source protocols, and page boilerplate are intentionally excluded from public data files. Use linked source pages for full context.",Region: AGCP AK AW CB EMP GP HI MW NCNE WMVE Status: FAC FACU FAC FAC FAC FACU,White Tridens,Clump | Seed,Division | No Treatment,Materials listed: Clump | Seed. Treatment tags listed: Division | No Treatment. Full propagation instructions are not reproduced in this public dataset; use the linked NPSOT/source pages for complete protocols.,https://www.npsot.org/posts/native-plant/tridens-albescens/,https://www.picturethisai.com/wiki/Tridens_albescens.html | https://propagate.one/how-to-propagate-tridens-albescens/,,
Tridens flavus,Tridens flavus,Purpletop Tridens,Poaceae,Perennial,Deciduous,Grass,Grass/Grass-like,Full Sun,Part Shade,Moist,Low,3–6,2–3,Dry,"Aug, Sep, Oct, Nov",Purple,Butterflies,"Cross-line skipper, Broad-winged skipper, Little Glassywing skipper, Large Wood Nymph.",,,Upland prairie and open grassland systems,Shallow Upland Prairie,Deep Clay Prairie; Shallow Upland Prairie,sandy/loamy upland prairie or open field,sandy/loamy upland prairie or open field,Dry; Low; Part Shade; Low,High,No,Publish now,Literature-supported microregion assignment; field/GIS confirmation can be added in a later release.,"LBJ/USDA/FNA/USACE support species habitat traits; NRCS/EPA/TPWD links support site/soil/ecoregion/vegetation validation, not species identity.",v1-online-public-draft,2026-05-27,tridens-flavus,https://www.wildflower.org/plants/result.php?id_plant=TRFL2,https://www.wildflower.org/plants/result.php?id_plant=TRFL2,https://plants.usda.gov/home/basicSearchResults?searchString=Tridens+flavus,https://floranorthamerica.org/Special:Search?search=Tridens+flavus,https://wetland-plants.sec.usace.army.mil/,https://websoilsurvey.nrcs.usda.gov/app/,https://www.epa.gov/eco-research/ecoregions,https://tpwd.texas.gov/landwater/land/programs/landscape-ecology/ems/,"Public dashboard field. Long source prose, photos, image URLs, full source protocols, and page boilerplate are intentionally excluded from public data files. Use linked source pages for full context.",Region: AGCP AK AW CB EMP GP HI MW NCNE WMVE Status: FACU UPL FACU UPL UPL UPL UPL,,,,,,,,
Tripsacum dactyloides,Tripsacum dactyloides,"Eastern Gamagrass, Fakahatchee Grass",Poaceae,Perennial,Deciduous,Grass,Grass/Grass-like,"Sun, Part Shade",Part Shade,Medium,High,3–8,3–6,Moist,"Apr, May, Jun",Brown,Butterflies,Bunchgrass Skipper,,,Upland prairie and open grassland systems,Shallow Upland Prairie,,sandy/loamy upland prairie or open field,sandy/loamy upland prairie or open field,Moist; High; Part Shade,High,No,Publish now,Literature-supported microregion assignment; field/GIS confirmation can be added in a later release.,"LBJ/USDA/FNA/USACE support species habitat traits; NRCS/EPA/TPWD links support site/soil/ecoregion/vegetation validation, not species identity.",v1-online-public-draft,2026-05-27,tripsacum-dactyloides,https://www.wildflower.org/plants/result.php?id_plant=TRDA3,https://www.wildflower.org/plants/result.php?id_plant=TRDA3,https://plants.usda.gov/home/basicSearchResults?searchString=Tripsacum+dactyloides,https://floranorthamerica.org/Special:Search?search=Tripsacum+dactyloides,https://wetland-plants.sec.usace.army.mil/,https://websoilsurvey.nrcs.usda.gov/app/,https://www.epa.gov/eco-research/ecoregions,https://tpwd.texas.gov/landwater/land/programs/landscape-ecology/ems/,"Public dashboard field. Long source prose, photos, image URLs, full source protocols, and page boilerplate are intentionally excluded from public data files. Use linked source pages for full context.",Region: AGCP AK AW CB EMP GP HI MW NCNE WMVE Status: FAC FAC FACW FAC FAC FAC,Eastern Gamagrass,Seed | Clump,Stratification | Division,Materials listed: Seed | Clump. Treatment tags listed: Stratification | Division. Full propagation instructions are not reproduced in this public dataset; use the linked NPSOT/source pages for complete protocols.,https://www.npsot.org/posts/native-plant/eastern-gamagrass/,https://www.fnps.org/assets/pdf/pubs/tripsacum_dactyloides_easterngamagrass_3_0.pdf | https://propagate.one/how-to-propagate-tripsacum-dactyloides/ | https://earthone.io/plant/tripsacum%20dactyloides,,
Ulmus americana,Ulmus americana,"American Elm, White Elm, Soft Elm, Water Elm, Common Elm",Ulmaceae,Perennial,Deciduous,Tree,Tree,"Sun, Part Shade","Sun, Part Shade",Medium,High,60–80,30–50,Moist,"Feb, Mar, Apr","Red, Green","Birds, Butterflies","Mourning Cloak, Columbia silkmoth, Question Mark butterfly, Painted Lady butterfly, Comma buterfly.",Barred Owl (Strix varia); Carolina Chickadee (Poecile carolinensis),owl nesting ecology / bottomland hardwood cavity use | chickadee nesting ecology / elm insect productivity,Riparian and floodplain systems,Riparian Banks,Upland Woodland,stream/river bank,stream/river bank,"Moist; High; Sun, Part Shade; Medium",High,No,Publish now,Literature-supported microregion assignment; field/GIS confirmation can be added in a later release.,"LBJ/USDA/FNA/USACE support species habitat traits; NRCS/EPA/TPWD links support site/soil/ecoregion/vegetation validation, not species identity.",v1-online-public-draft,2026-05-27,ulmus-americana,https://www.wildflower.org/plants/result.php?id_plant=ULAM,https://www.wildflower.org/plants/result.php?id_plant=ULAM,https://plants.usda.gov/home/basicSearchResults?searchString=Ulmus+americana,https://floranorthamerica.org/Special:Search?search=Ulmus+americana,https://wetland-plants.sec.usace.army.mil/,https://websoilsurvey.nrcs.usda.gov/app/,https://www.epa.gov/eco-research/ecoregions,https://tpwd.texas.gov/landwater/land/programs/landscape-ecology/ems/,"Public dashboard field. Long source prose, photos, image URLs, full source protocols, and page boilerplate are intentionally excluded from public data files. Use linked source pages for full context.",Region: AGCP AK AW CB EMP GP HI MW NCNE WMVE Status: FAC FAC FACW FAC FACW FACW FAC,American Elm,Seed | Softwood,Stratification | Cutting | Scarification,Materials listed: Seed | Softwood. Treatment tags listed: Stratification | Cutting | Scarification. Full propagation instructions are not reproduced in this public dataset; use the linked NPSOT/source pages for complete protocols.,https://www.npsot.org/posts/native-plant/ulmus-americana/,https://npn.rngr.net/renderNPNProtocolDetails?selectedProtocolIds=ulmaceae-ulmus-2026&referer=wildflower | https://greg.app/propagate-american-elm/ | https://www.srs.fs.usda.gov/pubs/misc/ag_654/volume_2/ulmus/americana.htm#:~:text=American%20elm%20can%20be%20propagated | https://meridian.allenpress.com/jeh/article/30/2/73/79821/Vegetative-Propagation-of-American-Elm-Ulmus | https://www.picturethisai.com/care/propagate/Ulmus_americana.html | https://www.ecofriendlyincome.com/blog/how-to-propagate-white-elm-ulmus-americana,,
Ulmus crassifolia,Ulmus crassifolia,"Cedar Elm, Fall Elm, Basket Elm, Scrub Elm, Lime Elm, Texas Elm, Southern Rock Elm, Olmo",Ulmaceae,Perennial,Deciduous,Tree,Tree,Sun,Part Shade,Low,Medium,30–50,20–30,Moist,"Jul, Aug, Sep, Oct",Green,Butterflies,"Mourning Cloak, Question Mark",Black-and-white Warbler (Mniotilta varia); Red-eyed Vireo (Vireo olivaceus); Tufted Titmouse (Baeolophus bicolor); Yellow-rumped Warbler (Setophaga coronata); Lesser Goldfinch (Spinus psaltria); Wild Turkey (Meleagris gallopavo); Sharp-shinned Hawk (Accipiter striatus); Barred Owl (Strix varia); Carolina Chickadee (Poecile carolinensis); Cooper's Hawk (Accipiter cooperii); Eastern Bluebird (Sialia sialis); Golden-cheeked Warbler (Setophaga chrysoparia); Golden-fronted Woodpecker (Melanerpes aurifrons); Great Crested Flycatcher (Myiarchus crinitus); House Wren (Troglodytes aedon),"warbler foraging / deciduous forest ecology | vireo breeding ecology / elm canopy insect use | cedar elm provides seeds, nesting, and insect resources | NPSOT | finch diet studies / elm seed use | USFS Silvics: Cedar Elm: https://research.fs.usda.gov/silvics/cedar-elm | Accipiter winter ecology / woodland canopy hunting | owl nesting ecology / riparian hardwood cavities | Texas Breeding Bird Atlas | chickadee nesting ecology / deciduous cavity-use | Accipiter nesting ecology / urban-riparian records | Accipiter nesting ecology / woodland canopy | bluebird nesting ecology / savanna tree use | TPWD GCW PDF: https://tpwd.texas.gov/publications/pwdpubs/media/pwd_bk_w7000_0013_golden_cheeked_warbler.pdf | Texas woodpecker ecology / elm usage | Myiarchus nesting ecology / deciduous cavity studies | wren nesting ecology / elm cavity studies | wren nesting ecology / woodland cavities",Upland prairie and open grassland systems,Shallow Upland Prairie,Karst Outcrops,dry upland prairie slope,dry upland prairie slope,Moist; Medium; Part Shade; Low,High,No,Publish now,Literature-supported microregion assignment; field/GIS confirmation can be added in a later release.,"LBJ/USDA/FNA/USACE support species habitat traits; NRCS/EPA/TPWD links support site/soil/ecoregion/vegetation validation, not species identity.",v1-online-public-draft,2026-05-27,ulmus-crassifolia,https://www.wildflower.org/plants/result.php?id_plant=ULCR,https://www.wildflower.org/plants/result.php?id_plant=ULCR,https://plants.usda.gov/home/basicSearchResults?searchString=Ulmus+crassifolia,https://floranorthamerica.org/Special:Search?search=Ulmus+crassifolia,https://wetland-plants.sec.usace.army.mil/,https://websoilsurvey.nrcs.usda.gov/app/,https://www.epa.gov/eco-research/ecoregions,https://tpwd.texas.gov/landwater/land/programs/landscape-ecology/ems/,"Public dashboard field. Long source prose, photos, image URLs, full source protocols, and page boilerplate are intentionally excluded from public data files. Use linked source pages for full context.",Region: AGCP AK AW CB EMP GP HI MW NCNE WMVE Status: FAC FAC FAC FAC,Cedar Elm,Seed,Stratification,Materials listed: Seed. Treatment tags listed: Stratification. Full propagation instructions are not reproduced in this public dataset; use the linked NPSOT/source pages for complete protocols.,https://www.npsot.org/posts/native-plant/ulmus-crassifolia/,https://www.wildflower.org/plants/result.php?id_plant=ULCR,,
Ungnadia speciosa,Ungnadia speciosa,"Mexican Buckeye, Monilla",Sapindaceae,Perennial,Deciduous,Tree,Tree,Sun,"Sun, Part Shade",Low,Low,10–20,10–15,Dry,"Mar, Apr, May, Jun",Pink,Butterflies,Henry's Elfin butterfly,Black-crested Titmouse (Baeolophus atricristatus); Blue-gray Gnatcatcher (Polioptila caerulea); Carolina Chickadee (Poecile carolinensis); Ruby-crowned Kinglet (Regulus calendula),NPSOT Mexican Buckeye: https://www.npsot.org/posts/native-plant/ungnadia-speciosa/,Woodland and karst upland systems,Karst Outcrops,Shallow Upland Prairie,rocky calcareous limestone outcrop,rocky calcareous limestone outcrop,"Dry; Low; Sun, Part Shade",Medium,Optional,Publish with caveat,"Usable for public draft release, but should remain flagged as provisional until optional spot-check or field/GIS support is added.","LBJ/USDA/FNA/USACE support species habitat traits; NRCS/EPA/TPWD links support site/soil/ecoregion/vegetation validation, not species identity.",v1-online-public-draft,2026-05-27,ungnadia-speciosa,https://www.wildflower.org/plants/result.php?id_plant=UNSP,https://www.wildflower.org/plants/result.php?id_plant=UNSP,https://plants.usda.gov/home/basicSearchResults?searchString=Ungnadia+speciosa,https://floranorthamerica.org/Special:Search?search=Ungnadia+speciosa,https://wetland-plants.sec.usace.army.mil/,https://websoilsurvey.nrcs.usda.gov/app/,https://www.epa.gov/eco-research/ecoregions,https://tpwd.texas.gov/landwater/land/programs/landscape-ecology/ems/,"Public dashboard field. Long source prose, photos, image URLs, full source protocols, and page boilerplate are intentionally excluded from public data files. Use linked source pages for full context.",,Mexican Buckeye,Seed | Stem,No Treatment | Cutting,Materials listed: Seed | Stem. Treatment tags listed: No Treatment | Cutting. Full propagation instructions are not reproduced in this public dataset; use the linked NPSOT/source pages for complete protocols.,https://www.npsot.org/posts/native-plant/ungnadia-speciosa/,https://www.wildflower.org/plants/result.php?id_plant=UNSP | https://gardenoracle.com/images/ungnadia-speciosa.html | https://www.picturethisai.com/care/propagate/Ungnadia_speciosa.html,yes,
Vachellia farnesiana,Vachellia farnesiana,"Huisache, Texas Huisache, Sweet Acacia, Perfume Acacia, Mealy Acacia, Mealy Wattle, Cassie",Fabaceae,Perennial,Deciduous,"Shrub, Tree",Tree,Sun,Sun,Low,Low,10–20,8–15,Dry,"Jan, Feb, Mar, Apr","Orange, Yellow",,,Lesser Goldfinch (Spinus psaltria); Painted Bunting (Passerina ciris),goldfinch feeding ecology / thornscrub habitat | bunting breeding ecology / South Texas thornscrub,Upland prairie and open grassland systems,Shallow Upland Prairie,Karst Outcrops; Deep Clay Prairie,sandy/loamy upland prairie or open field,sandy/loamy upland prairie or open field,Dry; Low; Sun; High; High,High,No,Publish now,Literature-supported microregion assignment; field/GIS confirmation can be added in a later release.,"LBJ/USDA/FNA/USACE support species habitat traits; NRCS/EPA/TPWD links support site/soil/ecoregion/vegetation validation, not species identity.",v1-online-public-draft,2026-05-27,vachellia-farnesiana,https://www.wildflower.org/plants/result.php?id_plant=VAFA,https://www.wildflower.org/plants/result.php?id_plant=VAFA,https://plants.usda.gov/home/basicSearchResults?searchString=Vachellia+farnesiana,https://floranorthamerica.org/Special:Search?search=Vachellia+farnesiana,https://wetland-plants.sec.usace.army.mil/,https://websoilsurvey.nrcs.usda.gov/app/,https://www.epa.gov/eco-research/ecoregions,https://tpwd.texas.gov/landwater/land/programs/landscape-ecology/ems/,"Public dashboard field. Long source prose, photos, image URLs, full source protocols, and page boilerplate are intentionally excluded from public data files. Use linked source pages for full context.",Region: AGCP AK AW CB EMP GP HI MW NCNE WMVE Status: FACU FACU FACU FACU UPL FACU,Huisache,Seed | Stem,Scarification | Cutting,Materials listed: Seed | Stem. Treatment tags listed: Scarification | Cutting. Full propagation instructions are not reproduced in this public dataset; use the linked NPSOT/source pages for complete protocols.,https://www.npsot.org/posts/native-plant/vachellia-farnesiana/,https://gardeningsolutions.ifas.ufl.edu/plants/trees-and-shrubs/trees/sweet-acacia/#:~:text=It%20is%20multi%2Dstemmed%20with | https://irrecenvhort.ifas.ufl.edu/Native%20Plants/Publications/propagation%20of%20sweet%20acacia-Smith%20et%20al.pdf#:~:text=Results%20confirm%20that%20asexual%20propagation%20of%20sweet | https://earthone.io/plant/vachellia%20farnesiana?srsltid=AfmBOooqTBuOXlajNus9UVl9LfhbQkq_ZHaG1TK09WWeQIoRznbFpuXk,,
Verbena xutha,Verbena xutha,Gulf Vervain,Verbenaceae,Perennial,Deciduous,Herb,Herb,Full Sun to Part Shade,"Sun, Part Shade",Low,Low,4–6,1–2,"Dry, Moist","Mar, Apr, May, Jun, Jul, Aug, Sep, Oct","Blue, Purple",,,,,Upland prairie and open grassland systems,Shallow Upland Prairie,Upland Woodland,sandy/loamy upland prairie or open field,sandy/loamy upland prairie or open field,"Dry, Moist; Low; Sun, Part Shade",High,No,Publish now,Literature-supported microregion assignment; field/GIS confirmation can be added in a later release.,"LBJ/USDA/FNA/USACE support species habitat traits; NRCS/EPA/TPWD links support site/soil/ecoregion/vegetation validation, not species identity.",v1-online-public-draft,2026-05-27,verbena-xutha,https://www.wildflower.org/plants/result.php?id_plant=VEXU,https://www.wildflower.org/plants/result.php?id_plant=VEXU,https://plants.usda.gov/home/basicSearchResults?searchString=Verbena+xutha,https://floranorthamerica.org/Special:Search?search=Verbena+xutha,https://wetland-plants.sec.usace.army.mil/,https://websoilsurvey.nrcs.usda.gov/app/,https://www.epa.gov/eco-research/ecoregions,https://tpwd.texas.gov/landwater/land/programs/landscape-ecology/ems/,"Public dashboard field. Long source prose, photos, image URLs, full source protocols, and page boilerplate are intentionally excluded from public data files. Use linked source pages for full context.",,Gulf Vervain,Seed | Stem | Clump,No Treatment | Stratification | Scarification | Cutting | Division,Materials listed: Seed | Stem | Clump. Treatment tags listed: No Treatment | Stratification | Scarification | Cutting | Division. Full propagation instructions are not reproduced in this public dataset; use the linked NPSOT/source pages for complete protocols.,https://www.npsot.org/posts/native-plant/verbena-xutha/,https://www.picturethisai.com/wiki/Verbena_xutha.html | https://www.forwardplant.com/plant-info/verbena-xutha/ | https://www.picturethisai.com/care/propagate/Verbena_xutha.html,yes,
Verbesina encelioides,Verbesina encelioides,"Cowpen Daisy, Golden Crownbeard, Butter Daisy",Asteraceae,Annual,Deciduous,Herb,Herb,Sun,Sun,Low,Low,1–4,1–3,Dry,"Apr, May, Jun, Jul, Aug, Sep, Oct",Yellow,Butterflies,,,,"Ecotone, thicket, and disturbance-edge systems",Ecotone / Edge Thicket,Shallow Upland Prairie; Karst Outcrops; Deep Clay Prairie,limestone/caliche/calcareous; deep clay/swale; disturbed/roadside/ditch; dry upland; moist mesic; sunny open,disturbed dry areas; sand/loam/clay/limestone,Dry; Low; Sun; Medium,High,No,Publish now,Literature-supported microregion assignment; field/GIS confirmation can be added in a later release.,"LBJ/USDA/FNA/USACE support species habitat traits; NRCS/EPA/TPWD links support site/soil/ecoregion/vegetation validation, not species identity.",v1-online-public-draft,2026-05-27,verbesina-encelioides,https://www.wildflower.org/plants/result.php?id_plant=VEEN,https://www.wildflower.org/plants/result.php?id_plant=VEEN,https://plants.usda.gov/home/basicSearchResults?searchString=Verbesina+encelioides,https://floranorthamerica.org/Special:Search?search=Verbesina+encelioides,https://wetland-plants.sec.usace.army.mil/,https://websoilsurvey.nrcs.usda.gov/app/,https://www.epa.gov/eco-research/ecoregions,https://tpwd.texas.gov/landwater/land/programs/landscape-ecology/ems/,"Public dashboard field. Long source prose, photos, image URLs, full source protocols, and page boilerplate are intentionally excluded from public data files. Use linked source pages for full context.",Region: AGCP AK AW CB EMP GP HI MW NCNE WMVE Status: FAC FACU FACU FACU FAC FACU FAC FAC FACU,Cowpen Daisy,Seed,No Treatment,Materials listed: Seed. Treatment tags listed: No Treatment. Full propagation instructions are not reproduced in this public dataset; use the linked NPSOT/source pages for complete protocols.,https://www.npsot.org/posts/native-plant/verbesina-encelioides/,https://www.wildflower.org/plants/result.php?id_plant=VEEN | https://texasbutterflyranch.com/2019/02/13/cowpen-daisy-how-to-grow-verbesina-encelioides-from-seed/#:~:text=Drake%20White%20of%20the%20Nectar | https://earthone.io/plant/verbesina%20encelioides?srsltid=AfmBOopXzkCIzTpSIax4pcmtUR-Zz5KHx90bybR6n6rbsb_W820gZf3c,yes,
Verbesina virginica,Verbesina virginica,"Frostweed, White Crownbeard, Iceplant, Iceweed, Virginia Crownbeard, Indian Tobacco, Richweed, Squawweed",Asteraceae,Biennial | Perennial,Deciduous,Herb,Herb,Part Shade,"Part Shade, Shade",Medium,"Low, Medium",3–6,2–3,"Dry, Moist","Jul, Aug, Sep, Oct, Nov, Dec",White,Butterflies,,,,Upland prairie and open grassland systems,Shallow Upland Prairie,Upland Woodland,open dry upland prairie/grassland,open dry upland prairie/grassland,"Dry, Moist; Low, Medium; Part Shade, Shade",High,No,Publish now,Literature-supported microregion assignment; field/GIS confirmation can be added in a later release.,"LBJ/USDA/FNA/USACE support species habitat traits; NRCS/EPA/TPWD links support site/soil/ecoregion/vegetation validation, not species identity.",v1-online-public-draft,2026-05-27,verbesina-virginica,https://www.wildflower.org/plants/result.php?id_plant=VEVI3,https://www.wildflower.org/plants/result.php?id_plant=VEVI3,https://plants.usda.gov/home/basicSearchResults?searchString=Verbesina+virginica,https://floranorthamerica.org/Special:Search?search=Verbesina+virginica,https://wetland-plants.sec.usace.army.mil/,https://websoilsurvey.nrcs.usda.gov/app/,https://www.epa.gov/eco-research/ecoregions,https://tpwd.texas.gov/landwater/land/programs/landscape-ecology/ems/,"Public dashboard field. Long source prose, photos, image URLs, full source protocols, and page boilerplate are intentionally excluded from public data files. Use linked source pages for full context.",Region: AGCP AK AW CB EMP GP HI MW NCNE WMVE Status: FACU UPL FACU FACU,Frostweed,Root | Seed,Division | No Treatment,Materials listed: Root | Seed. Treatment tags listed: Division | No Treatment. Full propagation instructions are not reproduced in this public dataset; use the linked NPSOT/source pages for complete protocols.,https://www.npsot.org/posts/native-plant/verbesina-virginica/,https://www.wildflower.org/plants/result.php?id_plant=VEVI3 | https://monsteraholic.com/verbesina-virginica/ | https://plantiary.com/plant/verbesina-virginica_4137.html,yes,
Vernonia baldwinii,Vernonia baldwinii,"Western Ironweed, Baldwin's Ironweed, Ironweed",Asteraceae,Perennial,Deciduous,Herb,Herb,Sun,Sun,Medium,Low,3–5,2–3,Moist,"Jul, Aug, Sep, Oct, Nov","Pink, Purple","Birds, Butterflies",,,,Upland prairie and open grassland systems,Shallow Upland Prairie,,sandy/loamy upland prairie or open field,sandy/loamy upland prairie or open field,Moist; Low; Sun,High,No,Publish now,Literature-supported microregion assignment; field/GIS confirmation can be added in a later release.,"LBJ/USDA/FNA/USACE support species habitat traits; NRCS/EPA/TPWD links support site/soil/ecoregion/vegetation validation, not species identity.",v1-online-public-draft,2026-05-27,vernonia-baldwinii,https://www.wildflower.org/plants/result.php?id_plant=VEBA,https://www.wildflower.org/plants/result.php?id_plant=VEBA,https://plants.usda.gov/home/basicSearchResults?searchString=Vernonia+baldwinii,https://floranorthamerica.org/Special:Search?search=Vernonia+baldwinii,https://wetland-plants.sec.usace.army.mil/,https://websoilsurvey.nrcs.usda.gov/app/,https://www.epa.gov/eco-research/ecoregions,https://tpwd.texas.gov/landwater/land/programs/landscape-ecology/ems/,"Public dashboard field. Long source prose, photos, image URLs, full source protocols, and page boilerplate are intentionally excluded from public data files. Use linked source pages for full context.",Region: AGCP AK AW CB EMP GP HI MW NCNE WMVE Status: UPL UPL FACU UPL UPL FACU,Western Ironweed,Seed | Clump | Stem,No Treatment | Division | Cutting,Materials listed: Seed | Clump | Stem. Treatment tags listed: No Treatment | Division | Cutting. Full propagation instructions are not reproduced in this public dataset; use the linked NPSOT/source pages for complete protocols.,https://www.npsot.org/posts/native-plant/vernonia-baldwinii/,https://propagate.one/how-to-propagate-vernonia-baldwinii/ | https://www.picturethisai.com/care/propagate/Vernonia_baldwinii.html | https://gardenerspath.com/plants/flowers/grow-ironweed/ | https://plantiary.com/plant/vernonia-baldwinii_19381.html,,
Vernonia lindheimeri,Vernonia lindheimeri,Woolly Ironweed,Asteraceae,Perennial,Deciduous,Herb,Herb,Sun,Sun,Low,Low,2–3,2–3,Dry,"Jun, Jul, Aug, Sep","Pink, Purple",Butterflies,,,,Upland prairie and open grassland systems,Shallow Upland Prairie,Deep Clay Prairie,sandy/loamy upland prairie or open field,sandy/loamy upland prairie or open field,Dry; Low; Sun,High,No,Publish now,Literature-supported microregion assignment; field/GIS confirmation can be added in a later release.,"LBJ/USDA/FNA/USACE support species habitat traits; NRCS/EPA/TPWD links support site/soil/ecoregion/vegetation validation, not species identity.",v1-online-public-draft,2026-05-27,vernonia-lindheimeri,https://www.wildflower.org/plants/result.php?id_plant=VELI3,https://www.wildflower.org/plants/result.php?id_plant=VELI3,https://plants.usda.gov/home/basicSearchResults?searchString=Vernonia+lindheimeri,https://floranorthamerica.org/Special:Search?search=Vernonia+lindheimeri,https://wetland-plants.sec.usace.army.mil/,https://websoilsurvey.nrcs.usda.gov/app/,https://www.epa.gov/eco-research/ecoregions,https://tpwd.texas.gov/landwater/land/programs/landscape-ecology/ems/,"Public dashboard field. Long source prose, photos, image URLs, full source protocols, and page boilerplate are intentionally excluded from public data files. Use linked source pages for full context.",,Woolly Ironweed,Seed | Clump | Stem,No Treatment | Division | Cutting,Materials listed: Seed | Clump | Stem. Treatment tags listed: No Treatment | Division | Cutting. Full propagation instructions are not reproduced in this public dataset; use the linked NPSOT/source pages for complete protocols.,https://www.npsot.org/posts/native-plant/vernonia-lindheimeri/,https://www.picturethisai.com/care/propagate/Vernonia_lindheimeri.html | https://propagate.one/how-to-propagate-vernonia-lindheimeri/?print=print,yes,
Vernonia ×guadalupensis,Vernonia ×guadalupensis,Guadalupe Ironweed,Asteraceae,Perennial,Deciduous,Herb,Herb,Sun,,Medium,,2–4,2–3,,"Jun, Jul, Aug, Sep, Oct, Nov",Purple,,,,,"Ecotone, thicket, and disturbance-edge systems",Ecotone / Edge Thicket,Riparian Banks; Upland Woodland,moist prairie/thicket/open woodland or stream-edge ironweed context,moist prairie/thicket/open woodland or stream-edge ironweed context,"Water Req.: Medium | Sun/Shade Requirements: Sun | Growth Habitat: Herb | Bloom Time: Jun, Jul, Aug, Sep, Oct, Nov | Height: 2-4 ft | Width: 2-3 ft | Bloom Color: Purple | USA: TX",Medium,Optional,Publish with caveat,"Usable for public draft release, but should remain flagged as provisional until optional spot-check or field/GIS support is added.","LBJ/USDA/FNA/USACE support species habitat traits; NRCS/EPA/TPWD links support site/soil/ecoregion/vegetation validation, not species identity.",v1-online-public-draft,2026-05-27,vernonia-guadalupensis,https://www.wildflower.org/plants/result.php?id_plant=VEGU,https://www.wildflower.org/plants/result.php?id_plant=VEGU,https://plants.usda.gov/plant-profile/VEGU,https://floranorthamerica.org/Special:Search?search=Vernonia+%C3%97guadalupensis,https://wetland-plants.sec.usace.army.mil/,https://websoilsurvey.nrcs.usda.gov/app/,https://www.epa.gov/eco-research/ecoregions,https://tpwd.texas.gov/landwater/land/programs/landscape-ecology/ems/,"Public dashboard field. Long source prose, photos, image URLs, full source protocols, and page boilerplate are intentionally excluded from public data files. Use linked source pages for full context.",,,,,,,,,https://www.wildflower.org/plants/result.php?id_plant=VEGU
Viburnum rufidulum,Viburnum rufidulum,"Rusty Blackhaw Viburnum, Rusty Blackhaw, Southern Blackhaw, Blackhaw, Bluehaw, Downy Viburnum, Southern Nannyberry, Rusty Nannyberry, Nannyberry",Adoxaceae,Perennial,Deciduous,"Shrub, Tree",Tree,Sun,Part Shade,Medium,Low,10–20,8–10,Dry,"Apr, May",White,Birds,,,,Upland prairie and open grassland systems,Shallow Upland Prairie,Riparian Banks,sandy/loamy upland prairie or open field,sandy/loamy upland prairie or open field,Dry; Low; Part Shade,High,No,Publish now,Literature-supported microregion assignment; field/GIS confirmation can be added in a later release.,"LBJ/USDA/FNA/USACE support species habitat traits; NRCS/EPA/TPWD links support site/soil/ecoregion/vegetation validation, not species identity.",v1-online-public-draft,2026-05-27,viburnum-rufidulum,https://www.wildflower.org/plants/result.php?id_plant=VIRU,https://www.wildflower.org/plants/result.php?id_plant=VIRU,https://plants.usda.gov/home/basicSearchResults?searchString=Viburnum+rufidulum,https://floranorthamerica.org/Special:Search?search=Viburnum+rufidulum,https://wetland-plants.sec.usace.army.mil/,https://websoilsurvey.nrcs.usda.gov/app/,https://www.epa.gov/eco-research/ecoregions,https://tpwd.texas.gov/landwater/land/programs/landscape-ecology/ems/,"Public dashboard field. Long source prose, photos, image URLs, full source protocols, and page boilerplate are intentionally excluded from public data files. Use linked source pages for full context.",Region: AGCP AK AW CB EMP GP HI MW NCNE WMVE Status: UPL FACU UPL FACU FACU,Rusty Blackhaw Viburnum,Seed | Softwood,No Treatment | Cutting | Stratification,Materials listed: Seed | Softwood. Treatment tags listed: No Treatment | Cutting | Stratification. Full propagation instructions are not reproduced in this public dataset; use the linked NPSOT/source pages for complete protocols.,https://www.npsot.org/posts/native-plant/viburnum-rufidulum/,https://pfaf.org/USER/Plant.aspx?LatinName=Viburnum+rufidulum#:~:text=Plant%20Propagation | https://www.picturethisai.com/care/Viburnum_rufidulum.html#:~:text=How%20to%20Propagate%20Rusty%20blackhaw?&text=Rusty%20blackhaw%20is%20a%20deciduous | https://earthone.io/plant/viburnum%20rufidulum,,
Viguiera dentata,Viguiera dentata,Toothleaf goldeneye,Asteraceae,Perennial,Deciduous,Shrub,Herb,Sun,Part Shade,Low,Medium,3–6,,Dry,"Oct, Nov",Yellow,"Birds, Butterflies","Bordered patch butterfly, Cassius Blue butterfly",,,Upland prairie and open grassland systems,Shallow Upland Prairie,Karst Outcrops,sandy/loamy upland prairie or open field,sandy/loamy upland prairie or open field,Dry; Medium; Part Shade,High,No,Publish now,Literature-supported microregion assignment; field/GIS confirmation can be added in a later release.,"LBJ/USDA/FNA/USACE support species habitat traits; NRCS/EPA/TPWD links support site/soil/ecoregion/vegetation validation, not species identity.",v1-online-public-draft,2026-05-27,viguiera-dentata,https://www.wildflower.org/plants/result.php?id_plant=VIDE3,https://www.wildflower.org/plants/result.php?id_plant=VIDE3,https://plants.usda.gov/home/basicSearchResults?searchString=Viguiera+dentata,https://floranorthamerica.org/Special:Search?search=Viguiera+dentata,https://wetland-plants.sec.usace.army.mil/,https://websoilsurvey.nrcs.usda.gov/app/,https://www.epa.gov/eco-research/ecoregions,https://tpwd.texas.gov/landwater/land/programs/landscape-ecology/ems/,"Public dashboard field. Long source prose, photos, image URLs, full source protocols, and page boilerplate are intentionally excluded from public data files. Use linked source pages for full context.",,Plateau Goldeneye,Seed,No Treatment,Materials listed: Seed. Treatment tags listed: No Treatment. Full propagation instructions are not reproduced in this public dataset; use the linked NPSOT/source pages for complete protocols.,https://www.npsot.org/posts/native-plant/viguiera-dentata/,https://www.wildflower.org/plants/result.php?id_plant=VIDE3,,
Viola missouriensis,Viola missouriensis,Missouri Violet,Violaceae,Annual | Perennial,Deciduous,Herb,Herb,"Shade, Part Shade","Part Shade, Shade",Medium,Medium,0.5–1,1–2,Moist,"Feb, Mar, Apr","White, Purple",,,,,Woodland and karst upland systems,Upland Woodland,Karst Outcrops; Shallow Upland Prairie,upland woodland or shaded understory,upland woodland or shaded understory,"Moist; Medium; Part Shade, Shade; Low",Medium,Optional,Publish with caveat,"Usable for public draft release, but should remain flagged as provisional until optional spot-check or field/GIS support is added.","LBJ/USDA/FNA/USACE support species habitat traits; NRCS/EPA/TPWD links support site/soil/ecoregion/vegetation validation, not species identity.",v1-online-public-draft,2026-05-27,viola-missouriensis,https://www.wildflower.org/plants/result.php?id_plant=VIMI3,https://www.wildflower.org/plants/result.php?id_plant=VIMI3,https://plants.usda.gov/home/basicSearchResults?searchString=Viola+missouriensis,https://floranorthamerica.org/Special:Search?search=Viola+missouriensis,https://wetland-plants.sec.usace.army.mil/,https://websoilsurvey.nrcs.usda.gov/app/,https://www.epa.gov/eco-research/ecoregions,https://tpwd.texas.gov/landwater/land/programs/landscape-ecology/ems/,"Public dashboard field. Long source prose, photos, image URLs, full source protocols, and page boilerplate are intentionally excluded from public data files. Use linked source pages for full context.",Region: AGCP AK AW CB EMP GP HI MW NCNE WMVE Status: FAC FACW FACU FACW FACW FAC FACW,,,,,,,,
Vitis mustangensis,Vitis mustangensis,Mustang Grape,Vitaceae,Perennial,Deciduous,Vine,Vine,Sun,Part Shade,Low,Medium,35,25,Dry,"Apr, May, Jun","White, Red",,,American Robin (Turdus migratorius); Brown Thrasher (Toxostoma rufum); Cedar Waxwing (Bombycilla cedrorum); Northern Cardinal (Cardinalis cardinalis),USFS FEIS Vitis spp. / regional wildlife synthesis: https://www.fs.usda.gov/database/feis/,Upland prairie and open grassland systems,Shallow Upland Prairie,Riparian Banks,sandy/loamy upland prairie or open field,sandy/loamy upland prairie or open field,Dry; Medium; Part Shade,Medium,Optional,Publish with caveat,"Usable for public draft release, but should remain flagged as provisional until optional spot-check or field/GIS support is added.","LBJ/USDA/FNA/USACE support species habitat traits; NRCS/EPA/TPWD links support site/soil/ecoregion/vegetation validation, not species identity.",v1-online-public-draft,2026-05-27,vitis-mustangensis,https://www.wildflower.org/plants/result.php?id_plant=VIMU2,https://www.wildflower.org/plants/result.php?id_plant=VIMU2,https://plants.usda.gov/home/basicSearchResults?searchString=Vitis+mustangensis,https://floranorthamerica.org/Special:Search?search=Vitis+mustangensis,https://wetland-plants.sec.usace.army.mil/,https://websoilsurvey.nrcs.usda.gov/app/,https://www.epa.gov/eco-research/ecoregions,https://tpwd.texas.gov/landwater/land/programs/landscape-ecology/ems/,"Public dashboard field. Long source prose, photos, image URLs, full source protocols, and page boilerplate are intentionally excluded from public data files. Use linked source pages for full context.",,Mustang Grape,Seed | Softwood | Stem,No Treatment | Cutting | Layering,Materials listed: Seed | Softwood | Stem. Treatment tags listed: No Treatment | Cutting | Layering. Full propagation instructions are not reproduced in this public dataset; use the linked NPSOT/source pages for complete protocols.,https://www.npsot.org/posts/native-plant/vitis-mustangensis/,https://pfaf.org/user/Plant.aspx?LatinName=Vitis+mustangensis#:~:text=Plant%20Propagation | https://earthone.io/plant/vitis%20mustangensis | https://www.picturethisai.com/care/propagate/Vitis_mustangensis.html,,
Wedelia acapulcensis,Wedelia acapulcensis,Orange Zexmenia,Asteraceae,Perennial,Deciduous,Subshrub,"Subshrub, Shrub",Sun,,Low,,1–2,2–3,,"May, Jun, Jul, Aug, Sep","Orange, Yellow",,,,,Upland prairie and open grassland systems,Shallow Upland Prairie,Karst Outcrops; Upland Savanna,dry upland; sunny open,low-water sunny orange zexmenia,,Medium,Optional,Publish with caveat,"Usable for public draft release, but should remain flagged as provisional until optional spot-check or field/GIS support is added.","LBJ/USDA/FNA/USACE support species habitat traits; NRCS/EPA/TPWD links support site/soil/ecoregion/vegetation validation, not species identity.",v1-online-public-draft,2026-05-27,wedelia-acapulcensis,https://www.wildflower.org/plants/result.php?id_plant=WEAC,https://www.wildflower.org/plants/result.php?id_plant=WEAC,https://plants.usda.gov/home/basicSearchResults?searchString=Wedelia+acapulcensis,https://floranorthamerica.org/Special:Search?search=Wedelia+acapulcensis,https://wetland-plants.sec.usace.army.mil/,https://websoilsurvey.nrcs.usda.gov/app/,https://www.epa.gov/eco-research/ecoregions,https://tpwd.texas.gov/landwater/land/programs/landscape-ecology/ems/,"Public dashboard field. Long source prose, photos, image URLs, full source protocols, and page boilerplate are intentionally excluded from public data files. Use linked source pages for full context.",,,,,,,,,
Wedelia acapulcensis var. hispida,Wedelia acapulcensis var. hispida,Zexmenia,Asteraceae,Perennial,Deciduous,Subshrub,Herb,Sun,"Sun, Part Shade",Low,Low,1–2,2–3,"Dry, Moist","May, Jun, Jul, Aug, Sep, Oct, Nov","Orange, Yellow",Butterflies,"Bordered Patch, Sierran Metalmark, Lacinia Patch butterfly",,,Upland prairie and open grassland systems,Shallow Upland Prairie,Karst Outcrops,sandy/loamy upland prairie or open field,sandy/loamy upland prairie or open field,"Dry, Moist; Low; Sun, Part Shade",High,No,Publish now,Literature-supported microregion assignment; field/GIS confirmation can be added in a later release.,"LBJ/USDA/FNA/USACE support species habitat traits; NRCS/EPA/TPWD links support site/soil/ecoregion/vegetation validation, not species identity.",v1-online-public-draft,2026-05-27,wedelia-acapulcensis-var-hispida,https://www.wildflower.org/plants/result.php?id_plant=WEACH,https://www.wildflower.org/plants/result.php?id_plant=WEACH,https://plants.usda.gov/home/basicSearchResults?searchString=Wedelia+acapulcensis+var.+hispida,https://floranorthamerica.org/Special:Search?search=Wedelia+acapulcensis+var.+hispida,https://wetland-plants.sec.usace.army.mil/,https://websoilsurvey.nrcs.usda.gov/app/,https://www.epa.gov/eco-research/ecoregions,https://tpwd.texas.gov/landwater/land/programs/landscape-ecology/ems/,"Public dashboard field. Long source prose, photos, image URLs, full source protocols, and page boilerplate are intentionally excluded from public data files. Use linked source pages for full context.",,Zexmenia,Stem | Seed,Cutting | No Treatment,Materials listed: Stem | Seed. Treatment tags listed: Cutting | No Treatment. Full propagation instructions are not reproduced in this public dataset; use the linked NPSOT/source pages for complete protocols.,https://www.npsot.org/posts/native-plant/wedelia-acapulcensis-var-hispida/,https://www.picturethisai.com/wiki/Wedelia_acapulcensis_var._hispida.html | https://plants.usda.gov/DocumentLibrary/factsheet/pdf/fs_wete.pdf,yes,
Yucca constricta,Yucca constricta,"Buckley Yucca, Buckley's Yucca",Asparagaceae,Perennial,Evergreen,Succulent,Shrub,Sun,Sun,Low,Low,2–4,2–4,Dry,"Apr, May, Jun, Jul","White, Green",Butterflies,Yucca giant skipper butterfly,,,Upland prairie and open grassland systems,Shallow Upland Prairie,,sandy/loamy upland prairie or open field,sandy/loamy upland prairie or open field,Dry; Low; Sun,High,No,Publish now,Literature-supported microregion assignment; field/GIS confirmation can be added in a later release.,"LBJ/USDA/FNA/USACE support species habitat traits; NRCS/EPA/TPWD links support site/soil/ecoregion/vegetation validation, not species identity.",v1-online-public-draft,2026-05-27,yucca-constricta,https://www.wildflower.org/plants/result.php?id_plant=YUCO,https://www.wildflower.org/plants/result.php?id_plant=YUCO,https://plants.usda.gov/home/basicSearchResults?searchString=Yucca+constricta,https://floranorthamerica.org/Special:Search?search=Yucca+constricta,https://wetland-plants.sec.usace.army.mil/,https://websoilsurvey.nrcs.usda.gov/app/,https://www.epa.gov/eco-research/ecoregions,https://tpwd.texas.gov/landwater/land/programs/landscape-ecology/ems/,"Public dashboard field. Long source prose, photos, image URLs, full source protocols, and page boilerplate are intentionally excluded from public data files. Use linked source pages for full context.",,Buckley’s Yucca,Seed | Root,Scarification | Cutting,Materials listed: Seed | Root. Treatment tags listed: Scarification | Cutting. Full propagation instructions are not reproduced in this public dataset; use the linked NPSOT/source pages for complete protocols.,https://www.npsot.org/posts/native-plant/yucca-constricta/,https://www.picturethisai.com/care/propagate/Yucca_constricta.html | https://pfaf.org/user/Plant.aspx?LatinName=Yucca+constricta#:~:text=Plant%20Propagation,yes,
Yucca rupicola,Yucca rupicola,"Twistleaf Yucca, Twisted-leaf Yucca, Texas Yucca, Spanish Dagger",Asparagaceae,Perennial,Evergreen,Succulent,Cactus/Succulent,Sun,"Sun, Part Shade",Low,Low,1–2,2–3,Dry,"Apr, May, Jun","White, Green",Butterflies,Kendall's yucca skipper,,,Woodland and karst upland systems,Karst Outcrops,,"limestone ledge, cliff, or bluff","limestone ledge, cliff, or bluff","Dry; Low; Sun, Part Shade",High,No,Publish now,Literature-supported microregion assignment; field/GIS confirmation can be added in a later release.,"LBJ/USDA/FNA/USACE support species habitat traits; NRCS/EPA/TPWD links support site/soil/ecoregion/vegetation validation, not species identity.",v1-online-public-draft,2026-05-27,yucca-rupicola,https://www.wildflower.org/plants/result.php?id_plant=YURU,https://www.wildflower.org/plants/result.php?id_plant=YURU,https://plants.usda.gov/home/basicSearchResults?searchString=Yucca+rupicola,https://floranorthamerica.org/Special:Search?search=Yucca+rupicola,https://wetland-plants.sec.usace.army.mil/,https://websoilsurvey.nrcs.usda.gov/app/,https://www.epa.gov/eco-research/ecoregions,https://tpwd.texas.gov/landwater/land/programs/landscape-ecology/ems/,"Public dashboard field. Long source prose, photos, image URLs, full source protocols, and page boilerplate are intentionally excluded from public data files. Use linked source pages for full context.",,Twistleaf Yucca,Seed | Root | Offshoots,No Treatment | Scarification | Cutting,Materials listed: Seed | Root | Offshoots. Treatment tags listed: No Treatment | Scarification | Cutting. Full propagation instructions are not reproduced in this public dataset; use the linked NPSOT/source pages for complete protocols.,https://www.npsot.org/posts/native-plant/yucca-rupicola-2/,https://www.picturethisai.com/wiki/Yucca_rupicola.html | https://pfaf.org/user/Plant.aspx?LatinName=Yucca+rupicola#:~:text=Plant%20Propagation | https://temperate.theferns.info/plant/Yucca+rupicola | https://earthone.io/en/plant/yucca%20rupicola?srsltid=AfmBOoqq6OSt-Wcd2lQdcNQzpGvqhXfiiuvQEKVjGLItJeyKXTYLkiE-,yes,
Yucca treculeana,Yucca treculeana,"Spanish Dagger, Spanish Bayonet, Don Quixote's Lance, Palma Pita, Palma De Datil, Palmito",Asparagaceae,Perennial,Evergreen,"Succulent, Tree",Cactus/Succulent,Sun,Part Shade,Low,Medium,6–15,6–10,Dry,"Jan, Feb, Mar, Apr, Dec","White, Red",Butterflies,"Yucca giant skipper butterfly, Ursine giant skipper, Strecker's giant skipper.",,,Upland prairie and open grassland systems,Shallow Upland Prairie,Deep Clay Prairie,sandy/loamy upland prairie or open field,sandy/loamy upland prairie or open field,Dry; Medium; Part Shade,High,No,Publish now,Literature-supported microregion assignment; field/GIS confirmation can be added in a later release.,"LBJ/USDA/FNA/USACE support species habitat traits; NRCS/EPA/TPWD links support site/soil/ecoregion/vegetation validation, not species identity.",v1-online-public-draft,2026-05-27,yucca-treculeana,https://www.wildflower.org/plants/result.php?id_plant=YUTR,https://www.wildflower.org/plants/result.php?id_plant=YUTR,https://plants.usda.gov/home/basicSearchResults?searchString=Yucca+treculeana,https://floranorthamerica.org/Special:Search?search=Yucca+treculeana,https://wetland-plants.sec.usace.army.mil/,https://websoilsurvey.nrcs.usda.gov/app/,https://www.epa.gov/eco-research/ecoregions,https://tpwd.texas.gov/landwater/land/programs/landscape-ecology/ems/,"Public dashboard field. Long source prose, photos, image URLs, full source protocols, and page boilerplate are intentionally excluded from public data files. Use linked source pages for full context.",,,,,,,,,
