Plant_ID,Scientific Name,NPSOT Propagation Common Name,NPSOT Propagation Materials,NPSOT Propagation Treatment Tags,NPSOT Propagation Public Note,NPSOT Propagation Source URL,NPSOT Propagation References
Toxicodendron radicans,Toxicodendron radicans,Poison Ivy,Seed | Stem,Stratification | Cutting,Materials listed: Seed | Stem. Treatment tags listed: Stratification | Cutting. Full propagation instructions are not reproduced in this public dataset; use the linked NPSOT/source pages for complete protocols.,https://www.npsot.org/posts/native-plant/102033/,https://greg.app/propagate-poison-ivy/#:~:text=When%20it%20comes%20to%20propagation
Acacia angustissima,Acacia angustissima,Prairie Acacia,Seed | Semi-harwood,No Treatment | Scarification | Cutting,Materials listed: Seed | Semi-harwood. Treatment tags listed: No Treatment | Scarification | Cutting. Full propagation instructions are not reproduced in this public dataset; use the linked NPSOT/source pages for complete protocols.,https://www.npsot.org/posts/native-plant/acaciella-angustissima/,https://www.wildflower.org/plants/result.php?id_plant=ACAN11 | https://davesgarden.com/guides/pf/go/73443 | https://propagate.one/how-to-propagate-acaciella-angustissima-2/#google_vignette | https://propagate.one/how-to-propagate-acaciella-angustissima-2/
Acer grandidentatum,Acer grandidentatum,Bigtooth Maple,Seed | Stem,No Treatment | Cutting | Stratification,Materials listed: Seed | Stem. Treatment tags listed: No Treatment | Cutting | Stratification. Full propagation instructions are not reproduced in this public dataset; use the linked NPSOT/source pages for complete protocols.,https://www.npsot.org/posts/native-plant/acer-grandidentatum/,https://npn.rngr.net/renderNPNProtocolDetails?selectedProtocolIds=aceraceae-acer-2682 | https://www.wildflower.org/plants/result.php?id_plant=ACGR3 | https://www.prairiemoon.com/seeds/#/?resultsPerPage=24 | https://www.botanicgardens.org/blog/dark-side-propagating-maples#:~:text=The%20bigtooth%20maple%20Acer%20grandidentatum%20is%20a | https://extension.usu.edu/cwel/research/propagating-bigtooth-maple
Acer negundo,Acer negundo,Box Elder,Seed,Scarification,Materials listed: Seed. Treatment tags listed: Scarification. Full propagation instructions are not reproduced in this public dataset; use the linked NPSOT/source pages for complete protocols.,https://www.npsot.org/posts/native-plant/acer-negundo/,https://npn.rngr.net/renderNPNProtocolDetails?selectedProtocolIds=aceraceae-acer-1120
Achillea millefolium,Achillea millefolium,Common Yarrow,Seed | Root | Bud | Stem,Stratification | Cutting | Division,Materials listed: Seed | Root | Bud | Stem. Treatment tags listed: Stratification | Cutting | Division. Full propagation instructions are not reproduced in this public dataset; use the linked NPSOT/source pages for complete protocols.,https://www.npsot.org/posts/native-plant/achillea-millefolium/,https://www.nrcs.usda.gov/plantmaterials/mtpmcpg13974.pdf | https://www.wildflower.org/plants/result.php?id_plant=ACMI2 | https://nwdistrict.ifas.ufl.edu/hort/2024/02/29/the-art-of-propagating-yarrow-a-guide-to-successful-growth/ | https://propagate.one/how-to-propagate-achillea-millefolium/
Acmella repens,Acmella repens,Creeping Spotflower,Stem | Seed | Bud,Cutting | No Treatment | Division,Materials listed: Stem | Seed | Bud. Treatment tags listed: Cutting | No Treatment | Division. Full propagation instructions are not reproduced in this public dataset; use the linked NPSOT/source pages for complete protocols.,https://www.npsot.org/posts/native-plant/acmella-oppositifolia-var-repens/,https://www.aquasabi.com/Acmella-repens-in-Vitro | https://greg.app/creeping-spotflower-overview/#:~:text=For%20outdoor%20planting%2C%20focus%20on
Adiantum capillus-veneris,Adiantum capillus-veneris,Common Maidenhair Fern,Root | Spores,Division | No Treatment,Materials listed: Root | Spores. Treatment tags listed: Division | No Treatment. Full propagation instructions are not reproduced in this public dataset; use the linked NPSOT/source pages for complete protocols.,https://www.npsot.org/posts/native-plant/adiantum-capillus-veneris/,https://www.plantsrescue.com/posts/adiantum-capillus-veneris | https://www.wildflower.org/plants/result.php?id_plant=ADCA
Aesculus glabra,Aesculus glabra,Texas Buckeye,Seed,Stratification,Materials listed: Seed. Treatment tags listed: Stratification. Full propagation instructions are not reproduced in this public dataset; use the linked NPSOT/source pages for complete protocols.,https://www.npsot.org/posts/native-plant/aesculus-glabra/,https://www.wildflower.org/plants/result.php?id_plant=AEGL
Aesculus pavia var. flavescens,Aesculus pavia var. flavescens,Texas Yellow Buckeye,Seed | Root,No Treatment | Cutting,Materials listed: Seed | Root. Treatment tags listed: No Treatment | Cutting. Full propagation instructions are not reproduced in this public dataset; use the linked NPSOT/source pages for complete protocols.,https://www.npsot.org/posts/native-plant/aesculus-pavia-var-flavescens/,https://www.wildflower.org/plants/result.php?id_plant=aepaf
Aesculus pavia var. pavia,Aesculus pavia var. pavia,Red Buckeye,Seed | Softwood,No Treatment | Cutting,Materials listed: Seed | Softwood. Treatment tags listed: No Treatment | Cutting. Full propagation instructions are not reproduced in this public dataset; use the linked NPSOT/source pages for complete protocols.,https://www.npsot.org/posts/native-plant/aesculus-pavia-var-pavia/,https://www.wildflower.org/plants/result.php?id_plant=AEPAP | https://greg.app/propagate-red-buckeye/
Agalinis heterophylla,Agalinis heterophylla,Prairie False Foxglove,Seed,No Treatment,Materials listed: Seed. Treatment tags listed: No Treatment. Full propagation instructions are not reproduced in this public dataset; use the linked NPSOT/source pages for complete protocols.,https://www.npsot.org/posts/native-plant/agalinis-heterophylla/,https://www.picturethisai.com/care/Agalinis_heterophylla.html#:~:text=More%20Info%20on%20Prairie%20false
Agave americana,Agave americana,Century Plant,Offshoots | Seed,Division | No Treatment,Materials listed: Offshoots | Seed. Treatment tags listed: Division | No Treatment. Full propagation instructions are not reproduced in this public dataset; use the linked NPSOT/source pages for complete protocols.,https://www.npsot.org/posts/native-plant/agave-americana/,https://www.gardenia.net/plant/agave-americana-century-plant#:~:text=Propagation:%20Agave%20americana%20can%20be | https://propagate.one/how-to-propagate-agave-americana/
Ageratina altissima,Ageratina altissima,White Snakeroot,Seed | Rhizome,Stratification | Division,Materials listed: Seed | Rhizome. Treatment tags listed: Stratification | Division. Full propagation instructions are not reproduced in this public dataset; use the linked NPSOT/source pages for complete protocols.,https://www.npsot.org/posts/native-plant/ageratina-altissima/,https://openprairie.sdstate.edu/nativeplant/60/#:~:text=Seed%20Collection:Collect%20seed%20in | https://hayefield.com/product/ageratina-altissima-white-snakeroot/#:~:text=Germination%20Information:%20I%20recommend%20these
Ageratina havanensis,Ageratina havanensis,White Mistflower,Stem | Clump,Cutting | Division,Materials listed: Stem | Clump. Treatment tags listed: Cutting | Division. Full propagation instructions are not reproduced in this public dataset; use the linked NPSOT/source pages for complete protocols.,https://www.npsot.org/posts/native-plant/ageratina-havanensis/,https://propagate.one/how-to-propagate-ageratina-havanensis/
Allium canadense,Allium canadense,Meadow Garlic,Clump | Seed | Bulb,Division | No Treatment,Materials listed: Clump | Seed | Bulb. Treatment tags listed: Division | No Treatment. Full propagation instructions are not reproduced in this public dataset; use the linked NPSOT/source pages for complete protocols.,https://www.npsot.org/posts/native-plant/allium-canadense/,https://greg.app/plant-care/allium-canadense | https://www.rhs.org.uk/plants/allium/growing-guide | https://warcapps.usgs.gov/PlantID/Species/Details/2043#:~:text=Starting%20plants%20from%20bulblets%20is
Allowissadula holosericea,Allowissadula holosericea,Chisos Mountain False Indian Mallow,Seed,No Treatment,Materials listed: Seed. Treatment tags listed: No Treatment. Full propagation instructions are not reproduced in this public dataset; use the linked NPSOT/source pages for complete protocols.,https://www.npsot.org/posts/native-plant/allowissadula-holosericea/,https://www.picturethisai.com/wiki/Allowissadula_holosericea.html
Aloysia gratissima,Aloysia gratissima,Beebrush,Seed | Stem,No Treatment | Cutting,Materials listed: Seed | Stem. Treatment tags listed: No Treatment | Cutting. Full propagation instructions are not reproduced in this public dataset; use the linked NPSOT/source pages for complete protocols.,https://www.npsot.org/posts/native-plant/aloysia-gratissima/,https://www.wildflower.org/plants/result.php?id_plant=ALGR2 | https://www.gardenia.net/plant/aloysia-gratissima-whitebrush-grow-care-guide | https://earthone.io/plant/aloysia%20gratissima?srsltid=AfmBOopLUHvZyAjE2xc8nfPUmeGopWid4URc0jye6m7KZfFTVxgr8Ztb | https://www.picturethisai.com/care/propagate/Aloysia_gratissima.html
Aloysia wrightii,Aloysia wrightii,Wright's Beebrush,Semi-harwood,Cutting,Materials listed: Semi-harwood. Treatment tags listed: Cutting. Full propagation instructions are not reproduced in this public dataset; use the linked NPSOT/source pages for complete protocols.,https://www.npsot.org/posts/native-plant/aloysia-wrightii/,https://www.picturethisai.com/care/Aloysia_wrightii.html#:~:text=More%20Info%20on%20Wright's%20beebrush
Amblyolepis setigera,Amblyolepis setigera,Huisache Daisy,Seed,No Treatment,Materials listed: Seed. Treatment tags listed: No Treatment. Full propagation instructions are not reproduced in this public dataset; use the linked NPSOT/source pages for complete protocols.,https://www.npsot.org/posts/native-plant/amblyolepis-setigera/,https://www.wildflower.org/plants/result.php?id_plant=AMSE | https://nativefloraseeds.org/products/huisache-daisy#:~:text=%F0%9F%8C%BE%20Direct%20Sowing%20Outdoors%20%E2%80%93%20Fall%20or%20Spring&text=When:%20After%20the%20first%20frost
Amorpha fruticosa,Amorpha fruticosa,False Indigo Bush,Seed,Scarification,Materials listed: Seed. Treatment tags listed: Scarification. Full propagation instructions are not reproduced in this public dataset; use the linked NPSOT/source pages for complete protocols.,https://www.npsot.org/posts/native-plant/amorpha-fruticosa/,https://www.wildflower.org/plants/result.php?id_plant=AMFR
Andropogon ternarius,Andropogon ternarius,Splitbeard Bluestem,Seed | Clump,"No Treatment, Stratification | Division","Materials listed: Seed | Clump. Treatment tags listed: No Treatment, Stratification | Division. Full propagation instructions are not reproduced in this public dataset; use the linked NPSOT/source pages for complete protocols.",https://www.npsot.org/posts/native-plant/andropogon-ternarius/,https://propagate.one/how-to-propagate-andropogon-ternarius/ | https://www.picturethisai.com/care/propagate/Andropogon_ternarius.html
Andropogon virginicus,Andropogon virginicus,Broomsedge,Bud | Seed | Root,Division | Scarification | Cutting,Materials listed: Bud | Seed | Root. Treatment tags listed: Division | Scarification | Cutting. Full propagation instructions are not reproduced in this public dataset; use the linked NPSOT/source pages for complete protocols.,https://www.npsot.org/posts/native-plant/andropogon-virginicus/,https://propagate.one/how-to-propagate-andropogon-virginicus/ | https://plantiary.com/plant/andropogon-virginicus_4265.html | https://npn.rngr.net/renderNPNProtocolDetails?selectedProtocolIds=poaceae-andropogon-4014#:~:text=Establishment%20Phase: | https://propagate.one/how-to-propagate-andropogon-virginicus/#google_vignette | https://plantiary.cm/plant/andropogon-virginicus_4265.html
Anemone berlandieri,Anemone berlandieri,Tenpetal thimbleweed,Tuber | Seed,Division | No Treatment,Materials listed: Tuber | Seed. Treatment tags listed: Division | No Treatment. Full propagation instructions are not reproduced in this public dataset; use the linked NPSOT/source pages for complete protocols.,https://www.npsot.org/posts/native-plant/anemone-berlandieri/,https://earthone.io/plant/anemone%20berlandieri | https://www.picturethisai.com/wiki/Anemone_berlandieri.html
Anemone caroliniana,Anemone caroliniana,Carolina Anemone,Seed | Bud,No Treatment | Division,Materials listed: Seed | Bud. Treatment tags listed: No Treatment | Division. Full propagation instructions are not reproduced in this public dataset; use the linked NPSOT/source pages for complete protocols.,https://www.npsot.org/posts/native-plant/anemone-caroliniana/,https://propagate.one/how-to-propagate-anemone-caroliniana/ | https://greg.app/carolina-anemone-overview/#:~:text=%E2%9C%82%EF%B8%8F%20Division%20of%20Established%20Plants
Anisacanthus quadrifidus var. wrightii,Anisacanthus quadrifidus var. wrightii,Flame Acanthus,Seed | Softwood,No Treatment | Cutting,Materials listed: Seed | Softwood. Treatment tags listed: No Treatment | Cutting. Full propagation instructions are not reproduced in this public dataset; use the linked NPSOT/source pages for complete protocols.,https://www.npsot.org/posts/native-plant/anisacanthus-quadrifidus-var-wrightii/,https://www.wildflower.org/plants/result.php?id_plant=ANQUW | https://coryames.com/flame-acanthus-or-hummingbird-bush-anisacanthus-quadrifidus-wrightii/#:~:text=Cuttings:%20You%20can%20propagate%20Flame | https://www.thespruce.com/hummingbird-bush-care-guide-7496091#:~:text=Remove%20lower%20leaves%2C%20keeping%20between
Aquilegia canadensis,Aquilegia canadensis,Wild Red Columbine,Seed,Stratification | No Treatment,Materials listed: Seed. Treatment tags listed: Stratification | No Treatment. Full propagation instructions are not reproduced in this public dataset; use the linked NPSOT/source pages for complete protocols.,https://www.npsot.org/posts/native-plant/aquilegia-canadensis/,https://www.wildflower.org/plants/result.php?id_plant=AQCA
Arbutus xalapensis,Arbutus xalapensis,Texas Madrone,Seed | Stem,No Treatment | Cutting,Materials listed: Seed | Stem. Treatment tags listed: No Treatment | Cutting. Full propagation instructions are not reproduced in this public dataset; use the linked NPSOT/source pages for complete protocols.,https://www.npsot.org/posts/native-plant/arbutus-xalapensis/,https://www.wildflower.org/plants/result.php?id_plant=ARXA80 | https://www.fs.usda.gov/database/feis/plants/tree/arbxal/all.html | https://earthone.io/plant/arbutus%20xalapensis
Argemone albiflora,Argemone albiflora,White Prickly Poppy,Seed,No Treatment | Scarification,Materials listed: Seed. Treatment tags listed: No Treatment | Scarification. Full propagation instructions are not reproduced in this public dataset; use the linked NPSOT/source pages for complete protocols.,https://www.npsot.org/posts/native-plant/argemone-albiflora/,https://earthone.io/plant/argemone%20albiflora | https://seedsource.com/white-prickly-poppy/ | https://pfaf.org/user/Plant.aspx?LatinName=Argemone+albiflora#:~:text=Plant%20Propagation | https://www.grandprismaticseed.com/natives/prickly-poppy#:~:text=Sow%20seeds%20in%20spring%20or
Aristida purpurea,Aristida purpurea,Purple Threeawn,Seed,No Treatment,Materials listed: Seed. Treatment tags listed: No Treatment. Full propagation instructions are not reproduced in this public dataset; use the linked NPSOT/source pages for complete protocols.,https://www.npsot.org/posts/native-plant/aristida-purpurea/,https://courses.washington.edu/esrm412/protocols/2017/ARPU9.pdf
Aristolochia coryi,Aristolochia coryi,Cory's Dutchman's-pipe,Seed | Semi-harwood | Clump | Tuber,No Treatment | Cutting | Division,Materials listed: Seed | Semi-harwood | Clump | Tuber. Treatment tags listed: No Treatment | Cutting | Division. Full propagation instructions are not reproduced in this public dataset; use the linked NPSOT/source pages for complete protocols.,https://www.npsot.org/posts/native-plant/aristolochia-coryi/,https://www.botanikks.com/plants/aristolochia-coryi-im-johnston/520723/1 | https://propagate.one/how-to-propagate-aristolochia-coryi/
Aristolochia serpentaria,Aristolochia serpentaria,Virginia Dutchman's Pipe,Seed | Root,"Stratification | Cutting, Division","Materials listed: Seed | Root. Treatment tags listed: Stratification | Cutting, Division. Full propagation instructions are not reproduced in this public dataset; use the linked NPSOT/source pages for complete protocols.",https://www.npsot.org/posts/native-plant/aristolochia-serpentaria/,https://pfaf.org/user/Plant.aspx?LatinName=Aristolochia+Serpentaria#:~:text=Plant%20Propagation
Arnoglossum plantagineum,Arnoglossum plantagineum,Indian Plantain,Seed | Clump,Stratification | No Treatment | Division,Materials listed: Seed | Clump. Treatment tags listed: Stratification | No Treatment | Division. Full propagation instructions are not reproduced in this public dataset; use the linked NPSOT/source pages for complete protocols.,https://www.npsot.org/posts/native-plant/arnoglossum-plantagineum/,https://www.prairiemoon.com/arnoglossum-plantagineum-prairie-indian-plantain#panel-planting | https://earthone.io/plant/arnoglossum%20plantagineum | https://ferriseeds.com/products/arnoglossum-plantagineum-br-prairie-indian-plantain#:~:text=Growing%20information | https://npn.rngr.net/renderNPNProtocolDetails?selectedProtocolIds=asteraceae-arnoglossum-257
Artemisia ludoviciana,Artemisia ludoviciana,White Sage,Seed | Clump | Rhizome,Division | Cutting,Materials listed: Seed | Clump | Rhizome. Treatment tags listed: Division | Cutting. Full propagation instructions are not reproduced in this public dataset; use the linked NPSOT/source pages for complete protocols.,https://www.npsot.org/posts/native-plant/artemisia-ludoviciana/,https://www.nrcs.usda.gov/plantmaterials/ndpmcbr14230.pdf | https://www.prairiemoon.com/artemisia-ludoviciana-prairie-sage#:~:text=The%20plants%20reach%20heights%20of
Asclepias asperula,Asclepias asperula,Antelope Horn Milkweed,Seed | Root | Stem,"Stratification | Cutting, Division | No Treatment | Cutting","Materials listed: Seed | Root | Stem. Treatment tags listed: Stratification | Cutting, Division | No Treatment | Cutting. Full propagation instructions are not reproduced in this public dataset; use the linked NPSOT/source pages for complete protocols.",https://www.npsot.org/posts/native-plant/asclepias-asperula/,https://www.grandprismaticseed.com/natives/antelope-horns-milkweed#:~:text=Direct%20sow%20seeds%20in%20autumn | https://monarchbutterflygarden.net/milkweed-for-monarchs/asclepias-asperula-antelope-horns/ | https://txmn.org/goodwater/2017/04/19/antelope-horns-milkweed-for-monarchs/ | https://www.gardenia.net/guide/learn-how-to-plant-care-and-grow-milkweed | https://earthone.io/plant/asclepias%20asperula?srsltid=AfmBOoo9Kbmlw30nA5YMDjK97ITIPfCuPeabxzlOUjAgGysA5m4do9pL
Asclepias incarnata,Asclepias incarnata,Swamp Milkweed,Seed | Stem | Root,No Treatment | Stratification | Cutting | Division | Scarification,Materials listed: Seed | Stem | Root. Treatment tags listed: No Treatment | Stratification | Cutting | Division | Scarification. Full propagation instructions are not reproduced in this public dataset; use the linked NPSOT/source pages for complete protocols.,https://www.npsot.org/posts/native-plant/asclepias-incarnata/,https://www.nrcs.usda.gov/plantmaterials/wvpmcot12252.pdf | https://wildseedproject.net/blog/swamp-milkweed#:~:text=To%20grow%20your%20own%20swamp | https://www.gardenia.net/plant/asclepias-incarnata-swamp-milkweed | https://www.westernnativeseed.com/plant%20guides/ascincpg.pdf
Asclepias oenotheroides,Asclepias oenotheroides,Zizotes Milkweed,Seed,No Treatment | Stratification,Materials listed: Seed. Treatment tags listed: No Treatment | Stratification. Full propagation instructions are not reproduced in this public dataset; use the linked NPSOT/source pages for complete protocols.,https://www.npsot.org/posts/native-plant/asclepias-oenotheroides/,https://dnr.illinois.gov/education/atoz/seedinstr.html#:~:text=Fall%20Planting%20%2D%20Fall%20is%20the%20best%20time%20for%20planting%20milkweed%20seeds
Asclepias texana,Asclepias texana,Texas Milkweed,Seed | Stem,Stratification | Cutting,Materials listed: Seed | Stem. Treatment tags listed: Stratification | Cutting. Full propagation instructions are not reproduced in this public dataset; use the linked NPSOT/source pages for complete protocols.,https://www.npsot.org/posts/native-plant/asclepias-texana/,https://greg.app/texas-milkweed-overview/#:~:text=To%20propagate%20Texas%20Milkweed%20from | https://www.picturethisai.com/care/propagate/Asclepias_texana.html
Asclepias tuberosa,Asclepias tuberosa,Butterfly Milkweed,Root | Seed,Cutting | No Treatment | Stratification,Materials listed: Root | Seed. Treatment tags listed: Cutting | No Treatment | Stratification. Full propagation instructions are not reproduced in this public dataset; use the linked NPSOT/source pages for complete protocols.,https://www.npsot.org/posts/native-plant/asclepias-tuberosa/,https://www.wildflower.org/plants/result.php?id_plant=ASTU | https://hort.extension.wisc.edu/articles/butterflyweed-asclepias-tuberosa/#:~:text=Propagating%20Butterfly%20Weed | https://www.wildflowerfarm.com/asclepias-tuberosa-butterflyweed.html | https://plants.usda.gov/DocumentLibrary/plantguide/pdf/cs_astu.pdf
Asclepias verticilata,Asclepias verticilata,Whorled Milkweed,Seed,Stratification | No Treatment,Materials listed: Seed. Treatment tags listed: Stratification | No Treatment. Full propagation instructions are not reproduced in this public dataset; use the linked NPSOT/source pages for complete protocols.,https://www.npsot.org/posts/native-plant/asclepias-verticilata/,https://www.americanmeadows.com/products/asclepias-whorled-milkweed-wildflower-seeds#:~:text=We%20suggest%20transplanting%20Milkweed%20when | https://www.gardenia.net/plant/asclepias-verticillata#:~:text=surviving%20winter%20conditions.-
Asclepias verticillata,Asclepias verticillata,Whorled Milkweed,Seed,Stratification | No Treatment,Materials listed: Seed. Treatment tags listed: Stratification | No Treatment. Full propagation instructions are not reproduced in this public dataset; use the linked NPSOT/source pages for complete protocols.,https://www.npsot.org/posts/native-plant/asclepias-verticillata/,https://www.americanmeadows.com/products/asclepias-whorled-milkweed-wildflower-seeds#:~:text=We%20suggest%20transplanting%20Milkweed%20when | https://www.gardenia.net/plant/asclepias-verticillata#:~:text=surviving%20winter%20conditions.-
Asclepias viridis,Asclepias viridis,Green Milkweed,Seed,Stratification,Materials listed: Seed. Treatment tags listed: Stratification. Full propagation instructions are not reproduced in this public dataset; use the linked NPSOT/source pages for complete protocols.,https://www.npsot.org/posts/native-plant/asclepias-viridis/,https://www.wildflower.org/plants/result.php?id_plant=ASVI2
Atriplex canescens,Atriplex canescens,Four-wing Saltbush,Seed,,Materials listed: Seed. Full propagation instructions are not reproduced in this public dataset; use the linked NPSOT/source pages for complete protocols.,https://www.npsot.org/posts/native-plant/atriplex-canescens/,https://www.wildflower.org/plants/result.php?id_plant=ATCA2
Baccharis neglecta,Baccharis neglecta,Poverty Weed,Softwood | Hardwood | Seed,Cutting | No Treatment,Materials listed: Softwood | Hardwood | Seed. Treatment tags listed: Cutting | No Treatment. Full propagation instructions are not reproduced in this public dataset; use the linked NPSOT/source pages for complete protocols.,https://www.npsot.org/posts/native-plant/baccharis-neglecta/,https://propagate.one/how-to-propagate-baccharis-neglecta/ | https://plantiary.com/plant/baccharis-neglecta_4567.html
Baptisia australis var. minor,Baptisia australis var. minor,Blue Wild Indigo,Seed | Clump | Softwood,"No Treatment | Scarification, Stratification | Division | Cutting","Materials listed: Seed | Clump | Softwood. Treatment tags listed: No Treatment | Scarification, Stratification | Division | Cutting. Full propagation instructions are not reproduced in this public dataset; use the linked NPSOT/source pages for complete protocols.",https://www.npsot.org/posts/native-plant/baptisia-australis-var-minor/,https://www.wildflower.org/plants/result.php?id_plant=BAAU | https://www.hortmag.com/smart-gardening/how-to-harvest-and-grow-the-seeds-of-blue-indigo | https://gpnmag.com/article/baptisia-australis-blue-false-indigo/ | https://hgic.clemson.edu/factsheet/baptisia-false-or-wild-indigo/#:~:text=Cuttings%20should%20be%20taken%20so | https://utgardens.tennessee.edu/may-plant-of-the-month-baptisia-false-indigo/#:~:text=Baptisia%20can%20also%20be%20propagated
Baptisia australis,Baptisia australis,Wild Blue Indigo,Seed | Clump | Softwood,"No Treatment | Division | Cutting | Scarification, Stratification","Materials listed: Seed | Clump | Softwood. Treatment tags listed: No Treatment | Division | Cutting | Scarification, Stratification. Full propagation instructions are not reproduced in this public dataset; use the linked NPSOT/source pages for complete protocols.",https://www.npsot.org/posts/native-plant/baptisia-australis/,https://www.wildflower.org/plants/result.php?id_plant=BAAU | https://www.hortmag.com/smart-gardening/how-to-harvest-and-grow-the-seeds-of-blue-indigo | https://hgic.clemson.edu/factsheet/baptisia-false-or-wild-indigo/#:~:text=Cuttings%20should%20be%20taken%20so | https://utgardens.tennessee.edu/may-plant-of-the-month-baptisia-false-indigo/#:~:text=Baptisia%20can%20also%20be%20propagated | https://gpnmag.com/article/baptisia-australis-blue-false-indigo/
Baptisia sphaerocarpa,Baptisia sphaerocarpa,Yellow Wild Indigo,Seed | Stem | Clump,"Scarification, Stratification | Cutting | Division","Materials listed: Seed | Stem | Clump. Treatment tags listed: Scarification, Stratification | Cutting | Division. Full propagation instructions are not reproduced in this public dataset; use the linked NPSOT/source pages for complete protocols.",https://www.npsot.org/posts/native-plant/baptisia-sphaerocarpa/,https://warcapps.usgs.gov/PlantID/Species/Details/3249#:~:text=Baptisias%20like%20full%20sun%20but | https://www.prairiemoon.com/baptisia-sphaerocarpa-large-yellow-wild-indigo#panel-planting | https://earthone.io/plant/baptisia%20sphaerocarpa?srsltid=AfmBOoqvHgBHUlOICB_93FMb60V6uEn-pcufVfIVC3C6WGE2eFIezoqQ | https://www.nrcs.usda.gov/plantmaterials/etpmcpg13192.pdf
Berchemia scandens,Berchemia scandens,Rattan Vine,Softwood | Hardwood | Stem | Seed | Clump,"Cutting | Layering | Scarification, Stratification | Division","Materials listed: Softwood | Hardwood | Stem | Seed | Clump. Treatment tags listed: Cutting | Layering | Scarification, Stratification | Division. Full propagation instructions are not reproduced in this public dataset; use the linked NPSOT/source pages for complete protocols.",https://www.npsot.org/posts/native-plant/berchemia-scandens/,https://propagate.one/how-to-propagate-berchemia-scandens/ | https://plantiary.com/plant/berchemia-scandens_5162.html | https://www.picturethisai.com/care/propagate/Berchemia_scandens.html
Berlandiera lyrata,Berlandiera lyrata,Chocolate Daisy,Seed | Clump,No Treatment | Division,Materials listed: Seed | Clump. Treatment tags listed: No Treatment | Division. Full propagation instructions are not reproduced in this public dataset; use the linked NPSOT/source pages for complete protocols.,https://www.npsot.org/posts/native-plant/berlandiera-lyrata/,https://www.bhg.com/gardening/plant-dictionary/perennial/chocolate-flower/#:~:text=How%20to%20Propagate%20Chocolate%20Flower | https://www.reneesgarden.com/products/daisy-fragrant-chocolate#:~:text=TO%20START%20EARLY%20INDOORS | https://plants.ces.ncsu.edu/plants/berlandiera-lyrata/#:~:text=In%20the%20proper%20conditions%2C%20i.e
Bidens aristosa,Bidens aristosa,Bearded Beggarticks,Seed,Stratification,Materials listed: Seed. Treatment tags listed: Stratification. Full propagation instructions are not reproduced in this public dataset; use the linked NPSOT/source pages for complete protocols.,https://www.npsot.org/posts/native-plant/bidens-aristosa/,https://npn.rngr.net/renderNPNProtocolDetails?selectedProtocolIds=asteraceae-bidens-1900&referer=wildflower
Andropogon gerardii,Andropogon gerardii,Big Bluestem,Clump | Seed,Division | Stratification | No Treatment,Materials listed: Clump | Seed. Treatment tags listed: Division | Stratification | No Treatment. Full propagation instructions are not reproduced in this public dataset; use the linked NPSOT/source pages for complete protocols.,https://www.npsot.org/posts/native-plant/big-bluestem/,https://www.growveg.com/plants/us-and-canada/how-to-grow-big-bluestem/#:~:text=Sow%20and%20Plant | https://www.wildflower.org/plants/result.php?id_plant=ANGE | https://www.thespruce.com/big-bluestem-plant-profile-4845878#:~:text=Propagating%20Big%20Bluestem
Muhlenbergia lindheimeri,Muhlenbergia lindheimeri,Big Muhly,Clump,Division,Materials listed: Clump. Treatment tags listed: Division. Full propagation instructions are not reproduced in this public dataset; use the linked NPSOT/source pages for complete protocols.,https://www.npsot.org/posts/native-plant/big-muhly/,https://www.picturethisai.com/care/propagate/Muhlenbergia_lindheimeri.html | https://earthone.io/plant/muhlenbergia%20lindheimeri?srsltid=AfmBOoqP1BUmAUyTThAC6DUSDNE6X_xoRR2DzeC3ayVgCqOajPfG-wmK
Bignonia capreolata,Bignonia capreolata,Crossvine,Seed | Softwood,No Treatment | Cutting,Materials listed: Seed | Softwood. Treatment tags listed: No Treatment | Cutting. Full propagation instructions are not reproduced in this public dataset; use the linked NPSOT/source pages for complete protocols.,https://www.npsot.org/posts/native-plant/bignonia-capreolata/,https://www.wildflower.org/plants/result.php?id_plant=BICA | https://piedmontmastergardeners.org/article/crossvine-a-showstopping-native-vine/#:~:text=Crossvine%20may%20be%20grown%20from | https://www.bhg.com/gardening/plant-dictionary/vine/cross-vine/#:~:text=How%20to%20Propagate%20Crossvine%20Via
Bouteloua gracilis,Bouteloua gracilis,Blue Grama,Seed,No Treatment,Materials listed: Seed. Treatment tags listed: No Treatment. Full propagation instructions are not reproduced in this public dataset; use the linked NPSOT/source pages for complete protocols.,https://www.npsot.org/posts/native-plant/blue-grama/,https://www.opnseed.com/products/bouteloua-gracilis-blue-grama#:~:text=Direct%20sow%20seeds%20into%20prepared
Boehmeria cylindrica,Boehmeria cylindrica,Smallspike False Nettle,Stem | Seed | Clump,Cutting | No Treatment | Division,Materials listed: Stem | Seed | Clump. Treatment tags listed: Cutting | No Treatment | Division. Full propagation instructions are not reproduced in this public dataset; use the linked NPSOT/source pages for complete protocols.,https://www.npsot.org/posts/native-plant/boehmeria-cylindrica/,https://www.joyfulbutterfly.com/product/false-nettle/#:~:text=From%20seed:%20start%20indoors%206 | https://pfaf.org/user/Plant.aspx?LatinName=Boehmeria+cylindrica#:~:text=Plant%20Propagation
Boltonia diffusa,Boltonia diffusa,Doll's Daisy,Clump | Seed | Stem,Division | No Treatment | Cutting | Stratification,Materials listed: Clump | Seed | Stem. Treatment tags listed: Division | No Treatment | Cutting | Stratification. Full propagation instructions are not reproduced in this public dataset; use the linked NPSOT/source pages for complete protocols.,https://www.npsot.org/posts/native-plant/boltonia-diffusa/,https://harvesttotable.com/how-to-grow-boltonia/#Boltonia_propagation | http://www.theeyrye.com/boltonia.html | https://www.picturethisai.com/care/propagate/Boltonia_diffusa.html | https://greg.app/boltonia-overview/
Bothriochloa barbinodis,Bothriochloa barbinodis,Cane Bluestem,Seed | Bud,No Treatment | Division | Stratification,Materials listed: Seed | Bud. Treatment tags listed: No Treatment | Division | Stratification. Full propagation instructions are not reproduced in this public dataset; use the linked NPSOT/source pages for complete protocols.,https://www.npsot.org/posts/native-plant/bothriochloa-barbinodis/,https://rngr.net/npn/propagation/protocols/bothriochloa-barbinodis-bothriochloa#:~:text=Propagation%20Collection: | https://propagate.one/how-to-propagate-bothriochloa-barbinodis/
Bothriochloa laguroides,Bothriochloa laguroides,Silver Bluestem,Seed | Clump,No Treatment | Division,Materials listed: Seed | Clump. Treatment tags listed: No Treatment | Division. Full propagation instructions are not reproduced in this public dataset; use the linked NPSOT/source pages for complete protocols.,https://www.npsot.org/posts/native-plant/bothriochloa-laguroides-ssp-torreyana/,https://frontrange.wildones.org/wp-content/images/sites/105/2020/10/Bothriochloa-laguroides-ssp.-torreyana-.pdf | https://propagate.one/how-to-propagate-bothriochloa-laguroides/
Bouteloua curtipendula,Bouteloua curtipendula,Sideoats Grama,Clump | Seed,Division | No Treatment,Materials listed: Clump | Seed. Treatment tags listed: Division | No Treatment. Full propagation instructions are not reproduced in this public dataset; use the linked NPSOT/source pages for complete protocols.,https://www.npsot.org/posts/native-plant/bouteloua-curtipendula/,https://earthone.io/plant/bouteloua%20curtipendula?srsltid=AfmBOoo-JejmFcoo0QnNe3pOSOJ3aPytyyNLOQzJHIruCyVt9ahfTKYR | https://growitbuildit.com/sideoats-grama-bouteloua-curtipendula/ | https://www.wildflower.org/plants/result.php?id_plant=BOCU
Bouteloua eriopoda,Bouteloua eriopoda,Black Grama,Seed | Bud | Cutting,No Treatment | Division | Cutting,Materials listed: Seed | Bud | Cutting. Treatment tags listed: No Treatment | Division | Cutting. Full propagation instructions are not reproduced in this public dataset; use the linked NPSOT/source pages for complete protocols.,https://www.npsot.org/posts/native-plant/bouteloua-eriopoda/,https://greg.app/black-grama-overview/#:~:text=%F0%9F%8C%8D%20Environmental%20Benefits
Bouteloua rigidiseta,Bouteloua rigidiseta,Texas Grama,Clump,Division,Materials listed: Clump. Treatment tags listed: Division. Full propagation instructions are not reproduced in this public dataset; use the linked NPSOT/source pages for complete protocols.,https://www.npsot.org/posts/native-plant/bouteloua-rigidiseta/,https://www.picturethisai.com/care/propagate/Bouteloua_rigidiseta.html
Brickellia eupatorioides,Brickellia eupatorioides,False Boneset,Seed | Stem,No Treatment | Cutting,Materials listed: Seed | Stem. Treatment tags listed: No Treatment | Cutting. Full propagation instructions are not reproduced in this public dataset; use the linked NPSOT/source pages for complete protocols.,https://www.npsot.org/posts/native-plant/brickellia-eupatorioides/,https://propagate.one/how-to-propagate-brickellia-eupatorioides/ | https://www.picturethisai.com/care/Brickellia_eupatorioides.html | https://plantiary.com/plant/brickellia-eupatorioides_4294.html?
Bouteloua dactyloides,Bouteloua dactyloides,Buffalograss,Seed,Stratification | No Treatment,Materials listed: Seed. Treatment tags listed: Stratification | No Treatment. Full propagation instructions are not reproduced in this public dataset; use the linked NPSOT/source pages for complete protocols.,https://www.npsot.org/posts/native-plant/buffalograss/,https://www.wildflower.org/plants/result.php?id_plant=BODA2 | https://www.prairiemoon.com/buchloe-dactyloides-buffalo-grass-cultivar#panel-planting
Andropogon glomeratus,Andropogon glomeratus,Bushy Bluestem,Clump | Seed | Stem,Division | No Treatment | Cutting,Materials listed: Clump | Seed | Stem. Treatment tags listed: Division | No Treatment | Cutting. Full propagation instructions are not reproduced in this public dataset; use the linked NPSOT/source pages for complete protocols.,https://www.npsot.org/posts/native-plant/bushy-bluestem/,https://plants.usda.gov/DocumentLibrary/plantguide/pdf/pg_angl2.pdf | https://www.wildflower.org/plants/result.php?id_plant=ANGL2 | https://propagate.one/how-to-propagate-andropogon-glomeratus/?print=pdf | https://www.gardeningknowhow.com/ornamental/foliage/bushy-beardgrass/what-is-bushy-beardgrass.htm | https://plants.usda.gov/DocumentLibrary/plantguide/pdf/pg_anvi2.pdf | https://mygardenchannel.com/care-guide-to-bushy-bluestem-grass/
Callicarpa americana,Callicarpa americana,American Beautyberry,Seed | Softwood | Hardwood,No Treatment | Stratification | Cutting,Materials listed: Seed | Softwood | Hardwood. Treatment tags listed: No Treatment | Stratification | Cutting. Full propagation instructions are not reproduced in this public dataset; use the linked NPSOT/source pages for complete protocols.,https://www.npsot.org/posts/native-plant/callicarpa-americana/,https://www.epicgardening.com/american-beautyberry/#:~:text=Propagating%20From%20Cuttings | https://www.fnps.org/assets/pdf/pubs/callicarpa_americana_beautyberry.pdf | https://plants.usda.gov/DocumentLibrary/factsheet/pdf/fs_caam2.pdf | https://theplantnative.com/plant/american-beautyberry/#:~:text=Can%20I%20grow%20American%20Beautyberry%20by%20cuttings?
Callirhoe involucrata,Callirhoe involucrata,Winecup,Seed,Scarification | Stratification,Materials listed: Seed. Treatment tags listed: Scarification | Stratification. Full propagation instructions are not reproduced in this public dataset; use the linked NPSOT/source pages for complete protocols.,https://www.npsot.org/posts/native-plant/callirhoe-involucrata/,https://www.wildflower.org/plants/result.php?id_plant=CAIN2 | https://muse.jhu.edu/article/168297#:~:text=Seed%20Propagation | https://growitbuildit.com/callirhoe-involucrata-how-to-grow/#:~:text=Winecup%20Flowers%20needs%20to%20have | https://pfaf.org/user/Plant.aspx?LatinName=Callirhoe+involucrata#:~:text=Plant%20Propagation
Callirhoe leiocarpa,Callirhoe leiocarpa,Tall Poppymallow,Seed,No Treatment | Scarification | Stratification,Materials listed: Seed. Treatment tags listed: No Treatment | Scarification | Stratification. Full propagation instructions are not reproduced in this public dataset; use the linked NPSOT/source pages for complete protocols.,https://www.npsot.org/posts/native-plant/callirhoe-leiocarpa/,https://nativefloraseeds.org/products/wine-cup | https://hort.extension.wisc.edu/articles/winecups-callirhoe-involucrata | https://www.everwilde.com/store/Wine-Cup-Wildflower-Seeds.html#:~:text=HOW%20TO%20GROW
Oenothera berlandieri,Oenothera berlandieri,Sundrops,Seed | Stem,No Treatment | Cutting,Materials listed: Seed | Stem. Treatment tags listed: No Treatment | Cutting. Full propagation instructions are not reproduced in this public dataset; use the linked NPSOT/source pages for complete protocols.,https://www.npsot.org/posts/native-plant/calylophus-berlandieri/,https://www.picturethisai.com/care/propagate/Oenothera_berlandieri.html | https://www.bhg.com/how-to-plant-and-grow-creeping-sundrops-8385437#:~:text=How%20to%20Propagate%20Sundrops
Calyptocarpus vialis,Calyptocarpus vialis,Horseherb,Stem | Seed | Clump,Cutting | No Treatment | Division,Materials listed: Stem | Seed | Clump. Treatment tags listed: Cutting | No Treatment | Division. Full propagation instructions are not reproduced in this public dataset; use the linked NPSOT/source pages for complete protocols.,https://www.npsot.org/posts/native-plant/calyptocarpus-vialis/,https://propagate.one/how-to-propagate-calyptocarpus-vialis/ | https://earthone.io/plant/calyptocarpus%20vialis | https://www.plantanswers.com/Articles/HorseherbOrStragglerDaisy.asp#:~:text=Horseherb%20(Calyptecarpus%20vialis
Campsis radicans,Campsis radicans,Trumpet Creeper Vine,Seed,Stratification,Materials listed: Seed. Treatment tags listed: Stratification. Full propagation instructions are not reproduced in this public dataset; use the linked NPSOT/source pages for complete protocols.,https://www.npsot.org/posts/native-plant/campsis-radicans/,https://www.wildflower.org/plants/result.php?id_plant=CARA2
Capsicum annuum,Capsicum annuum,Chile Pequin,Seed,Scarification | No Treatment,Materials listed: Seed. Treatment tags listed: Scarification | No Treatment. Full propagation instructions are not reproduced in this public dataset; use the linked NPSOT/source pages for complete protocols.,https://www.npsot.org/posts/native-plant/capsicum-annuum/,https://www.picturethisai.com/care/propagate/Capsicum_annuum_var._conoides.html | https://earthone.io/plant/capsicum%20annuum?srsltid=AfmBOopwiyJ5NopHi3f5dyXvaZ2aWP6vqH3PC9D5ZTMPiXBVq36oP3Xo
Carex blanda,Carex blanda,Creek Sedge,Clump | Seed,Division | No Treatment,Materials listed: Clump | Seed. Treatment tags listed: Division | No Treatment. Full propagation instructions are not reproduced in this public dataset; use the linked NPSOT/source pages for complete protocols.,https://www.npsot.org/posts/native-plant/carex-blanda/,https://propagate.one/how-to-propagate-carex-blanda/
Carex brevior,Carex brevior,Short-beak Sedge,Seed,No Treatment | Stratification,Materials listed: Seed. Treatment tags listed: No Treatment | Stratification. Full propagation instructions are not reproduced in this public dataset; use the linked NPSOT/source pages for complete protocols.,https://www.npsot.org/posts/native-plant/carex-brevior/,https://www.everwilde.com/store/Carex-brevior-Seed.html | https://www.fellabees.com/shop/p/r3fdxulqv6erhczfxbeg066pg9x19t | https://www.bluestemnatives.com/product-page/seeds-carex-brevior-shortbeak-sedge
Carex cherokeensis,Carex cherokeensis,Cherokee Sedge,Seed,Stratification,Materials listed: Seed. Treatment tags listed: Stratification. Full propagation instructions are not reproduced in this public dataset; use the linked NPSOT/source pages for complete protocols.,https://www.npsot.org/posts/native-plant/carex-cherokeensis/,https://www.nrcs.usda.gov/plantmaterials/wvpmcmt9842.pdf
Carex crus-corvi,Carex crus-corvi,Ravensfoot Sedge,Seed | Clump,Stratification | Division,Materials listed: Seed | Clump. Treatment tags listed: Stratification | Division. Full propagation instructions are not reproduced in this public dataset; use the linked NPSOT/source pages for complete protocols.,https://www.npsot.org/posts/native-plant/carex-crus-corvi/,https://www.prairiemoon.com/PDF/Germination-Codes-and-Seed-Starting-Basics-Brochure.pdf | https://www.prairiemoon.com/carex-crus-corvi-crowfoot-fox-sedge#panel-planting | https://www.picturethisai.com/wiki/Carex_crus-corvi.html
Carex emoryi,Carex emoryi,Emory Sedge,Clump | Seed | Stem | Rhizome,Division | No Treatment | Cutting,Materials listed: Clump | Seed | Stem | Rhizome. Treatment tags listed: Division | No Treatment | Cutting. Full propagation instructions are not reproduced in this public dataset; use the linked NPSOT/source pages for complete protocols.,https://www.npsot.org/posts/native-plant/carex-emoryi/,https://www.picturethisai.com/care/propagate/Carex_emoryi.html | https://greg.app/emorys-sedge-overview/ | https://www.botanikks.com/plants/carex-emoryi-dewey/539285/1 | https://plantiary.com/plant/carex-emoryi_4682.html
Carex leavenworthii,Carex leavenworthii,Leavenworth's Sedge,Seed | Clump | Stem,No Treatment | Division | Cutting,Materials listed: Seed | Clump | Stem. Treatment tags listed: No Treatment | Division | Cutting. Full propagation instructions are not reproduced in this public dataset; use the linked NPSOT/source pages for complete protocols.,https://www.npsot.org/posts/native-plant/carex-leavenworthii/,https://greg.app/leavenworths-sedge-overview/
Rosa carolina,Rosa carolina,Carolina Rose,Seed,Stratification,Materials listed: Seed. Treatment tags listed: Stratification. Full propagation instructions are not reproduced in this public dataset; use the linked NPSOT/source pages for complete protocols.,https://www.npsot.org/posts/native-plant/carolina-rose/,https://www.wildflower.org/plants/result.php?id_plant=ROCA4
Carya illinoinensis,Carya illinoinensis,Pecan,Seed | Softwood,Stratification | Cutting,Materials listed: Seed | Softwood. Treatment tags listed: Stratification | Cutting. Full propagation instructions are not reproduced in this public dataset; use the linked NPSOT/source pages for complete protocols.,https://www.npsot.org/posts/native-plant/carya-illinoinensis/,https://plants.usda.gov/DocumentLibrary/plantguide/pdf/pg_cail2.pdf | https://hort.ifas.ufl.edu/database/lppi/sp070.shtml#:~:text=Time%20of%20year%20to%20graft | https://hort.ifas.ufl.edu/database/lppi/sp070.shtml | https://www.times-gazette.com/story/lifestyle/2019/04/29/a-stroll-through-garden-starting/5316186007/
Castilleja indivisa,Castilleja indivisa,Indian Paintbrush,Seed,No Treatment,Materials listed: Seed. Treatment tags listed: No Treatment. Full propagation instructions are not reproduced in this public dataset; use the linked NPSOT/source pages for complete protocols.,https://www.npsot.org/posts/native-plant/castilleja-indivisa/,https://www.texasbluebonnetseeds.com/paintbrush.htm | https://earthone.io/plant/castilleja%20indivisa | https://muse.jhu.edu/pub/3/article/181532/pdf
Castilleja purpurea,Castilleja purpurea,Prairie Paintbrush,Seed,No Treatment | Stratification,Materials listed: Seed. Treatment tags listed: No Treatment | Stratification. Full propagation instructions are not reproduced in this public dataset; use the linked NPSOT/source pages for complete protocols.,https://www.npsot.org/posts/native-plant/castilleja-purpurea/,https://www.picturethisai.com/wiki/Castilleja_purpurea.html | https://www.picturethisai.com/care/propagate/Castilleja_purpurea.html
Ceanothus herbaceus,Ceanothus herbaceus,Redroot,Seed | Stem,No Treatment | Cutting,Materials listed: Seed | Stem. Treatment tags listed: No Treatment | Cutting. Full propagation instructions are not reproduced in this public dataset; use the linked NPSOT/source pages for complete protocols.,https://www.npsot.org/posts/native-plant/ceanothus-herbaceus/,https://earthone.io/plant/ceanothus%20herbaceus
Carex planostachys,Carex planostachys,Cedar Sedge,Seed,No Treatment,Materials listed: Seed. Treatment tags listed: No Treatment. Full propagation instructions are not reproduced in this public dataset; use the linked NPSOT/source pages for complete protocols.,https://www.npsot.org/posts/native-plant/cedar-sedge/,https://www.nrcs.usda.gov/plantmaterials/orpmcmt9962.pdf
Celtis pallida,Celtis pallida,Spiny Hackberry,Seed | Seedling,Stratification | Scarification,Materials listed: Seed | Seedling. Treatment tags listed: Stratification | Scarification. Full propagation instructions are not reproduced in this public dataset; use the linked NPSOT/source pages for complete protocols.,https://www.npsot.org/posts/native-plant/celtis-ehrenbergiana/,https://pfaf.org/user/Plant.aspx?LatinName=Celtis+pallida#:~:text=Plant%20Propagation | https://apps.cals.arizona.edu/arboretum/taxon.aspx?id=1065 | https://www.ckwri.tamuk.edu/plant/granjeno
Celtis laevigata,Celtis laevigata,Hackberry,Seed | Stem,Stratification | Cutting,Materials listed: Seed | Stem. Treatment tags listed: Stratification | Cutting. Full propagation instructions are not reproduced in this public dataset; use the linked NPSOT/source pages for complete protocols.,https://www.npsot.org/posts/native-plant/celtis-laevigata/,https://www.wildflower.org/plants/result.php?id_plant=CELA | https://www.srs.fs.usda.gov/pubs/misc/ag_654/volume_2/celtis/laevigata.htm#:~:text=Seeds%20should%20be%20stratified%20in | https://courses.washington.edu/esrm412/protocols/2011/CELA.pdf
Celtis reticulata,Celtis reticulata,Netleaf Hackberry,Seed | Softwood,Stratification | Cutting,Materials listed: Seed | Softwood. Treatment tags listed: Stratification | Cutting. Full propagation instructions are not reproduced in this public dataset; use the linked NPSOT/source pages for complete protocols.,https://www.npsot.org/posts/native-plant/celtis-reticulata/,https://rngr.net/npn/propagation/protocols/celtis-ehrenbergiana-celtis#:~:text=Foothills%20and%20mesas%201%2C500%2D3%2C000 | https://harvesttotable.com/how-to-grow-celtis-hackberry/#:~:text=Where%20to%20plant%20Celtis%20%E2%80%93%20Hackberry%20* | https://www.gardenia.net/plant/celtis-occidentalis#:~:text=Propagation%20by%20Cuttings
Plectocephalus americanus,Plectocephalus americanus,American Basketflower,Seed | Stem,No Treatment | Cutting,Materials listed: Seed | Stem. Treatment tags listed: No Treatment | Cutting. Full propagation instructions are not reproduced in this public dataset; use the linked NPSOT/source pages for complete protocols.,https://www.npsot.org/posts/native-plant/centaurea-americana/,https://www.picturethisai.com/care/propagate/Plectocephalus_americanus.html | https://www.rareseeds.com/blog/post/how-to-grow-basketflower-seeds?srsltid=AfmBOorAcfkS1E03MiEt8HYkZdnLEZY8a57Mr6Q_nZtzfF3U7Q5M6IrG | https://propagate.one/how-to-propagate-plectocephalus-americanus/
Centrosema virginianum,Centrosema virginianum,Spurred Butterfly Pea,Seed | Stem,Scarification | Cutting,Materials listed: Seed | Stem. Treatment tags listed: Scarification | Cutting. Full propagation instructions are not reproduced in this public dataset; use the linked NPSOT/source pages for complete protocols.,https://www.npsot.org/posts/native-plant/centrosema-virginianum/,https://practicalplants.org/wiki/centrosema_virginianum/#:~:text=Propagation | https://www.picturethisai.com/wiki/Centrosema_virginianum.html | https://earthone.io/zh/plant/centrosema%20virginianum
Cephalanthus occidentalis,Cephalanthus occidentalis,Buttonbush,Seed | Stem,No Treatment | Cutting,Materials listed: Seed | Stem. Treatment tags listed: No Treatment | Cutting. Full propagation instructions are not reproduced in this public dataset; use the linked NPSOT/source pages for complete protocols.,https://www.npsot.org/posts/native-plant/cephalanthus-occidentalis/,https://www.growveg.com/plants/us-and-canada/how-to-grow-buttonbush/#:~:text=Buttonbush%20can%20be%20started%20from | https://www.thespruce.com/buttonbush-growing-guide-5323850#:~:text=Propagating%20Buttonbush
Ceratophyllum demersum,Ceratophyllum demersum,Coontail,Stem,Cutting,Materials listed: Stem. Treatment tags listed: Cutting. Full propagation instructions are not reproduced in this public dataset; use the linked NPSOT/source pages for complete protocols.,https://www.npsot.org/posts/native-plant/ceratophyllum-demersum/,https://en.aqua-fish.net/plants/ceratophyllum-demersum# | https://dnr.maryland.gov/waters/bay/documents/sav/coontail.pdf
Cercis canadensis var. canadensis,Cercis canadensis var. canadensis,Eastern Redbud,Seed | Hardwood,Stratification | Cutting,Materials listed: Seed | Hardwood. Treatment tags listed: Stratification | Cutting. Full propagation instructions are not reproduced in this public dataset; use the linked NPSOT/source pages for complete protocols.,https://www.npsot.org/posts/native-plant/cercis-canadensis-var-canadensis/,https://greg.app/propagate-eastern-redbud/ | https://www.wildflower.org/expert/show.php?id=4357&frontpage=true
Cercis canadensis var. texensis,Cercis canadensis var. texensis,Texas Redbud,Stem | Seed,Cutting | No Treatment,Materials listed: Stem | Seed. Treatment tags listed: Cutting | No Treatment. Full propagation instructions are not reproduced in this public dataset; use the linked NPSOT/source pages for complete protocols.,https://www.npsot.org/posts/native-plant/cercis-canadensis-var-texensis/,https://www.picturethisai.com/care/propagate/Cercis_canadensis_var._texensis.html | https://www.rhs.org.uk/plants/309065/cercis-canadensis-var-texensis-texas-white/details | https://www.wildflower.org/plants/result.php?id_plant=CECAT
Cercocarpus montanus,Cercocarpus montanus,Mountain Mahogany,Seed,Scarification | Stratification,Materials listed: Seed. Treatment tags listed: Scarification | Stratification. Full propagation instructions are not reproduced in this public dataset; use the linked NPSOT/source pages for complete protocols.,https://www.npsot.org/posts/native-plant/cercocarpus-montanus/,https://www.wildflower.org/plants/result.php?id_plant=CEMO2
Chamaecrista fasciculata,Chamaecrista fasciculata,Partridge Pea,Seed | Root | Stem,No Treatment | Scarification | Division | Cutting,Materials listed: Seed | Root | Stem. Treatment tags listed: No Treatment | Scarification | Division | Cutting. Full propagation instructions are not reproduced in this public dataset; use the linked NPSOT/source pages for complete protocols.,https://www.npsot.org/posts/native-plant/chamaecrista-fasciculata/,https://seedsource.com/partridge-pea/ | https://npn.rngr.net/renderNPNProtocolDetails?selectedProtocolIds=fabaceae-chamaecrista-1297 | https://nativefloraseeds.org/products/partridge-pea | https://propagate.one/how-to-propagate-chamaecrista-fasciculata/ | https://greg.app/propagate-partridge-pea/#:~:text=Harvesting%20Partridge%20Pea%20seeds%20at
Chaptalia texana,Chaptalia texana,Texas Silverpuff,Clump | Stem,Division | Cutting,Materials listed: Clump | Stem. Treatment tags listed: Division | Cutting. Full propagation instructions are not reproduced in this public dataset; use the linked NPSOT/source pages for complete protocols.,https://www.npsot.org/posts/native-plant/chaptalia-texana/,https://earthone.io/plant/chaptalia%20texana?srsltid=AfmBOooq630Q_hxUbdpDd17Tmjw6CI57wIUHdtL4IjJ_mnJsbJFKyskH | https://www.picturethisai.com/wiki/Chaptalia_texana.html
Chasmanthium latifolium,Chasmanthium latifolium,Inland Sea Oats,Seed | Clump,No Treatment | Scarification | Division,Materials listed: Seed | Clump. Treatment tags listed: No Treatment | Scarification | Division. Full propagation instructions are not reproduced in this public dataset; use the linked NPSOT/source pages for complete protocols.,https://www.npsot.org/posts/native-plant/chasmanthium-latifolium/,https://wwhttps://www.wildflowerfarm.com/chasmanthium-latifolium-northern-sea-oats.html#:~:text=Plant%20seed%200.64%20cm%20(1 | https://mowildflowers.net/chasmanthium-latifolium--river-oats-/#:~:text=Seed:%20Best%20germination%20can%20be
Cheilanthes alabamensis,Cheilanthes alabamensis,Alabama Lipfern,Rhizome | Spores,Division | No Treatment,Materials listed: Rhizome | Spores. Treatment tags listed: Division | No Treatment. Full propagation instructions are not reproduced in this public dataset; use the linked NPSOT/source pages for complete protocols.,https://www.npsot.org/posts/native-plant/cheilanthes-alabamensis/,https://greg.app/alabama-lip-fern-overview/
Chilopsis linearis,Chilopsis linearis,Desert Willow,Seed | Softwood,No Treatment | Cutting,Materials listed: Seed | Softwood. Treatment tags listed: No Treatment | Cutting. Full propagation instructions are not reproduced in this public dataset; use the linked NPSOT/source pages for complete protocols.,https://www.npsot.org/posts/native-plant/chilopsis-linearis/,https://legacylandscaper.com/desert-willow-chilopsis-linearis/#:~:text=How%20to%20Propagate%20Desert%20Willow | https://www.wildflower.org/plants/result.php?id_plant=CHLI2 | https://plants.usda.gov/DocumentLibrary/plantguide/pdf/pg_chli2.pdf | https://johndenson.com/desert-willow-chilopsis-linearis/#:~:text=Growing%20Desert%20Willows%20from%20Seed | https://www.thespruce.com/desert-willow-growing-guide-5210875#:~:text=Propagating%20desert%20willow%20by%20seed%20is%20the%20preferred%20and%20easiest
Chrysactinia mexicana,Chrysactinia mexicana,Damianita,Seed,No Treatment,Materials listed: Seed. Treatment tags listed: No Treatment. Full propagation instructions are not reproduced in this public dataset; use the linked NPSOT/source pages for complete protocols.,https://www.npsot.org/posts/native-plant/chrysactinia-mexicana/,https://www.wildflower.org/plants/result.php?id_plant=CHME3
Cirsium texanum,Cirsium texanum,Texas Thistle,Seed | Root,No Treatment | Division,Materials listed: Seed | Root. Treatment tags listed: No Treatment | Division. Full propagation instructions are not reproduced in this public dataset; use the linked NPSOT/source pages for complete protocols.,https://www.npsot.org/posts/native-plant/cirsium-texanum/,https://earthone.io/plant/cirsium%20texanum | https://seedsource.com/texas-thistle/
Cissus trifoliata,Cissus trifoliata,Sorrelvine,Stem,Cutting,Materials listed: Stem. Treatment tags listed: Cutting. Full propagation instructions are not reproduced in this public dataset; use the linked NPSOT/source pages for complete protocols.,https://www.npsot.org/posts/native-plant/cissus-trifoliata/,https://www.picturethisai.com/wiki/Cissus_trifoliata.html
Clematis crispa,Clematis crispa,Swamp Leatherflower,Seed,Stratification,Materials listed: Seed. Treatment tags listed: Stratification. Full propagation instructions are not reproduced in this public dataset; use the linked NPSOT/source pages for complete protocols.,https://www.npsot.org/posts/native-plant/clematis-crispa/,https://www.wildflower.org/plants/result.php?id_plant=CLCR
Clematis drummondii,Clematis drummondii,Texas Virgin's Bower,Seed | Stem,Stratification | Scarification | Cutting,Materials listed: Seed | Stem. Treatment tags listed: Stratification | Scarification | Cutting. Full propagation instructions are not reproduced in this public dataset; use the linked NPSOT/source pages for complete protocols.,https://www.npsot.org/posts/native-plant/clematis-drummondii/,https://npn.rngr.net/renderNPNProtocolDetails?selectedProtocolIds=clematis-drummondii-clematis | https://www.borderlandsplants.org/product-page/old-man-s-beard-seed-clematis-drummondii | https://www.wildflower.org/plants/result.php?id_plant=CLDR
Clematis pitcheri,Clematis pitcheri,Purple Leatherflower,Seed,Stratification,Materials listed: Seed. Treatment tags listed: Stratification. Full propagation instructions are not reproduced in this public dataset; use the linked NPSOT/source pages for complete protocols.,https://www.npsot.org/posts/native-plant/clematis-pitcheri/,https://www.wildflower.org/plants/result.php?id_plant=CLPI
Clematis texensis,Clematis texensis,Scarlet Leatherflower,Seed | Stem,Scarification | Stratification | Cutting | Layering,Materials listed: Seed | Stem. Treatment tags listed: Scarification | Stratification | Cutting | Layering. Full propagation instructions are not reproduced in this public dataset; use the linked NPSOT/source pages for complete protocols.,https://www.npsot.org/posts/native-plant/clematis-texensis/,https://www.picturethisai.com/care/propagate/Clematis_texensis.html | https://gonzalesmastergardeners.org/uploads/7/2/5/4/72540621/clematis_texensis.pdf | https://plantiary.com/plant/clematis-texensis_6341.html | https://plantingo.com/plant-care-guide/clematis-texensis-buckley/3579
Cocculus carolinus,Cocculus carolinus,Carolina Snailseed,Stem | Seed,Cutting | Stratification,Materials listed: Stem | Seed. Treatment tags listed: Cutting | Stratification. Full propagation instructions are not reproduced in this public dataset; use the linked NPSOT/source pages for complete protocols.,https://www.npsot.org/posts/native-plant/cocculus-carolinus/,https://propagate.one/how-to-propagate-cocculus-carolinus/ | https://worldplants.ca/display.php?id=9677# | https://plants.ces.ncsu.edu/plants/cocculus-carolinus/ | https://www.gardeningknowhow.com/ornamental/vines/moonseed-vine/growing-carolina-moonseed-for-birds.htm
Colubrina texensis,Colubrina texensis,Texas Hog Plum,Seed | Semi-harwood,Stratification | Cutting,Materials listed: Seed | Semi-harwood. Treatment tags listed: Stratification | Cutting. Full propagation instructions are not reproduced in this public dataset; use the linked NPSOT/source pages for complete protocols.,https://www.npsot.org/posts/native-plant/colubrina-texensis/,https://www.wildflower.org/plants/result.php?id_plant=COTE6 | https://www.picturethisai.com/care/propagate/Colubrina_texensis.html
Commelina erecta,Commelina erecta,Dayflower,Seed | Stem,No Treatment | Cutting,Materials listed: Seed | Stem. Treatment tags listed: No Treatment | Cutting. Full propagation instructions are not reproduced in this public dataset; use the linked NPSOT/source pages for complete protocols.,https://www.npsot.org/posts/native-plant/commelina-erecta/,https://propagate.one/how-to-propagate-commelina-erecta/ | https://www.gardenia.net/plant/commelina-erecta#:~:text=Virtually%20pest%20and%20disease%20free | https://sharonsflorida.com/plants-page/native-wildflowers/whitemouth-dayflower/#:~:text=Propagation
Commelina virginica,Commelina virginica,Virginia Dayflower,Seed | Clump | Stem,No Treatment | Division | Cutting | Stratification,Materials listed: Seed | Clump | Stem. Treatment tags listed: No Treatment | Division | Cutting | Stratification. Full propagation instructions are not reproduced in this public dataset; use the linked NPSOT/source pages for complete protocols.,https://www.npsot.org/posts/native-plant/commelina-virginica/,https://pfaf.org/user/Plant.aspx?LatinName=Commelina+virginica#:~:text=Plant%20Propagation | https://www.picturethisai.com/care/Commelina_virginica.html#:~:text=How%20to%20Propagate%20Virginia%20dayflower?&text=Virginia%20dayflower%20is%20a%20vibrant | https://propagate.one/how-to-propagate-commelina-virginica/ | https://www.hungryhookfarm.com/product/seeds-commelina-virginica/285
Condalia hookeri,Condalia hookeri,Bluewood Condalia,Semi-harwood | Seed,Cutting | Scarification,Materials listed: Semi-harwood | Seed. Treatment tags listed: Cutting | Scarification. Full propagation instructions are not reproduced in this public dataset; use the linked NPSOT/source pages for complete protocols.,https://www.npsot.org/posts/native-plant/condalia-hookeri/,https://propagate.one/how-to-propagate-condalia-hookeri/
Conoclinium coelestinum,Conoclinium coelestinum,Blue Mistflower,Seed | Stem | Clump,Stratification | Cutting | Division | No Treatment,Materials listed: Seed | Stem | Clump. Treatment tags listed: Stratification | Cutting | Division | No Treatment. Full propagation instructions are not reproduced in this public dataset; use the linked NPSOT/source pages for complete protocols.,https://www.npsot.org/posts/native-plant/conoclinium-coelestinum/,https://www.epicgardening.com/blue-mistflower/ | https://www.joyfulbutterfly.com/product/blue-mistflower-seeds-conoclinium-coelestinum/#:~:text=How%20to%20Start%20Blue%20Mistflower | https://www.picturethisai.com/care/propagate/Conoclinium_coelestinum.html#:~:text=A%20sharp%20knife%20or%20pruning | https://longleafpine.fnpschapters.org/data/uploads/propagation-manual-for-fl-panhandle-native-plants/conoclinum-coelestinum.pdf
Coreopsis basalis,Coreopsis basalis,Golden Tickseed,Seed,No Treatment,Materials listed: Seed. Treatment tags listed: No Treatment. Full propagation instructions are not reproduced in this public dataset; use the linked NPSOT/source pages for complete protocols.,https://www.npsot.org/posts/native-plant/coreopsis-basalis/,https://seedsource.com/golden-wave/
Coreopsis grandiflora,Coreopsis grandiflora,Common Coreopsis,Clump | Seed | Stem | Root,Division | No Treatment | Cutting | Stratification,Materials listed: Clump | Seed | Stem | Root. Treatment tags listed: Division | No Treatment | Cutting | Stratification. Full propagation instructions are not reproduced in this public dataset; use the linked NPSOT/source pages for complete protocols.,https://www.npsot.org/posts/native-plant/coreopsis-grandiflora/,https://greg.app/propagate-coreopsis-grandiflora/ | https://propagate.one/how-to-propagate-coreopsis-grandiflora/ | https://whitwamorganics.com/products/large-flowered-tickseed-coreopsis-grandiflora#:~:text=Coreopsis%20needs%20regular%20watering%20throughout
Coreopsis lanceolata,Coreopsis lanceolata,Lanceleaf Coreopsis,Bud | Seed | Softwood,Division | No Treatment | Cutting | Stratification,Materials listed: Bud | Seed | Softwood. Treatment tags listed: Division | No Treatment | Cutting | Stratification. Full propagation instructions are not reproduced in this public dataset; use the linked NPSOT/source pages for complete protocols.,https://www.npsot.org/posts/native-plant/coreopsis-lanceolata/,https://www.wildflower.org/plants/result.php?id_plant=COLA5 | https://www.thespruce.com/coreopsis-lanceolata-7255292#:~:text=After%20two%20to%20three%20years | https://edis.ifas.ufl.edu/publication/EP058 | https://www.fnps.org/assets/pdf/pubs/coreopsis_lanceolata_lanceleaftickseed_3_0.pdf | https://brightlanegardens.com/native-plants/plant-glossary/native-perennials/lanceleaf-coreopsis-coreopsis-lanceolata/
Coreopsis tinctoria,Coreopsis tinctoria,Plains Coreopsis,Seed | Clump | Stem,No Treatment | Division | Cutting,Materials listed: Seed | Clump | Stem. Treatment tags listed: No Treatment | Division | Cutting. Full propagation instructions are not reproduced in this public dataset; use the linked NPSOT/source pages for complete protocols.,https://www.npsot.org/posts/native-plant/coreopsis-tinctoria/,https://www.bhg.com/gardening/plant-dictionary/perennial/coreopsis/#:~:text=How%20to%20Propagate%20Coreopsis | https://www.wildflower.org/plants/result.php?id_plant=COTI3 | https://www.ugaoo.com/blogs/gardening-basics/how-to-grow-coreopsis-plant
Cornus drummondii,Cornus drummondii,Roughleaf Dogwood,Seed | Semi-harwood,Stratification | Cutting,Materials listed: Seed | Semi-harwood. Treatment tags listed: Stratification | Cutting. Full propagation instructions are not reproduced in this public dataset; use the linked NPSOT/source pages for complete protocols.,https://www.npsot.org/posts/native-plant/cornus-drummondii/,https://www.wildflower.org/plants/result.php?id_plant=CODR | https://propagate.one/how-to-propagate-cornus-drummondii/ | https://www.picturethisai.com/care/propagate/Cornus_drummondii.html
Corydalis curvisiliqua,Corydalis curvisiliqua,Curvepod,Seed | Stem | Clump,Stratification | Cutting | Division,Materials listed: Seed | Stem | Clump. Treatment tags listed: Stratification | Cutting | Division. Full propagation instructions are not reproduced in this public dataset; use the linked NPSOT/source pages for complete protocols.,https://www.npsot.org/posts/native-plant/corydalis-curvisiliqua/,https://www.illinoiswildflowers.info/prairie/plantx/lb_corydalis.htm | https://seedsource.com/scrambled-eggs/ | https://www.forwardplant.com/plant-info/corydalis-curvisiliqua/
Cotinus obovatus,Cotinus obovatus,American Smoketree,Seed | Semi-harwood,No Treatment | Scarification | Stratification | Cutting,Materials listed: Seed | Semi-harwood. Treatment tags listed: No Treatment | Scarification | Stratification | Cutting. Full propagation instructions are not reproduced in this public dataset; use the linked NPSOT/source pages for complete protocols.,https://www.npsot.org/posts/native-plant/cotinus-obovatus/,https://www.wildflower.org/plants/result.php?id_plant=COOB2 | https://www.gardeningknowhow.com/ornamental/trees/smoke-tree/smoke-tree-propagation-methods.htm
Crataegus crus-galli,Crataegus crus-galli,Cockspur Hawthorn,Seed | Softwood,Stratification | Cutting | Scarification | No Treatment,Materials listed: Seed | Softwood. Treatment tags listed: Stratification | Cutting | Scarification | No Treatment. Full propagation instructions are not reproduced in this public dataset; use the linked NPSOT/source pages for complete protocols.,https://www.npsot.org/posts/native-plant/crataegus-crus-galli/,https://pfaf.org/user/Plant.aspx?LatinName=Crataegus+crus-galli#:~:text=Plant%20Propagation&text=Stored%20seed%20can%20be%20very | https://www.picturethisai.com/care/propagate/Crataegus_crus-galli.html | https://earthone.io/plant/crataegus%20crus-galli
Crataegus viridis,Crataegus viridis,Green Hawthorn,Semi-harwood,Cutting,Materials listed: Semi-harwood. Treatment tags listed: Cutting. Full propagation instructions are not reproduced in this public dataset; use the linked NPSOT/source pages for complete protocols.,https://www.npsot.org/posts/native-plant/crataegus-viridis/,https://www.picturethisai.com/care/propagate/Crataegus_viridis.html | https://npn.rngr.net/renderNPNProtocolDetails?selectedProtocolIds=rosaceae-crataegus-1220
Croton capitatus,Croton capitatus,Texas Goatweed,Seed,No Treatment,Materials listed: Seed. Treatment tags listed: No Treatment. Full propagation instructions are not reproduced in this public dataset; use the linked NPSOT/source pages for complete protocols.,https://www.npsot.org/posts/native-plant/croton-capitatus/,https://earthone.io/plant/croton%20capitatus?srsltid=AfmBOooneGgcx48X7zvpGgkqmX_UaEUn6KAkdFwnCW8wj0oUhLfV6a7i
Croton fruticulosus,Croton fruticulosus,Bush Croton,Stem | Seed | Semi-harwood,Cutting | No Treatment,Materials listed: Stem | Seed | Semi-harwood. Treatment tags listed: Cutting | No Treatment. Full propagation instructions are not reproduced in this public dataset; use the linked NPSOT/source pages for complete protocols.,https://www.npsot.org/posts/native-plant/croton-fruticulosus/,https://greg.app/bush-croton-overview/#:~:text=Propagating%20with%20Cuttings | https://www.picturethisai.com/care/propagate/Croton_fruticulosus.html
Cucurbita foetidissima,Cucurbita foetidissima,Buffalo Gourd,Stem | Seed | Bud,No Treatment | Division,Materials listed: Stem | Seed | Bud. Treatment tags listed: No Treatment | Division. Full propagation instructions are not reproduced in this public dataset; use the linked NPSOT/source pages for complete protocols.,https://www.npsot.org/posts/native-plant/cucurbita-foetidissima/,https://cucurbit.info/1978/07/the-versatility-of-the-feral-buffalo-gourd-cucurbita-foetidissima-hbk/#:~:text=It%20has%20developed%20a%20highly | https://en.wikipedia.org/wiki/Cucurbita_foetidissima#:~:text=Germination%20temperature%20range%20is%20between | https://pfaf.org/user/Plant.aspx?LatinName=Cucurbita+foetidissima#:~:text=Plant%20Propagation | https://seedsource.com/buffalo-gourd/ | https://greg.app/propagate-buffalo-gourd/
Cylindropuntia imbricata,Cylindropuntia imbricata,Cholla,Stem | Seed,Cutting | No Treatment,Materials listed: Stem | Seed. Treatment tags listed: Cutting | No Treatment. Full propagation instructions are not reproduced in this public dataset; use the linked NPSOT/source pages for complete protocols.,https://www.npsot.org/posts/native-plant/cylindropuntia-imbricata/,https://davesgarden.com/guides/pf/go/66650
Cylindropuntia leptocaulis,Cylindropuntia leptocaulis,Christmas Cactus,Seed,No Treatment,Materials listed: Seed. Treatment tags listed: No Treatment. Full propagation instructions are not reproduced in this public dataset; use the linked NPSOT/source pages for complete protocols.,https://www.npsot.org/posts/native-plant/cylindropuntia-leptocaulis/,https://temperate.theferns.info/plant/Cylindropuntia+leptocaulis#:~:text=Seed%20%2D%20sow%20early%20spring%20in
Cynanchum laeve,Cynanchum laeve,Honeyvine,Stem | Seed,Cutting | Stratification,Materials listed: Stem | Seed. Treatment tags listed: Cutting | Stratification. Full propagation instructions are not reproduced in this public dataset; use the linked NPSOT/source pages for complete protocols.,https://www.npsot.org/posts/native-plant/cynanchum-laeve/,https://plantiary.com/plant/cynanchum-laeve_1225.html | https://plantflowerseeds.com/products/cynanchum-laeve-honeyvine-sandvine-climbing-milkweed-10-seeds#:~:text=Only%2048%20items%20in%20stock
Cynanchum racemosum,Cynanchum racemosum,Talayote,Stem,Cutting,Materials listed: Stem. Treatment tags listed: Cutting. Full propagation instructions are not reproduced in this public dataset; use the linked NPSOT/source pages for complete protocols.,https://www.npsot.org/posts/native-plant/cynanchum-racemosum/,https://www.picturethisai.com/wiki/Cynanchum_racemosum.html
Dalea aurea,Dalea aurea,Golden Dalea,Seed | Stem,Scarification | Cutting,Materials listed: Seed | Stem. Treatment tags listed: Scarification | Cutting. Full propagation instructions are not reproduced in this public dataset; use the linked NPSOT/source pages for complete protocols.,https://www.npsot.org/posts/native-plant/dalea-aurea/,https://temperate.theferns.info/plant/Dalea+aurea#:~:text=Propagation | https://davesgarden.com/guides/pf/go/68331 | https://www.picturethisai.com/care/propagate/Dalea_aurea.html
Dalea candida,Dalea candida,White Prairie Clover,Seed,Scarification,Materials listed: Seed. Treatment tags listed: Scarification. Full propagation instructions are not reproduced in this public dataset; use the linked NPSOT/source pages for complete protocols.,https://www.npsot.org/posts/native-plant/dalea-candida/,https://pfaf.org/user/Plant.aspx?LatinName=Dalea+candida+oligophylla#:~:text=Plant%20Propagation | https://www.outsidepride.com/seed/clover-seed/white-prairie-clover-seed.html
Dalea compacta,Dalea compacta,Compact Prairie Clover,Seed | Stem,Scarification | Cutting,Materials listed: Seed | Stem. Treatment tags listed: Scarification | Cutting. Full propagation instructions are not reproduced in this public dataset; use the linked NPSOT/source pages for complete protocols.,https://www.npsot.org/posts/native-plant/dalea-compacta/,https://temperate.theferns.info/plant/Dalea+compacta#:~:text=Propagation | https://www.picturethisai.com/wiki/Dalea_compacta.html#:~:text=Care%20Guide%20for%20Compact%20prairie%20clover&text=It%20thrives%20with%20deep%2C%20infrequent | https://plantiary.com/plant/dalea-compacta_19380.html#:~:text=Propagation:%20You%20can%20propagate%20Dalea%20Compacta%20through
Dalea formosa,Dalea formosa,Feather Dalea,Seed | Stem | Semi-harwood | Softwood,No Treatment | Cutting | Scarification | Layering,Materials listed: Seed | Stem | Semi-harwood | Softwood. Treatment tags listed: No Treatment | Cutting | Scarification | Layering. Full propagation instructions are not reproduced in this public dataset; use the linked NPSOT/source pages for complete protocols.,https://www.npsot.org/posts/native-plant/dalea-formosa/,https://earthone.io/plant/dalea%20formosa | https://temperate.theferns.info/plant/Dalea+formosa#:~:text=Propagation | https://www.gardenia.net/plant/dalea-formosa-indigobush-grow-care-guide#:~:text=Sow%20in%20a%20well%20drained | https://propagate.one/how-to-propagate-dalea-formosa/
Dalea frutescens,Dalea frutescens,Black Dalea,Seed | Softwood | Clump,Scarification | Cutting | Division,Materials listed: Seed | Softwood | Clump. Treatment tags listed: Scarification | Cutting | Division. Full propagation instructions are not reproduced in this public dataset; use the linked NPSOT/source pages for complete protocols.,https://www.npsot.org/posts/native-plant/dalea-frutescens/,https://www.picturethisai.com/care/propagate/Dalea_lasiathera.html | https://legacylandscaper.com/black-dalea-dalea-frutescens/#:~:text=Propagates%20by%20seeds%20and%20occasionally
Dasylirion texanum,Dasylirion texanum,Texas Sotol,Seed | Stem | Offshoots,No Treatment | Cutting | Division,Materials listed: Seed | Stem | Offshoots. Treatment tags listed: No Treatment | Cutting | Division. Full propagation instructions are not reproduced in this public dataset; use the linked NPSOT/source pages for complete protocols.,https://www.npsot.org/posts/native-plant/dasylirion-texanum/,https://www.picturethisai.com/wiki/Dasylirion_texanum.html | https://temperate.theferns.info/plant/Dasylirion+texanum#:~:text=Seed%20%2D%20sow%20spring%20in%20a | https://earthone.io/plant/dasylirion%20texanum?srsltid=AfmBOopemcMIKrrhesxxBLfhtMVbgdtI_wglnazkcVwFVnEEeF42lmBG | https://www.picturethisai.com/care/propagate/Dasylirion_texanum.html#:~:text=Texas%20Sotol%20is%20a%20resilient
Datura wrightii,Datura wrightii,Angel Trumpet,Bud | Stem,Scarification | Cutting,Materials listed: Bud | Stem. Treatment tags listed: Scarification | Cutting. Full propagation instructions are not reproduced in this public dataset; use the linked NPSOT/source pages for complete protocols.,https://www.npsot.org/posts/native-plant/datura-wrightii/,https://extension.arizona.edu/sites/extension.arizona.edu/files/barnesm/SacredDatura.pdf | https://calscape.org/Datura-wrightii-(Sacred-Datura | https://earthone.io/plant/datura%20wrightii?srsltid=AfmBOorO3RwoTHokzrMwwSTP86bI1b2JxD2UssjxjgfR8jtG59hSKuaP
Delphinium carolinianum,Delphinium carolinianum,Prairie Larkspur,Seed,No Treatment,Materials listed: Seed. Treatment tags listed: No Treatment. Full propagation instructions are not reproduced in this public dataset; use the linked NPSOT/source pages for complete protocols.,https://www.npsot.org/posts/native-plant/delphinium-carolinianum/,https://www.wildflower.org/plants/result.php?id_plant=DECA3
Desmanthus illinoensis,Desmanthus illinoensis,Illinois Bundleflower,Seed,Scarification | No Treatment,Materials listed: Seed. Treatment tags listed: Scarification | No Treatment. Full propagation instructions are not reproduced in this public dataset; use the linked NPSOT/source pages for complete protocols.,https://www.npsot.org/posts/native-plant/desmanthus-illinoensis/,https://sharpseed.com/illinois-bundleflower/#:~:text=Establishment | https://www.grandprismaticseed.com/natives/illinois-bundleflower#:~:text=Bundleflower%20is%20also%20a%20good | https://warcapps.usgs.gov/PlantID/Species/Details/1846#:~:text=Propagation%20by%20seed%20is%20best | https://www.electricveg.com/fabaceae/desmanthus-illinoensis.html
Dichondra carolinensis,Dichondra carolinensis,Carolina Ponyfoot,Seed | Stem,No Treatment | Cutting,Materials listed: Seed | Stem. Treatment tags listed: No Treatment | Cutting. Full propagation instructions are not reproduced in this public dataset; use the linked NPSOT/source pages for complete protocols.,https://www.npsot.org/posts/native-plant/dichondra-carolinensis/,https://www.picturethisai.com/care/propagate/Dichondra_carolinensis.html | https://plantiary.com/plant/dichondra-carolinensis_3777.html
Digitaria californica,Digitaria californica,Arizona Cottontop,Seed | Root,No Treatment | Division,Materials listed: Seed | Root. Treatment tags listed: No Treatment | Division. Full propagation instructions are not reproduced in this public dataset; use the linked NPSOT/source pages for complete protocols.,https://www.npsot.org/posts/native-plant/digitaria-californica/,https://seedsource.com/az-cottontop/ | https://plantiary.com/plant/digitaria-californica_33166.html
Diospyros texana,Diospyros texana,Texas Persimmon,Stem | Seed | Seedling,Cutting | No Treatment | Transplant,Materials listed: Stem | Seed | Seedling. Treatment tags listed: Cutting | No Treatment | Transplant. Full propagation instructions are not reproduced in this public dataset; use the linked NPSOT/source pages for complete protocols.,https://www.npsot.org/posts/native-plant/diospyros-texana/,https://www.picturethisai.com/wiki/Diospyros_texana.html#:~:text=Water:%20Texas%20persimmon%20is%20drought | https://earthone.io/plant/diospyros%20texana?srsltid=AfmBOoquJUt6LI2L9CHrd97zIfhPl4WjyLUOiTLqH8M5jm-glOVC2vrk | https://hort.ifas.ufl.edu/trees/DIOTEXA.pdf | https://www.gardenia.net/plant/diospyros-texana-texas-persimmon | https://www.wildflower.org/plants/result.php?id_plant=DITE3
Diospyros virginiana,Diospyros virginiana,Common Persimmon,Seed | Root | Stem,Stratification | Cutting,Materials listed: Seed | Root | Stem. Treatment tags listed: Stratification | Cutting. Full propagation instructions are not reproduced in this public dataset; use the linked NPSOT/source pages for complete protocols.,https://www.npsot.org/posts/native-plant/diospyros-virginiana/,https://www.wildflower.org/plants/result.php?id_plant=DIVI5 | https://thefruitnut.com/storing-and-stratifying-american-persimmon-seeds/#:~:text=Step%20%231: | https://www.sciencedirect.com/science/article/abs/pii/S0304423817307744#:~:text=kaki%20(Hejazi%20et%20al.%2C
Distichlis spicata,Distichlis spicata,Saltgrass,Seed | Clump | Root,Scarification | Division | Cutting,Materials listed: Seed | Clump | Root. Treatment tags listed: Scarification | Division | Cutting. Full propagation instructions are not reproduced in this public dataset; use the linked NPSOT/source pages for complete protocols.,https://www.npsot.org/posts/native-plant/distichlis-spicata/,https://propagate.one/how-to-propagate-distichlis-spicata/ | https://npn.rngr.net/renderNPNProtocolDetails?selectedProtocolIds=poaceae-distichlis-586 | https://www.wildflower.org/plants/result.php?id_plant=DISP | https://www.picturethisai.com/care/propagate/Distichlis_spicata.html | https://www.botanikks.com/plants/distichlis-spicata-l-greene-var-divaricata-beetle/566270/1
Dyschoriste linearis,Dyschoriste linearis,Snakeherb,Stem,Cutting,Materials listed: Stem. Treatment tags listed: Cutting. Full propagation instructions are not reproduced in this public dataset; use the linked NPSOT/source pages for complete protocols.,https://www.npsot.org/posts/native-plant/dyschoriste-linearis/,https://www.picturethisai.com/wiki/Dyschoriste_linearis.html
Tripsacum dactyloides,Tripsacum dactyloides,Eastern Gamagrass,Seed | Clump,Stratification | Division,Materials listed: Seed | Clump. Treatment tags listed: Stratification | Division. Full propagation instructions are not reproduced in this public dataset; use the linked NPSOT/source pages for complete protocols.,https://www.npsot.org/posts/native-plant/eastern-gamagrass/,https://www.fnps.org/assets/pdf/pubs/tripsacum_dactyloides_easterngamagrass_3_0.pdf | https://propagate.one/how-to-propagate-tripsacum-dactyloides/ | https://earthone.io/plant/tripsacum%20dactyloides
Echinacea angustifolia,Echinacea angustifolia,Black Samson,Seed,Stratification | Scarification,Materials listed: Seed. Treatment tags listed: Stratification | Scarification. Full propagation instructions are not reproduced in this public dataset; use the linked NPSOT/source pages for complete protocols.,https://www.npsot.org/posts/native-plant/echinacea-angustifolia/,https://npn.rngr.net/renderNPNProtocolDetails?selectedProtocolIds=asteraceae-echinacea-1349 | https://openprairie.sdstate.edu/nativeplant/11/#:~:text=Germination:%20Etherol%20treatment%20(1mM%20solution | https://newcropsorganics.ces.ncsu.edu/wp-content/uploads/2017/06/Echinacea-Angustifolia.pdf?fwd=no
Echinocactus texensis,Echinocactus texensis,Horsecrippler Cactus,Seed | Offshoots,No Treatment | Transplant,Materials listed: Seed | Offshoots. Treatment tags listed: No Treatment | Transplant. Full propagation instructions are not reproduced in this public dataset; use the linked NPSOT/source pages for complete protocols.,https://www.npsot.org/posts/native-plant/echinocactus-texensis/,https://www.gardenia.net/plant/echinocactus-texensis-horse-crippler-cactus-grow-care-guide#:~:text=during%20extreme%20cold.-
Echinocereus reichenbachii,Echinocereus reichenbachii,Lace Cactus,Seed | Stem | Clump,Scarification | Cutting | Division | Grafting,Materials listed: Seed | Stem | Clump. Treatment tags listed: Scarification | Cutting | Division | Grafting. Full propagation instructions are not reproduced in this public dataset; use the linked NPSOT/source pages for complete protocols.,https://www.npsot.org/posts/native-plant/echinocereus-reichenbachii/,https://www.forwardplant.com/care/propagate/echinocereus-reichenbachii/ | https://greg.app/propagate-lace-hedgehog-cactus/ | https://www.wildflower.org/plants/result.php?id_plant=ECRE | https://propagate.one/how-to-propagate-echinocereus-reichenbachii/ | https://plantiary.com/plant/echinocereus-reichenbachii_636.html
Echinocereus triglochidiatus,Echinocereus triglochidiatus,Claret Cup Cactus,Offshoots | Seed,Division | No Treatment,Materials listed: Offshoots | Seed. Treatment tags listed: Division | No Treatment. Full propagation instructions are not reproduced in this public dataset; use the linked NPSOT/source pages for complete protocols.,https://www.npsot.org/posts/native-plant/echinocereus-triglochidiatus/,https://gardenerspath.com/plants/succulents/grow-claret-cup-cactus/ | https://planetdesert.com/products/claret-cup-cactus-echinocereus-triglochidiatus | https://earthone.io/plant/echinocereus%20triglochidiatus | https://gardenbeast.com/echinocereus-triglochidiatus-guide/ | https://succulentsnetwork.com/echinocereus-triglochidiatus-claret-cup-cactus/ | https://guzmansgreenhouse.com/growing-claret-cup-cactus/
Echinodorus berteroi,Echinodorus berteroi,Upright Burhead,Seed | Offshoots | Stem,No Treatment | Division | Cutting,Materials listed: Seed | Offshoots | Stem. Treatment tags listed: No Treatment | Division | Cutting. Full propagation instructions are not reproduced in this public dataset; use the linked NPSOT/source pages for complete protocols.,https://www.npsot.org/posts/native-plant/echinodorus-berteroi/,https://www.flowgrow.de/db/aquaticplants/echinodorus-berteroi | https://fishy.wiki/en/plants/alismataceae/echinodorus-berteroi.phtml | https://pts.lifeasible.com/echinodorus-berteroicellophane-sword-item-1144.html | https://www.picturethisai.com/wiki/Echinodorus_berteroi.html
Echinodorus cordifolius,Echinodorus cordifolius,Creeping Burhead,Offshoots,Division,Materials listed: Offshoots. Treatment tags listed: Division. Full propagation instructions are not reproduced in this public dataset; use the linked NPSOT/source pages for complete protocols.,https://www.npsot.org/posts/native-plant/echinodorus-cordifolius/,https://www.gardenia.net/plant/echinodorus-cordifolius#:~:text=Can%20be%20propagated%20by%20cutting
Ehretia anacua,Ehretia anacua,Sandpaper Tree,Seed | Stem,Stratification | Cutting,Materials listed: Seed | Stem. Treatment tags listed: Stratification | Cutting. Full propagation instructions are not reproduced in this public dataset; use the linked NPSOT/source pages for complete protocols.,https://www.npsot.org/posts/native-plant/ehretia-anacua/,https://www.wildflower.org/plants/result.php?id_plant=EHAN | https://propagate.one/how-to-propagate-ehretia-anacua/
Elephantopus carolinianus,Elephantopus carolinianus,Carolina Elephantsfoot,Seed | Bulb,No Treatment | Division,Materials listed: Seed | Bulb. Treatment tags listed: No Treatment | Division. Full propagation instructions are not reproduced in this public dataset; use the linked NPSOT/source pages for complete protocols.,https://www.npsot.org/posts/native-plant/elephantopus-carolinianus/,https://www.clayandlimestone.com/2020/09/elephantopus-carolinianus.html#:~:text=Habitat:%20Low%20woods%2C%20ravines%2C | https://greg.app/carolina-elephants-foot-overview/#:~:text=%F0%9F%8C%B1%20Seed%20Propagation | https://www.picturethisai.com/care/Elephantopus_carolinianus.html#:~:text=How%20to%20Propagate%20Carolina%20elephantsfoot?&text=Carolina%20elephantsfoot%20is%20effectively%20propagated
Elymus canadensis,Elymus canadensis,Prairie Wildrye,Seed,No Treatment | Stratification,Materials listed: Seed. Treatment tags listed: No Treatment | Stratification. Full propagation instructions are not reproduced in this public dataset; use the linked NPSOT/source pages for complete protocols.,https://www.npsot.org/posts/native-plant/elymus-canadensis/,https://www.opnseed.com/products/elymus-canadensis-nodding-wild-rye#:~:text=Direct%20sow%20seeds%20into%20prepared | https://bwsr.state.mn.us/sites/default/files/2023-02/Featured%20Plant%20March%202023%20Canada%20wildrye%20II%20Accessible.pdf
Elymus interruptus,Elymus interruptus,Texas Wildrye,Seed,Stratification,Materials listed: Seed. Treatment tags listed: Stratification. Full propagation instructions are not reproduced in this public dataset; use the linked NPSOT/source pages for complete protocols.,https://www.npsot.org/posts/native-plant/elymus-interruptus/,https://www.briansnativeplants.com/elymus-hystrix | https://bwsr.state.mn.us/sites/default/files/2023-02/Featured%20Plant%20March%202023%20Canada%20wildrye%20II%20Accessible.pdf
Elymus virginicus,Elymus virginicus,Virginia Wildrye,Seed | Clump,No Treatment | Stratification | Division,Materials listed: Seed | Clump. Treatment tags listed: No Treatment | Stratification | Division. Full propagation instructions are not reproduced in this public dataset; use the linked NPSOT/source pages for complete protocols.,https://www.npsot.org/posts/native-plant/elymus-virginicus/,https://plants.usda.gov/DocumentLibrary/plantguide/pdf/pg_elvi3.pdf | https://www.bluestemnatives.com/product-page/seeds-elymus-virginicus-virginia-wild-rye#:~:text=Stratification%20Codes&text=Seed%20should%20germinate%20when%20sown%20in%20a%20warm%20location.&text=Hot%20water%20treatment:%20Bring%20water | https://bplant.org/plant/752#:~:text=Growth%20slows%20during%20the%20hotter
Engelmannia peristenia,Engelmannia peristenia,Engelmann's Daisy,Seed | Rosette,No Treatment | Transplant,Materials listed: Seed | Rosette. Treatment tags listed: No Treatment | Transplant. Full propagation instructions are not reproduced in this public dataset; use the linked NPSOT/source pages for complete protocols.,https://www.npsot.org/posts/native-plant/engelmannia-peristenia/,https://www.wildflower.org/plants/result.php?id_plant=ENPE4
Equisetum hyemale spp. affine,Equisetum hyemale spp. affine,Horsetail,Clump,Division,Materials listed: Clump. Treatment tags listed: Division. Full propagation instructions are not reproduced in this public dataset; use the linked NPSOT/source pages for complete protocols.,https://www.npsot.org/posts/native-plant/equisetum-hyemale/,https://www.picturethisai.com/care/propagate/Equisetum_hyemale.html
Eragrostis hirsuta,Eragrostis hirsuta,Big Top Lovegrass,Clump,Division,Materials listed: Clump. Treatment tags listed: Division. Full propagation instructions are not reproduced in this public dataset; use the linked NPSOT/source pages for complete protocols.,https://www.npsot.org/posts/native-plant/eragrostis-hirsuta/,https://plants.ces.ncsu.edu/plants/eragrostis-hirsuta/
Eragrostis intermedia,Eragrostis intermedia,Plains Lovegrass,Clump,Division,Materials listed: Clump. Treatment tags listed: Division. Full propagation instructions are not reproduced in this public dataset; use the linked NPSOT/source pages for complete protocols.,https://www.npsot.org/posts/native-plant/eragrostis-intermedia/,https://www.picturethisai.com/wiki/Eragrostis_intermedia.html
Eragrostis secundiflora,Eragrostis secundiflora,Red Lovegrass,Seed | Bud,Scarification | Division,Materials listed: Seed | Bud. Treatment tags listed: Scarification | Division. Full propagation instructions are not reproduced in this public dataset; use the linked NPSOT/source pages for complete protocols.,https://www.npsot.org/posts/native-plant/eragrostis-secundiflora/,https://plants.sc.egov.usda.gov/DocumentLibrary/plantguide/pdf/pg_erso.pdf | https://greg.app/red-lovegrass-overview/#:~:text=Elevate%20your%20garden%20with%20Red | https://www.picturethisai.com/care/Eragrostis_secundiflora.html#:~:text=A%20distinctive%20warm%2Dseason%20grass
Eragrostis spectabilis,Eragrostis spectabilis,Purple Lovegrass,Seed | Clump,No Treatment | Division,Materials listed: Seed | Clump. Treatment tags listed: No Treatment | Division. Full propagation instructions are not reproduced in this public dataset; use the linked NPSOT/source pages for complete protocols.,https://www.npsot.org/posts/native-plant/eragrostis-spectabilis/,https://www.outsidepride.com/seed/ornamental-grass/love-grass/love-grass-purple.html#:~:text=Purple%20love%20grass%20(Eragrostis%20spectabilis | https://www.rpseeds.co.uk/products/eragrostis-spectabilis-purple-love-grass-seeds#:~:text=GROWING%20GUIDE | https://www.picturethisai.com/care/propagate/Eragrostis_spectabilis.html#:~:text=Purple%20lovegrass%20is%20typically%20propagated%20through%20division%2C
Eragrostis trichodes,Eragrostis trichodes,Sand Lovegrass,Seed,Stratification | No Treatment,Materials listed: Seed. Treatment tags listed: Stratification | No Treatment. Full propagation instructions are not reproduced in this public dataset; use the linked NPSOT/source pages for complete protocols.,https://www.npsot.org/posts/native-plant/eragrostis-trichodes/,https://npn.rngr.net/renderNPNProtocolDetails?selectedProtocolIds=poaceae-eragrostis-1770#:~:text=General%20Distribution: | https://plants.usda.gov/DocumentLibrary/plantguide/pdf/pg_ertr3.pdf | https://www.everwilde.com/store/Eragrostis-trichodes-Seed.html
Erigeron modestus,Erigeron modestus,Prairie Fleabane,Seed,Scarification,Materials listed: Seed. Treatment tags listed: Scarification. Full propagation instructions are not reproduced in this public dataset; use the linked NPSOT/source pages for complete protocols.,https://www.npsot.org/posts/native-plant/erigeron-modestus/,https://www.picturethisai.com/care/propagate/Erigeron_modestus.html
Erigeron philadelphicus,Erigeron philadelphicus,Philadelphia Fleabane,Seed | Bud,No Treatment | Division | Stratification,Materials listed: Seed | Bud. Treatment tags listed: No Treatment | Division | Stratification. Full propagation instructions are not reproduced in this public dataset; use the linked NPSOT/source pages for complete protocols.,https://www.npsot.org/posts/native-plant/erigeron-philadelphicus/,https://earthone.io/plant/erigeron%20philadelphicus | https://courses.washington.edu/esrm412/protocols/2017/ERPH.pdf
Eriogonum longifolium var. longifolium,Eriogonum longifolium var. longifolium,Longleaf Buckwheat,Seed | Bud | Stem,No Treatment | Division | Cutting,Materials listed: Seed | Bud | Stem. Treatment tags listed: No Treatment | Division | Cutting. Full propagation instructions are not reproduced in this public dataset; use the linked NPSOT/source pages for complete protocols.,https://www.npsot.org/posts/native-plant/eriogonum-longifolium-var-longifolium/,https://pfaf.org/user/Plant.aspx?LatinName=Eriogonum+longifolium#:~:text=Plant%20Propagation
Eryngium hookeri,Eryngium hookeri,Hooker's Eryngo,Seed,No Treatment,Materials listed: Seed. Treatment tags listed: No Treatment. Full propagation instructions are not reproduced in this public dataset; use the linked NPSOT/source pages for complete protocols.,https://www.npsot.org/posts/native-plant/eryngium-hookeri/,https://www.picturethisai.com/wiki/Eryngium_hookeri.html
Eryngium leavenworthii,Eryngium leavenworthii,Leavenworth Eryngo,Seed,No Treatment | Stratification,Materials listed: Seed. Treatment tags listed: No Treatment | Stratification. Full propagation instructions are not reproduced in this public dataset; use the linked NPSOT/source pages for complete protocols.,https://www.npsot.org/posts/native-plant/eryngium-leavenworthii/,https://www.picturethisai.com/care/propagate/Eryngium_leavenworthii.html | https://www.westcoastseeds.com/blogs/wcs-academy/how-to-grow-eryngium
Eryngium yuccifolium,Eryngium yuccifolium,Rattlesnake Master,Root | Seed,Division | No Treatment | Stratification,Materials listed: Root | Seed. Treatment tags listed: Division | No Treatment | Stratification. Full propagation instructions are not reproduced in this public dataset; use the linked NPSOT/source pages for complete protocols.,https://www.npsot.org/posts/native-plant/eryngium-yuccifolium/,https://www.wildflower.org/plants/result.php?id_plant=ERYU | https://www.epicgardening.com/rattlesnake-master/#:~:text=Propagation | https://www.everwilde.com/store/Eryngium-yuccifolium-WildFlower-Seed.html
Euonymus atropurpureus,Euonymus atropurpureus,Wahoo,Seed,Stratification,Materials listed: Seed. Treatment tags listed: Stratification. Full propagation instructions are not reproduced in this public dataset; use the linked NPSOT/source pages for complete protocols.,https://www.npsot.org/posts/native-plant/euonymus-atropurpureus/,https://www.wildflower.org/plants/result.php?id_plant=EUAT5
Eupatorium serotinum,Eupatorium serotinum,Late Boneset,Clump | Stem,Division | Cutting,Materials listed: Clump | Stem. Treatment tags listed: Division | Cutting. Full propagation instructions are not reproduced in this public dataset; use the linked NPSOT/source pages for complete protocols.,https://www.npsot.org/posts/native-plant/eupatorium-serotinum/,https://earthone.io/plant/eupatorium%20serotinum
Eustoma exaltatum ssp. russellianum,Eustoma exaltatum ssp. russellianum,Texas Bluebell,Seed,No Treatment,Materials listed: Seed. Treatment tags listed: No Treatment. Full propagation instructions are not reproduced in this public dataset; use the linked NPSOT/source pages for complete protocols.,https://www.npsot.org/posts/native-plant/eustoma-exaltatum-ssp-russellianum/,https://www.wildflower.org/plants/result.php?id_plant=EUEXR
Eustoma exaltatum,Eustoma exaltatum,Small Bluebell,Seed | Stem,No Treatment | Cutting,Materials listed: Seed | Stem. Treatment tags listed: No Treatment | Cutting. Full propagation instructions are not reproduced in this public dataset; use the linked NPSOT/source pages for complete protocols.,https://www.npsot.org/posts/native-plant/eustoma-exaltatum/,https://travaldo.blogspot.com/2021/05/eustoma-exaltatum-seaside-gentian-care-and-culture.html | https://earthone.io/plant/eustoma%20exaltatum?srsltid=AfmBOorMKnualL8J_GzvaCNouptqDtRoddH9fYYabUNKHmk_MHdzZ35q | https://www.wildflower.org/expert/show.php?id=6237&frontpage=true
Eysenhardtia texana,Eysenhardtia texana,Kidneywood,Seed | Softwood | Semi-harwood,No Treatment | Cutting | Scarification,Materials listed: Seed | Softwood | Semi-harwood. Treatment tags listed: No Treatment | Cutting | Scarification. Full propagation instructions are not reproduced in this public dataset; use the linked NPSOT/source pages for complete protocols.,https://www.npsot.org/posts/native-plant/eysenhardtia-texana/,https://www.ckwri.tamuk.edu/plant/texas-kidneywood#:~:text=Texas%20kidneywood%20can%20be%20grown%20from%20seed | https://plants.sc.egov.usda.gov/DocumentLibrary/factsheet/pdf/fs_eyte.pdf | https://www.gardenia.net/plant/eysenhardtia-texana-texas-kidneywood-grow-care-guide
Fleischmannia incarnata,Fleischmannia incarnata,Pink Thoroughwort,Seed | Stem | Clump,No Treatment | Cutting | Division,Materials listed: Seed | Stem | Clump. Treatment tags listed: No Treatment | Cutting | Division. Full propagation instructions are not reproduced in this public dataset; use the linked NPSOT/source pages for complete protocols.,https://www.npsot.org/posts/native-plant/fleischmannia-incarnata/,https://www.picturethisai.com/wiki/Fleischmannia_incarnata.html#:~:text=Water:%20Pink%20slender%2Dthoroughwort%20thrives | https://propagate.one/how-to-propagate-fleischmannia-incarnata/?amp=1&print=pdf
Forestiera pubescens,Forestiera pubescens,Elbowbush,Seed | Stem,Stratification | Cutting,Materials listed: Seed | Stem. Treatment tags listed: Stratification | Cutting. Full propagation instructions are not reproduced in this public dataset; use the linked NPSOT/source pages for complete protocols.,https://www.npsot.org/posts/native-plant/forestiera-pubescens/,https://www.wildflower.org/plants/result.php?id_plant=fopup#: | https://plants.usda.gov/DocumentLibrary/factsheet/pdf/fs_fopu2.pdf | https://www.theeyrye.com/forestiera.html
Rhamnus caroliniana,Rhamnus caroliniana,Carolina Buckthorn,Seed,No Treatment,Materials listed: Seed. Treatment tags listed: No Treatment. Full propagation instructions are not reproduced in this public dataset; use the linked NPSOT/source pages for complete protocols.,https://www.npsot.org/posts/native-plant/frangula-caroliniana/,https://www.wildflower.org/plants/result.php?id_plant=CHLI2
Fraxinus texensis,Fraxinus texensis,Texas Ash,Seed,Stratification,Materials listed: Seed. Treatment tags listed: Stratification. Full propagation instructions are not reproduced in this public dataset; use the linked NPSOT/source pages for complete protocols.,https://www.npsot.org/posts/native-plant/fraxinus-albicans/,https://www.wildflower.org/plants/result.php?id_plant=FRAL3
Fraxinus berlandieriana,Fraxinus berlandieriana,Mexican Ash,Seed,Stratification,Materials listed: Seed. Treatment tags listed: Stratification. Full propagation instructions are not reproduced in this public dataset; use the linked NPSOT/source pages for complete protocols.,https://www.npsot.org/posts/native-plant/fraxinus-berlandieriana/,https://www.wildflower.org/plants/result.php?id_plant=FRBE
Fraxinus pennsylvanica,Fraxinus pennsylvanica,Green Ash,Seed | Stem,Stratification | No Treatment | Cutting,Materials listed: Seed | Stem. Treatment tags listed: Stratification | No Treatment | Cutting. Full propagation instructions are not reproduced in this public dataset; use the linked NPSOT/source pages for complete protocols.,https://www.npsot.org/posts/native-plant/fraxinus-pennsylvanica/,https://www.wildflower.org/plants/result.php?id_plant=FRPE | https://pfaf.org/user/Plant.aspx?LatinName=Fraxinus+pennsylvanica | https://propagate.one/how-to-propagate-fraxinus-pennsylvanica/
Funastrum crispum,Funastrum crispum,Wavyleaf Twinevine,Stem,Cutting,Materials listed: Stem. Treatment tags listed: Cutting. Full propagation instructions are not reproduced in this public dataset; use the linked NPSOT/source pages for complete protocols.,https://www.npsot.org/posts/native-plant/funastrum-crispum/,https://www.picturethisai.com/care/propagate/Funastrum_crispum.html
Funastrum cynanchoides,Funastrum cynanchoides,Fringed Twinevine,Seed,Stratification,Materials listed: Seed. Treatment tags listed: Stratification. Full propagation instructions are not reproduced in this public dataset; use the linked NPSOT/source pages for complete protocols.,https://www.npsot.org/posts/native-plant/funastrum-cynanchoides/,https://store.underwoodgardens.com/vining-milkweed-seeds-funastrum-cynanchoides/f1213/
Gaillardia aestivalis,Gaillardia aestivalis,Lanceleaf Blanketflower,Seed,No Treatment,Materials listed: Seed. Treatment tags listed: No Treatment. Full propagation instructions are not reproduced in this public dataset; use the linked NPSOT/source pages for complete protocols.,https://www.npsot.org/posts/native-plant/gaillardia-aestivalis/,https://warcapps.usgs.gov/PlantID/Species/Details/3810#:~:text=The%20seeds%20are%20generally%20ripe | https://www.plantdelights.com/products/gaillardia-aestivalis-var-winkleri-grape-sensation?srsltid=AfmBOoq0NBE-FUWoQVWYZ_RXFMM6Gou62WnFimkVfb8s1M-pPX26nqUb
Gaillardia pulchella,Gaillardia pulchella,Firewheel,Seed | Clump,No Treatment | Division,Materials listed: Seed | Clump. Treatment tags listed: No Treatment | Division. Full propagation instructions are not reproduced in this public dataset; use the linked NPSOT/source pages for complete protocols.,https://www.npsot.org/posts/native-plant/gaillardia-pulchella/,https://www.fnps.org/assets/pdf/pubs/gaillardia_pulchella_blanketflower.pdf | https://earthone.io/plant/gaillardia%20pulchella | https://www.everwilde.com/store/Gaillardia-pulchella-WildFlower-Seed.html?srsltid=AfmBOoro0jIuuIulclMN62ztHi9T2qtX6dCiZ3slb87ME-onl8ccFzza | https://www.gardendesign.com/plants/gaillardia.html#:~:text=Dividing:
Garrya ovata,Garrya ovata,Mexican Silktassel,Seed,No Treatment,Materials listed: Seed. Treatment tags listed: No Treatment. Full propagation instructions are not reproduced in this public dataset; use the linked NPSOT/source pages for complete protocols.,https://www.npsot.org/posts/native-plant/garrya-ovata/,https://www.forwardplant.com/plant-info/Garrya_ovata/
Gelsemium sempervirens,Gelsemium sempervirens,Carolina Jessamine,Stem | Rhizome | Seed,Layering | Division | No Treatment | Cutting,Materials listed: Stem | Rhizome | Seed. Treatment tags listed: Layering | Division | No Treatment | Cutting. Full propagation instructions are not reproduced in this public dataset; use the linked NPSOT/source pages for complete protocols.,https://www.npsot.org/posts/native-plant/gelsemium-sempervirens/,https://www.uaex.uada.edu/yard-garden/in-the-garden/reference-desk/vines/carolina-jessamine.aspx#:~:text=Carolina%20jasmine%20roots%20fairly%20readily | https://gardenerspath.com/plants/vines/grow-carolina-jessamine/ | https://hort.ifas.ufl.edu/database/lppi/sp170.shtml#:~:text=Common%20name(s | https://www.gardeningknowhow.com/ornamental/vines/carolina-jessamine/growing-carolina-jessamine.htm#:~:text=Carolina%20Jessamine%20propagation%20can%20occur
Geum canadense,Geum canadense,White Avens,Seed,No Treatment,Materials listed: Seed. Treatment tags listed: No Treatment. Full propagation instructions are not reproduced in this public dataset; use the linked NPSOT/source pages for complete protocols.,https://www.npsot.org/posts/native-plant/geum-canadense/,https://www.wildflower.org/plants/result.php?id_plant=GECA7
Glandularia bipinnatifida,Glandularia bipinnatifida,Prairie Verbena,Seed | Stem,No Treatment | Cutting,Materials listed: Seed | Stem. Treatment tags listed: No Treatment | Cutting. Full propagation instructions are not reproduced in this public dataset; use the linked NPSOT/source pages for complete protocols.,https://www.npsot.org/posts/native-plant/glandularia-bipinnatifida/,https://openprairie.sdstate.edu/nativeplant/197/#:~:text=Seed%20collection:%20Collect%20the%20nutlets | https://www.picturethisai.com/care/propagate/Glandularia_bipinnatifida_var._latilobata.html | https://plantselect.org/wp-content/uploads/2015/03/Verbena-bipinnatifida.pdf
Gleditsia triacanthos,Gleditsia triacanthos,Honey Locust,Seed | Stem,Scarification | Cutting,Materials listed: Seed | Stem. Treatment tags listed: Scarification | Cutting. Full propagation instructions are not reproduced in this public dataset; use the linked NPSOT/source pages for complete protocols.,https://www.npsot.org/posts/native-plant/gleditsia-triacanthos/,https://hort.ifas.ufl.edu/database/lppi/sp176.shtml#:~:text=Common%20name(s | https://extension.usu.edu/forestry/files/resources/plant-and-take-care-of-honeylocust-tree.pdf | https://earthone.io/plant/gleditsia%20triacanthos | https://www.weekand.com/home-garden/article/grow-honey-locust-branch-18057279.php
Gomphrena haageana,Gomphrena haageana,Rio Grande Globe Amaranth,Seed,No Treatment,Materials listed: Seed. Treatment tags listed: No Treatment. Full propagation instructions are not reproduced in this public dataset; use the linked NPSOT/source pages for complete protocols.,https://www.npsot.org/posts/native-plant/gomphrena-haageana/,https://www.gardenia.net/plant/gomphrena-haageana-strawberry-fields
Gomphrena serrata,Gomphrena serrata,Gomphrena Weed,Seed,No Treatment,Materials listed: Seed. Treatment tags listed: No Treatment. Full propagation instructions are not reproduced in this public dataset; use the linked NPSOT/source pages for complete protocols.,https://www.npsot.org/posts/native-plant/gomphrena-serrata/,https://earthone.io/plant/gomphrena%20serrata?srsltid=AfmBOoqv37i3EiSXo3Jdez8gvfaJVeJ6Mfbtbqg505GKft52zqcQOhm2
Gonolobus suberosus,Gonolobus suberosus,Anglepod Milkvine,Stem | Seed,Cutting | Scarification,Materials listed: Stem | Seed. Treatment tags listed: Cutting | Scarification. Full propagation instructions are not reproduced in this public dataset; use the linked NPSOT/source pages for complete protocols.,https://www.npsot.org/posts/native-plant/gonolobus-suberosus/,https://propagate.one/how-to-propagate-gonolobus-suberosus/ | https://greg.app/gonolobus-suberosus-overview/#:~:text=To%20propagate%20Gonolobus%20suberosus%20from
Grindelia lanceolata,Grindelia lanceolata,Narrowleaf Gumweed,Seed | Clump,No Treatment | Division | Stratification | Scarification,Materials listed: Seed | Clump. Treatment tags listed: No Treatment | Division | Stratification | Scarification. Full propagation instructions are not reproduced in this public dataset; use the linked NPSOT/source pages for complete protocols.,https://www.npsot.org/posts/native-plant/grindelia-lanceolata/,https://pfaf.org/user/Plant.aspx?LatinName=Grindelia+lanceolata#:~:text=Plant%20Propagation | https://plants.usda.gov/DocumentLibrary/plantguide/pdf/pg_grca.pdf
Gutierrezia sarothrae,Gutierrezia sarothrae,Texas Snakeweed,Seed | Stem,No Treatment | Cutting | Scarification,Materials listed: Seed | Stem. Treatment tags listed: No Treatment | Cutting | Scarification. Full propagation instructions are not reproduced in this public dataset; use the linked NPSOT/source pages for complete protocols.,https://www.npsot.org/posts/native-plant/gutierrezia-sarothrae/,https://pfaf.org/user/Plant.aspx?LatinName=Gutierrezia+sarothrae#:~:text=Plant%20Propagation | https://earthone.io/plant/gutierrezia%20sarothrae?srsltid=AfmBOoprfaMvK1fFkqRWd0pIjwkv_Od5gAhAOxpGHs6qoOsKYkPxj3mm | https://www.forwardplant.com/plant-info/Gutierrezia_sarothrae/
Bouteloua hirsuta,Bouteloua hirsuta,Hairy Grama,Clump,Division,Materials listed: Clump. Treatment tags listed: Division. Full propagation instructions are not reproduced in this public dataset; use the linked NPSOT/source pages for complete protocols.,https://www.npsot.org/posts/native-plant/hairy-grama/,https://www.picturethisai.com/care/Bouteloua_hirsuta.html#:~:text=How%20to%20Propagate%20Hairy%20grama?&text=To%20effectively%20propagate%20hairy%20grama
Helenium amarum,Helenium amarum,Bitter Sneezeweed,Seed | Clump,No Treatment | Division,Materials listed: Seed | Clump. Treatment tags listed: No Treatment | Division. Full propagation instructions are not reproduced in this public dataset; use the linked NPSOT/source pages for complete protocols.,https://www.npsot.org/posts/native-plant/helenium-amarum/,https://pfaf.org/user/Plant.aspx?LatinName=Helenium+amarum#:~:text=Plant%20Propagation | https://propagate.one/how-to-propagate-helenium-amarum/?print=pdf | https://www.picturethisai.com/wiki/Helenium_amarum.html
Helianthus annuus,Helianthus annuus,Common Sunflower,Seed | Stem | Bud,No Treatment | Cutting | Division,Materials listed: Seed | Stem | Bud. Treatment tags listed: No Treatment | Cutting | Division. Full propagation instructions are not reproduced in this public dataset; use the linked NPSOT/source pages for complete protocols.,https://www.npsot.org/posts/native-plant/helianthus-annuus/,https://greg.app/propagate-common-sunflower/#:~:text=Division%20Propagation
Helianthus hirsutus,Helianthus hirsutus,Hairy Sunflower,Seed | Bud,No Treatment | Division,Materials listed: Seed | Bud. Treatment tags listed: No Treatment | Division. Full propagation instructions are not reproduced in this public dataset; use the linked NPSOT/source pages for complete protocols.,https://www.npsot.org/posts/native-plant/helianthus-hirsutus/,https://propagate.one/how-to-propagate-helianthus-hirsutus/ | https://livetoplant.com/how-to-propogate-helianthus-plant-the-right-way/
Helianthus maximiliani,Helianthus maximiliani,Maximilian Sunflower,Seed,Stratification | No Treatment,Materials listed: Seed. Treatment tags listed: Stratification | No Treatment. Full propagation instructions are not reproduced in this public dataset; use the linked NPSOT/source pages for complete protocols.,https://www.npsot.org/posts/native-plant/helianthus-maximiliani/,https://www.wildflowerfarm.com/helianthus-maximiliani-maximilians-sunflower.html#:~:text=Indoors:%20Cold%2C%20moist%20stratification | https://plants.usda.gov/DocumentLibrary/plantguide/pdf/pg_hema2.pdf | https://earthone.io/plant/helianthus%20maximiliani?srsltid=AfmBOooK2F7kpWAp0KXoNXfff8sQ0SPVIaGNgwz3vxNCf1AYowJXOrKO
Heliotropium curassavicum,Heliotropium curassavicum,Seaside Heliotrope,Seed | Stem,No Treatment | Cutting,Materials listed: Seed | Stem. Treatment tags listed: No Treatment | Cutting. Full propagation instructions are not reproduced in this public dataset; use the linked NPSOT/source pages for complete protocols.,https://www.npsot.org/posts/native-plant/heliotropium-curassavicum/,https://earthone.io/plant/heliotropium%20curassavicum?srsltid=AfmBOoqUDP9RELh6-3k3USnsKjii3nzIxvBhrZd4qYnRr3RdWjcOeHHf | https://store.theodorepayne.org/products/heliotropium-curassavicum-salt-heliotrope-seed
Hesperaloe parviflora,Hesperaloe parviflora,Red Yucca,Offshoots | Seed,Transplant | Scarification,Materials listed: Offshoots | Seed. Treatment tags listed: Transplant | Scarification. Full propagation instructions are not reproduced in this public dataset; use the linked NPSOT/source pages for complete protocols.,https://www.npsot.org/posts/native-plant/hesperaloe-parviflora/,https://dallascountymastergardeners.org/red-yucca-hesperaloe-parviflora/#:~:text=Propagation%20&%20Planting: | https://www.outsidepride.com/resources/planting/redyucca-planting/#:~:text=Presoak%20seeds%20overnight%20before%20planting
Heterotheca canescens,Heterotheca canescens,Hoary False Goldenaster,Seed | Clump | Stem,Stratification | No Treatment | Division | Cutting,Materials listed: Seed | Clump | Stem. Treatment tags listed: Stratification | No Treatment | Division | Cutting. Full propagation instructions are not reproduced in this public dataset; use the linked NPSOT/source pages for complete protocols.,https://www.npsot.org/posts/native-plant/heterotheca-canescens/,https://www.picturethisai.com/care/propagate/Heterotheca_canescens.html#:~:text=Hoary%20false%20goldenaster%2C%20commonly%20found%20in%20sunny%2C | https://propagate.one/how-to-propagate-heterotheca-canescens/
Heterotheca subaxillaris,Heterotheca subaxillaris,Camphorweed,Seed,No Treatment,Materials listed: Seed. Treatment tags listed: No Treatment. Full propagation instructions are not reproduced in this public dataset; use the linked NPSOT/source pages for complete protocols.,https://www.npsot.org/posts/native-plant/heterotheca-subaxillaris/,https://plantiary.com/plant/heterotheca-subaxillaris_5301.html#:~:text=Heterotheca%20Subaxillaris%20is%20best%20grown%20in%20well%2Ddrained
Hibiscus laevis,Hibiscus laevis,Halberd Leaf Hibiscus,Seed,No Treatment,Materials listed: Seed. Treatment tags listed: No Treatment. Full propagation instructions are not reproduced in this public dataset; use the linked NPSOT/source pages for complete protocols.,https://www.npsot.org/posts/native-plant/hibiscus-laevis/,https://growitbuildit.com/hibiscus-laevis-halbred-leaf-rose-mallow/#:~:text=The%20soil%20should%20be%20moist | https://hayefield.com/product/hibiscus-laevis-smooth-rose-mallow/#:~:text=Germination%20Information:%20Sow%20these%20seeds
Hibiscus moscheutos ssp. lasiocarpos,Hibiscus moscheutos ssp. lasiocarpos,Woolly Rose Mallow,Seed | Stem | Clump,No Treatment | Cutting | Scarification | Division,Materials listed: Seed | Stem | Clump. Treatment tags listed: No Treatment | Cutting | Scarification | Division. Full propagation instructions are not reproduced in this public dataset; use the linked NPSOT/source pages for complete protocols.,https://www.npsot.org/posts/native-plant/hibiscus-moscheutos-ssp-lasiocarpos/,https://www.picturethisai.com/care/Hibiscus_moscheutos_subsp._lasiocarpos.html#:~:text=Propagation%20Time:%20Mid%20spring%2C%20Late | https://earthone.io/plant/hibiscus%20moscheutos | https://www.weekand.com/home-garden/article/propagate-hibiscus-moscheutos-18065491.php
Hilaria belangeri,Hilaria belangeri,Curly Mesquite,Seed | Bud,Scarification | Division,Materials listed: Seed | Bud. Treatment tags listed: Scarification | Division. Full propagation instructions are not reproduced in this public dataset; use the linked NPSOT/source pages for complete protocols.,https://www.npsot.org/posts/native-plant/hilaria-belangeri/,https://greg.app/curly-mesquite-overview/#:~:text=%F0%9F%8C%B1%20Seed%20Propagation | https://www.wildflower.org/plants/result.php?id_plant=HIBEB#:~:text=Propagation&text=Description:%20Propagate%20by%20seed%20or | https://www.picturethisai.com/care/Hilaria_belangeri.html#:~:text=How%20to%20Propagate%20Curly%2Dmesquite?&text=Endemic%20to%20arid%20regions%2C%20curly | https://www.spadefootnursery.com/grasses-grasslike-plants/hilaria-belangeri
Hilaria jamesii,Hilaria jamesii,James' Galleta,Bud | Seed,Division | No Treatment,Materials listed: Bud | Seed. Treatment tags listed: Division | No Treatment. Full propagation instructions are not reproduced in this public dataset; use the linked NPSOT/source pages for complete protocols.,https://www.npsot.org/posts/native-plant/hilaria-jamesii/,https://www.picturethisai.com/care/Hilaria_jamesii.html | https://pfaf.org/user/Plant.aspx?LatinName=Hilaria+jamesii# | https://www.fs.usda.gov/database/feis/plants/graminoid/plejam/all.html
Hydrocotyle verticillata,Hydrocotyle verticillata,Whorled Marshpennywort,Clump | Stem,Division | Cutting,Materials listed: Clump | Stem. Treatment tags listed: Division | Cutting. Full propagation instructions are not reproduced in this public dataset; use the linked NPSOT/source pages for complete protocols.,https://www.npsot.org/posts/native-plant/hydrocotyle-verticillata/,https://www.aquaticplants.co.za/product-page/hydrocotyle-verticillata#:~:text=It's%20generally%20easy%20to%20care%20for%20and | https://earthone.io/plant/hydrocotyle%20verticillata
Hypericum hypericoides,Hypericum hypericoides,St. Andrew's-cross,Seed | Stem | Clump,No Treatment | Cutting | Division,Materials listed: Seed | Stem | Clump. Treatment tags listed: No Treatment | Cutting | Division. Full propagation instructions are not reproduced in this public dataset; use the linked NPSOT/source pages for complete protocols.,https://www.npsot.org/posts/native-plant/hypericum-hypericoides/,https://www.gardeningknowhow.com/edible/herbs/st-johns-wort/growing-st-andrews-cross-plant.htm | https://longleafpine.fnpschapters.org/data/uploads/propagation-manual-for-fl-panhandle-native-plants/hypericum-hypericoides.pdf | https://www.picturethisai.com/care/propagate/Hypericum_hypericoides.html | https://thecameronteam.net/st-andrews-cross-native-plant-guide/
Hypericum sphaerocarpum,Hypericum sphaerocarpum,Roundseed St. John's-wort,Seed,No Treatment,Materials listed: Seed. Treatment tags listed: No Treatment. Full propagation instructions are not reproduced in this public dataset; use the linked NPSOT/source pages for complete protocols.,https://www.npsot.org/posts/native-plant/hypericum-sphaerocarpum/,https://www.prairiemoon.com/hypericum-sphaerocarpum-round-fruited-st-johns-wort
Hypoxis hirsuta,Hypoxis hirsuta,Yellow Star-grass,Tuber | Seed,Division | Stratification,Materials listed: Tuber | Seed. Treatment tags listed: Division | Stratification. Full propagation instructions are not reproduced in this public dataset; use the linked NPSOT/source pages for complete protocols.,https://www.npsot.org/posts/native-plant/hypoxis-hirsuta/,https://earthone.io/plant/hypoxis%20hirsuta | https://propagate.one/how-to-propagate-hypoxis-hirsuta/ | https://www.everwilde.com/store/Hypoxis-hirsuta-WildFlower-Seed.html
Ibervillea lindheimeri,Ibervillea lindheimeri,Balsam Gourd,Seed | Stem,No Treatment | Cutting,Materials listed: Seed | Stem. Treatment tags listed: No Treatment | Cutting. Full propagation instructions are not reproduced in this public dataset; use the linked NPSOT/source pages for complete protocols.,https://www.npsot.org/posts/native-plant/ibervillea-lindheimeri/,https://myplantin.com/plant/763 | https://www.llifle.com/Encyclopedia/SUCCULENTS/Family/Cucurbitaceae/31787/Ibervillea_lindheimeri#:~:text=Pest%20and%20disease:%20Bugs%2C%20mealy | https://www.picturethisai.com/wiki/Ibervillea_lindheimeri.html
Ilex decidua,Ilex decidua,Possumhaw Holly,Seed | Hardwood,Stratification | Cutting,Materials listed: Seed | Hardwood. Treatment tags listed: Stratification | Cutting. Full propagation instructions are not reproduced in this public dataset; use the linked NPSOT/source pages for complete protocols.,https://www.npsot.org/posts/native-plant/ilex-decidua/,https://www.wildflower.org/plants/result.php?id_plant=ILDE | https://scnps.org/plants/ilex-decidua/ | https://dallascountymastergardeners.org/possumhaw-holly-ilex-decidua/ | https://plantiary.com/plant/ilex-decidua_4104.html
Ilex vomitoria,Ilex vomitoria,Yaupon Holly,Seed,Stratification | No Treatment,Materials listed: Seed. Treatment tags listed: Stratification | No Treatment. Full propagation instructions are not reproduced in this public dataset; use the linked NPSOT/source pages for complete protocols.,https://www.npsot.org/posts/native-plant/ilex-vomitoria/,https://www.wildflower.org/plants/result.php?id_plant=ILVO
Sorghastrum nutans,Sorghastrum nutans,Indiangrass,Seed,Stratification,Materials listed: Seed. Treatment tags listed: Stratification. Full propagation instructions are not reproduced in this public dataset; use the linked NPSOT/source pages for complete protocols.,https://www.npsot.org/posts/native-plant/indiangrass/,https://www.wildflower.org/plants/result.php?id_plant=SONU2 | https://npn.rngr.net/renderNPNProtocolDetails?selectedProtocolIds=poaceae-sorghastrum-288&referer=wildflower#:~:text=Seed%20is%20damp%20stratified%20by | https://www.wildflowerfarm.com/sorghastrum-nutans-indiangrass.html#:~:text=Indoors:%20No%20pre%2Dtreatment%20necessary
Indigofera miniata,Indigofera miniata,Scarlet Pea,Stem | Seed,Cutting | No Treatment,Materials listed: Stem | Seed. Treatment tags listed: Cutting | No Treatment. Full propagation instructions are not reproduced in this public dataset; use the linked NPSOT/source pages for complete protocols.,https://www.npsot.org/posts/native-plant/indigofera-miniata/,https://earthone.io/plant/indigofera%20miniata?srsltid=AfmBOopnFQkgPSQVbkC-hkpO5prze78IH5GRxGsFQQC1xmXLTSESZlme | https://beach-landscaping.com/groundcover-and-vines-coastal-indigo/#:~:text=Botanical%20name:%20indigofera%20miniata | https://www.picturethisai.com/wiki/Indigofera_miniata.html | https://www.wildflower.org/plants/result.php?id_plant=inmi
Ipomoea cordatotriloba,Ipomoea cordatotriloba,Purple Bindweed,Seed | Stem,No Treatment | Cutting | Scarification,Materials listed: Seed | Stem. Treatment tags listed: No Treatment | Cutting | Scarification. Full propagation instructions are not reproduced in this public dataset; use the linked NPSOT/source pages for complete protocols.,https://www.npsot.org/posts/native-plant/ipomoea-cordatotriloba/,https://earthone.io/plant/ipomoea%20cordatotriloba | https://propagate.one/how-to-propagate-ipomoea-cordatotriloba/?print=pdf | https://plantflowerseeds.com/products/ipomoea-cordatotriloba-tievine-10-seeds?srsltid=AfmBOoq_x_yrm2z1FlNEkFfjuTMJWq89P0WfixxbX-XEvwIZcxSJK0XN
Ipomoea leptophylla,Ipomoea leptophylla,Bush Morning Glory,Seed,Scarification,Materials listed: Seed. Treatment tags listed: Scarification. Full propagation instructions are not reproduced in this public dataset; use the linked NPSOT/source pages for complete protocols.,https://www.npsot.org/posts/native-plant/ipomoea-leptophylla/,https://pfaf.org/user/Plant.aspx?LatinName=Ipomoea+leptophylla#:~:text=Plant%20Propagation | https://www.nrcs.usda.gov/plantmaterials/kspmcpg12295.pdf | https://www.picturethisai.com/care/propagate/Ipomoea_leptophylla.html#:~:text=Bush%20morning%20glory%20is%20a%20hardy%20perennial
Ipomoea lindheimeri,Ipomoea lindheimeri,Lindheimer's Morning Glory,Seed,Scarification,Materials listed: Seed. Treatment tags listed: Scarification. Full propagation instructions are not reproduced in this public dataset; use the linked NPSOT/source pages for complete protocols.,https://www.npsot.org/posts/native-plant/ipomoea-lindheimeri/,https://www.picturethisai.com/wiki/Ipomoea_lindheimeri.html | https://www.sunshine-seeds.de/Ipomoea-lindheimeri-45841p.html?language=en
Ipomopsis rubra,Ipomopsis rubra,Standing Cypress,Seed,No Treatment,Materials listed: Seed. Treatment tags listed: No Treatment. Full propagation instructions are not reproduced in this public dataset; use the linked NPSOT/source pages for complete protocols.,https://www.npsot.org/posts/native-plant/ipomopsis-rubra/,https://www.wildflower.org/plants/result.php?id_plant=IPRU2
Iresine rhizomatosa,Iresine rhizomatosa,Wood Amaranth,Stem | Clump,Cutting | Division,Materials listed: Stem | Clump. Treatment tags listed: Cutting | Division. Full propagation instructions are not reproduced in this public dataset; use the linked NPSOT/source pages for complete protocols.,https://www.npsot.org/posts/native-plant/iresine-rhizomatosa/,https://propagate.one/how-to-propagate-iresine-rhizomatosa/ | https://plnts.com/en/care/houseplants-family/iresine | https://www.picturethisai.com/care/propagate/Iresine_rhizomatosa.html
Juglans microcarpa,Juglans microcarpa,Little Walnut,Seed,Stratification | No Treatment,Materials listed: Seed. Treatment tags listed: Stratification | No Treatment. Full propagation instructions are not reproduced in this public dataset; use the linked NPSOT/source pages for complete protocols.,https://www.npsot.org/posts/native-plant/juglans-microcarpa/,https://www.wildflower.org/plants/result.php?id_plant=JUMI
Juniperus ashei,Juniperus ashei,Ashe Juniper,Seed,No Treatment,Materials listed: Seed. Treatment tags listed: No Treatment. Full propagation instructions are not reproduced in this public dataset; use the linked NPSOT/source pages for complete protocols.,https://www.npsot.org/posts/native-plant/juniperus-ashei/,https://www.wildflower.org/plants/result.php?id_plant=JUAS
Juniperus virginiana,Juniperus virginiana,Eastern Red Cedar,Seed,Stratification | No Treatment,Materials listed: Seed. Treatment tags listed: Stratification | No Treatment. Full propagation instructions are not reproduced in this public dataset; use the linked NPSOT/source pages for complete protocols.,https://www.npsot.org/posts/native-plant/juniperus-virginiana/,https://www.wildflower.org/plants/result.php?id_plant=JUVI
Justicia americana,Justicia americana,Water Willow,Root | Seed | Stem,Division | No Treatment | Cutting,Materials listed: Root | Seed | Stem. Treatment tags listed: Division | No Treatment | Cutting. Full propagation instructions are not reproduced in this public dataset; use the linked NPSOT/source pages for complete protocols.,https://www.npsot.org/posts/native-plant/justicia-americana/,https://www.picturethisai.com/care/propagate/Justicia_americana.html | https://plantiary.com/plant/justicia-americana_12002.html | https://www.botanikks.com/plants/justicia-americana-l-vahl/517769/1
Justicia pilosella,Justicia pilosella,Hairy Tube-tongue,Stem | Seed,Cutting | No Treatment,Materials listed: Stem | Seed. Treatment tags listed: Cutting | No Treatment. Full propagation instructions are not reproduced in this public dataset; use the linked NPSOT/source pages for complete protocols.,https://www.npsot.org/posts/native-plant/justicia-pilosella/,https://davesgarden.com/guides/pf/go/75169
Krameria lanceolata,Krameria lanceolata,Trailing Ratany,Seed | Stem,Scarification | Cutting,Materials listed: Seed | Stem. Treatment tags listed: Scarification | Cutting. Full propagation instructions are not reproduced in this public dataset; use the linked NPSOT/source pages for complete protocols.,https://www.npsot.org/posts/native-plant/krameria-lanceolata/,https://www.wildflower.org/plants/result.php?id_plant=KRLA | https://propagate.one/how-to-propagate-krameria-lanceolata/?print=print | https://beetlesinthebush.com/2009/08/07/friday-flower-krameria-lanceolata/
Lantana horrida,Lantana horrida,Texas Lantana,Seed | Stem | Root,No Treatment | Cutting | Division,Materials listed: Seed | Stem | Root. Treatment tags listed: No Treatment | Cutting | Division. Full propagation instructions are not reproduced in this public dataset; use the linked NPSOT/source pages for complete protocols.,https://www.npsot.org/posts/native-plant/lantana-urticoides/,https://www.wildflower.org/plants/result.php?id_plant=LAUR2 | https://www.gardeningknowhow.com/ornamental/flowers/lantana/how-to-propagate-lantana.htm | https://dallascountymastergardeners.org/texas-lantana/#:~:text=Minimal%20care%20is%20required%20for
Lepidium virginicum,Lepidium virginicum,Peppergrass,Seed,No Treatment,Materials listed: Seed. Treatment tags listed: No Treatment. Full propagation instructions are not reproduced in this public dataset; use the linked NPSOT/source pages for complete protocols.,https://www.npsot.org/posts/native-plant/lepidium-virginicum/,https://www.canativeseeds.com/product/lepidium-virginicum-pepperweed-/872https://morningchores.com/growing-peppergrass/ | https://www.canativeseeds.com/product/lepidium-virginicum-pepperweed-/872 | https://earthone.io/plant/lepidium%20virginicum | https://www.picturethisai.com/care/Lepidium_virginicum.html#:~:text=How%20to%20Propagate%20Virginia%20pepperweed?&text=Virginia%20pepperweed%20is%20best%20propagated
Leptochloa dubia,Leptochloa dubia,Green Sprangletop,Seed,No Treatment,Materials listed: Seed. Treatment tags listed: No Treatment. Full propagation instructions are not reproduced in this public dataset; use the linked NPSOT/source pages for complete protocols.,https://www.npsot.org/posts/native-plant/leptochloa-dubia/,https://sharpseed.com/green-sprangletop/
Leucaena retusa,Leucaena retusa,Goldenball Leadtree,Seed,Scarification,Materials listed: Seed. Treatment tags listed: Scarification. Full propagation instructions are not reproduced in this public dataset; use the linked NPSOT/source pages for complete protocols.,https://www.npsot.org/posts/native-plant/leucaena-retusa/,https://www.innovationgrounds.com/goldenball-leadtree/
Leucophyllum frutescens,Leucophyllum frutescens,Cenizo,Seed | Softwood,No Treatment | Cutting,Materials listed: Seed | Softwood. Treatment tags listed: No Treatment | Cutting. Full propagation instructions are not reproduced in this public dataset; use the linked NPSOT/source pages for complete protocols.,https://www.npsot.org/posts/native-plant/leucophyllum-frutescens/,https://www.bhg.com/how-to-plant-and-grow-texas-sage-8286146#:~:text=How%20to%20Propagate%20Texas%20Sage | https://comalmg.org/focus-on-a-native-32/#:~:text=Cenizo%20propagation%20can%20be%20done | https://www.gardeningknowhow.com/ornamental/shrubs/texas-sage/rooting-texas-sage-cuttings.htm | https://www.missouribotanicalgarden.org/gardens-gardening/your-garden/help-for-the-home-gardener/advice-tips-resources/visual-guides/propagating-plants-by-cuttings#:~:text=Many%20plants%20will%20root%20from
Liatris aspera,Liatris aspera,Tall Blazing Star,Seed | Clump,Stratification | Division,Materials listed: Seed | Clump. Treatment tags listed: Stratification | Division. Full propagation instructions are not reproduced in this public dataset; use the linked NPSOT/source pages for complete protocols.,https://www.npsot.org/posts/native-plant/liatris-aspera/,https://mowildflowers.net/liatris-aspera-rough-blazing-star-1/#:~:text=Liatris%20aspera%20(Rough%20Blazing%20Star | https://plants.usda.gov/DocumentLibrary/plantguide/pdf/pg_lias.pdf
Liatris punctata,Liatris punctata,Gayfeather,Seed,Stratification | Scarification,Materials listed: Seed. Treatment tags listed: Stratification | Scarification. Full propagation instructions are not reproduced in this public dataset; use the linked NPSOT/source pages for complete protocols.,https://www.npsot.org/posts/native-plant/liatris-punctata-var-mucronata/,https://www.wildflower.org/plants/result.php?id_plant=LIPUM2
Lindera benzoin,Lindera benzoin,Spicebush,Seed,Stratification,Materials listed: Seed. Treatment tags listed: Stratification. Full propagation instructions are not reproduced in this public dataset; use the linked NPSOT/source pages for complete protocols.,https://www.npsot.org/posts/native-plant/lindera-benzoin/,https://www.wildflower.org/plants/result.php?id_plant=LIBE3
Lindheimera texana,Lindheimera texana,Texas Yellowstar,Seed,No Treatment,Materials listed: Seed. Treatment tags listed: No Treatment. Full propagation instructions are not reproduced in this public dataset; use the linked NPSOT/source pages for complete protocols.,https://www.npsot.org/posts/native-plant/lindheimera-texana/,https://www.gardenstylesanantonio.com/plants/lindheimer-daisy/# | https://www.picturethisai.com/care/Lindheimera_texana.html
Lithospermum incisum,Lithospermum incisum,Narrowleaf Puccoon,Seed | Root,Division,Materials listed: Seed | Root. Treatment tags listed: Division. Full propagation instructions are not reproduced in this public dataset; use the linked NPSOT/source pages for complete protocols.,https://www.npsot.org/posts/native-plant/lithospermum-incisum/,https://www.wildflower.org/plants/result.php?id_plant=LIIN2
Lobelia cardinalis,Lobelia cardinalis,Cardinal Flower,Seed | Stem,Stratification | Layering,Materials listed: Seed | Stem. Treatment tags listed: Stratification | Layering. Full propagation instructions are not reproduced in this public dataset; use the linked NPSOT/source pages for complete protocols.,https://www.npsot.org/posts/native-plant/lobelia-cardinalis/,https://www.wildflower.org/plants/result.php?id_plant=LOCA2
Lonicera albiflora,Lonicera albiflora,White Honeysuckle,Seed,Stratification,Materials listed: Seed. Treatment tags listed: Stratification. Full propagation instructions are not reproduced in this public dataset; use the linked NPSOT/source pages for complete protocols.,https://www.npsot.org/posts/native-plant/lonicera-albiflora/,https://www.wildflower.org/plants/result.php?id_plant=LOAL
Lonicera sempervirens,Lonicera sempervirens,Coral Honeysuckle,Softwood | Seed,Cutting | Stratification,Materials listed: Softwood | Seed. Treatment tags listed: Cutting | Stratification. Full propagation instructions are not reproduced in this public dataset; use the linked NPSOT/source pages for complete protocols.,https://www.npsot.org/posts/native-plant/lonicera-sempervirens/,https://www.thespruce.com/coral-honeysuckle-guide-5190661 | https://www.wildflower.org/plants/result.php?id_plant=lose
Ludwigia octovalvis,Ludwigia octovalvis,Mexican Primrose Willow,Seed | Stem | Offshoots,No Treatment | Cutting,Materials listed: Seed | Stem | Offshoots. Treatment tags listed: No Treatment | Cutting. Full propagation instructions are not reproduced in this public dataset; use the linked NPSOT/source pages for complete protocols.,https://www.npsot.org/posts/native-plant/ludwigia-octovalvis/,https://www.picturethisai.com/care/Ludwigia_octovalvis.html#:~:text=Key%20care%20points%20include%20ensuring | https://blog.cantonaquatics.com/aqua-eden-chronicles/the-ultimate-guide-to-propagating-ludwigia-repens#:~:text=Simply%20cut%20a%20healthy%20stem
Lupinus texensis,Lupinus texensis,Texas Bluebonnet,Seed,Scarification,Materials listed: Seed. Treatment tags listed: Scarification. Full propagation instructions are not reproduced in this public dataset; use the linked NPSOT/source pages for complete protocols.,https://www.npsot.org/posts/native-plant/lupinus-texensis/,https://www.wildflower.org/plants/result.php?id_plant=LUTE
Lycium berlandieri,Lycium berlandieri,Berlandier's Wolfberry,Seed | Semi-harwood | Softwood | Suckers,Stratification | Cutting | Division,Materials listed: Seed | Semi-harwood | Softwood | Suckers. Treatment tags listed: Stratification | Cutting | Division. Full propagation instructions are not reproduced in this public dataset; use the linked NPSOT/source pages for complete protocols.,https://www.npsot.org/posts/native-plant/lycium-berlandieri/,https://www.wildflower.org/plants/result.php?id_plant=LYBE | https://rngr.net/npn/propagation/protocols/lycium-berlandieri-lycium#:~:text=Mash%20the%20very%20wet%20berries | https://pfaf.org/user/Plant.aspx?LatinName=Lycium+berlandieri#:~:text=Plant%20Propagation | https://www.fs.usda.gov/database/feis/plants/shrub/lycber/all.html#:~:text=Stratified%20seeds%20of%20other%20wolfberry | https://www.botanikks.com
Lygodesmia texana,Lygodesmia texana,Texas Skeleton Plant,Stem,Cutting,Materials listed: Stem. Treatment tags listed: Cutting. Full propagation instructions are not reproduced in this public dataset; use the linked NPSOT/source pages for complete protocols.,https://www.npsot.org/posts/native-plant/lygodesmia-texana/,https://www.picturethisai.com/care/propagate/Lygodesmia_texana.html
Lythrum alatum,Lythrum alatum,Winged Loosestrife,Clump | Seed,Division | No Treatment | Stratification,Materials listed: Clump | Seed. Treatment tags listed: Division | No Treatment | Stratification. Full propagation instructions are not reproduced in this public dataset; use the linked NPSOT/source pages for complete protocols.,https://www.npsot.org/posts/native-plant/lythrum-alatum/,https://earthone.io/plant/lythrum%20alatum | https://www.everwilde.com/store/Lythrum-alatum-WildFlower-Seed.html | https://www.picturethisai.com/care/propagate/Lythrum_alatum.html
Maclura pomifera,Maclura pomifera,Osage Orange,Seed | Hardwood,Scarification | Cutting,Materials listed: Seed | Hardwood. Treatment tags listed: Scarification | Cutting. Full propagation instructions are not reproduced in this public dataset; use the linked NPSOT/source pages for complete protocols.,https://www.npsot.org/posts/native-plant/maclura-pomifera/,https://earthone.io/plant/maclura%20pomifera | https://www.gardenia.net/plant/maclura-pomifera#:~:text=Cuttings%20*%20Take%20hardwood%20cuttings%20in%20late
Berberis trifoliolata,Berberis trifoliolata,Agarita,Seed | Hardwood | Suckers,Stratification | Cutting | Division,Materials listed: Seed | Hardwood | Suckers. Treatment tags listed: Stratification | Cutting | Division. Full propagation instructions are not reproduced in this public dataset; use the linked NPSOT/source pages for complete protocols.,https://www.npsot.org/posts/native-plant/mahonia-trifoliolata/,https://en.wikipedia.org/wiki/Berberis_trifoliolata#:~:text=The%20plant%20can%20be%20reproduced | https://www.ensembletexas.com/agarita-mahonia-trifoliolata/#:~:text=Propagation: | https://pfaf.org/user/Plant.aspx?LatinName=Mahonia+trifoliolata#:~:text=Plant%20Propagation
Malvaviscus arboreus,Malvaviscus arboreus,Turk's Cap,Seed | Stem | Clump,No Treatment | Cutting | Division,Materials listed: Seed | Stem | Clump. Treatment tags listed: No Treatment | Cutting | Division. Full propagation instructions are not reproduced in this public dataset; use the linked NPSOT/source pages for complete protocols.,https://www.npsot.org/posts/native-plant/malvaviscus-arboreus-var-drummondii/,https://www.wildflower.org/plants/result.php?id_plant=MAARD#:~:text=Propagation%20Material:%20Root%20Division%20%2C%20Seeds | https://earthone.io/plant/malvaviscus%20arboreus
Marshallia caespitosa,Marshallia caespitosa,Barbara's Buttons,Seed | Clump division,No Treatment | Division,Materials listed: Seed | Clump division. Treatment tags listed: No Treatment | Division. Full propagation instructions are not reproduced in this public dataset; use the linked NPSOT/source pages for complete protocols.,https://www.npsot.org/posts/native-plant/marshallia-caespitosa/,https://propagate.one/how-to-propagate-marshallia-caespitosa/ | https://greg.app/barbaras-buttons-overview/#:~:text=%F0%9F%8C%B1%20Seed%20Propagation
Marsilea macropoda,Marsilea macropoda,Bigfoot Waterclover,Seed | Clump,No Treatment | Division,Materials listed: Seed | Clump. Treatment tags listed: No Treatment | Division. Full propagation instructions are not reproduced in this public dataset; use the linked NPSOT/source pages for complete protocols.,https://www.npsot.org/posts/native-plant/marsilea-macropoda/,https://www.picturethisai.com/care/Marsilea_vestita.html# | https://www.wildflower.org/plants/result.php?id_plant=MAMA9
Marsilea vestita,Marsilea vestita,Hairy Water Clover,Root,Division,Materials listed: Root. Treatment tags listed: Division. Full propagation instructions are not reproduced in this public dataset; use the linked NPSOT/source pages for complete protocols.,https://www.npsot.org/posts/native-plant/marsilea-vestita/,https://www.wildflower.org/plants/result.php?id_plant=MAVE2
Matelea biflora,Matelea biflora,Purple Milkweed Vine,Seed | Stem,Scarification | Stratification | Cutting,Materials listed: Seed | Stem. Treatment tags listed: Scarification | Stratification | Cutting. Full propagation instructions are not reproduced in this public dataset; use the linked NPSOT/source pages for complete protocols.,https://www.npsot.org/posts/native-plant/matelea-biflora/,https://plantflowerseeds.com/products/matelea-biflora#:~:text=Germinating%20Matelea%20biflora%20seeds%20can | https://greg.app/matelea-biflora-overview/#:~:text=Start%20by%20collecting%20seeds%20from
Matelea reticulata,Matelea reticulata,Pearl Milkweed Vine,Seed | Stem | Root,No Treatment | Cutting | Division,Materials listed: Seed | Stem | Root. Treatment tags listed: No Treatment | Cutting | Division. Full propagation instructions are not reproduced in this public dataset; use the linked NPSOT/source pages for complete protocols.,https://www.npsot.org/posts/native-plant/matelea-reticulata/,https://www.wildflower.org/plants/result.php?id_plant=MARE4 | https://greg.app/green-milkweed-vine-overview/
Maurandella antirrhiniflora,Maurandella antirrhiniflora,Snapdragon Vine,Seed | Stem,No Treatment | Cutting,Materials listed: Seed | Stem. Treatment tags listed: No Treatment | Cutting. Full propagation instructions are not reproduced in this public dataset; use the linked NPSOT/source pages for complete protocols.,https://www.npsot.org/posts/native-plant/maurandella-antirrhiniflora/,https://propagate.one/how-to-propagate-maurandella-antirrhiniflora/?print=pdf
Melampodium leucanthum,Melampodium leucanthum,Blackfoot Daisy,Seed | Stem,No Treatment | Cutting,Materials listed: Seed | Stem. Treatment tags listed: No Treatment | Cutting. Full propagation instructions are not reproduced in this public dataset; use the linked NPSOT/source pages for complete protocols.,https://www.npsot.org/posts/native-plant/melampodium-leucanthum/,https://www.bhg.com/gardening/plant-dictionary/annual/melampodium/#:~:text=How%20to%20Propagate%20Melampodium | https://plantiary.com/plant/melampodium-leucanthum_1074.html#:~:text=To%20propagate%20this%20plant%2C%20you
Melica mutica,Melica mutica,Two-flower Melic Grass,Clump,Division,Materials listed: Clump. Treatment tags listed: Division. Full propagation instructions are not reproduced in this public dataset; use the linked NPSOT/source pages for complete protocols.,https://www.npsot.org/posts/native-plant/melica-mutica/,https://www.picturethisai.com/wiki/Melica_mutica.html
Melochia pyramidata,Melochia pyramidata,Pyramid Flower,Seed | Stem,No Treatment | Cutting,Materials listed: Seed | Stem. Treatment tags listed: No Treatment | Cutting. Full propagation instructions are not reproduced in this public dataset; use the linked NPSOT/source pages for complete protocols.,https://www.npsot.org/posts/native-plant/melochia-pyramidata/,https://www.picturethisai.com/wiki/Melochia_pyramidata.html#:~:text=Pyramid%20flower%20(Melochia%20pyramidata | https://earthone.io/plant/melochia%20pyramidata?srsltid=AfmBOoq8j7Qtme3NMsO-at6WLinChO9HeL8e7SqEhz0WuH5Il8u8EjmI
Menodora heterophylla,Menodora heterophylla,Low Menodora,Seed | Stem,No Treatment | Stratification | Cutting,Materials listed: Seed | Stem. Treatment tags listed: No Treatment | Stratification | Cutting. Full propagation instructions are not reproduced in this public dataset; use the linked NPSOT/source pages for complete protocols.,https://www.npsot.org/posts/native-plant/menodora-heterophylla/,https://www.picturethisai.com/care/propagate/Menodora_heterophylla.html#:~:text=Harvest%20mature%20seeds%20from%20existing | https://www.botanikks.com/plants/menodora-heterophylla-moric-ex-dc/559367/1 | https://propagate.one/how-to-propagate-menodora-heterophylla/
Menodora longiflora,Menodora longiflora,Showy Menodora,Seed | Stem,No Treatment | Scarification | Cutting,Materials listed: Seed | Stem. Treatment tags listed: No Treatment | Scarification | Cutting. Full propagation instructions are not reproduced in this public dataset; use the linked NPSOT/source pages for complete protocols.,https://www.npsot.org/posts/native-plant/menodora-longiflora/,https://www.picturethisai.com/care/propagate/Menodora_longiflora.html#:~:text=Showy%20menodora%20thrives%20well%20in | https://www.forwardplant.com/plant-info/menodora-longiflora/
Merremia dissecta,Merremia dissecta,Alamo Vine,Seed | Stem | Root,Scarification | Cutting,Materials listed: Seed | Stem | Root. Treatment tags listed: Scarification | Cutting. Full propagation instructions are not reproduced in this public dataset; use the linked NPSOT/source pages for complete protocols.,https://www.npsot.org/posts/native-plant/merremia-dissecta/,https://floridaseeds.net/products/cutleaf-morning-glory-merremia-dissecta-organic-10-fresh-seeds-free-us-shipping | https://plantiary.com/plant/merremia-dissecta_5590.html | https://sharonsflorida.com/plants-page/native-vines/noyau-vine/
Meximalva filipes,Meximalva filipes,Texasfan,Seed | Stem,No Treatment | Cutting | Scarification,Materials listed: Seed | Stem. Treatment tags listed: No Treatment | Cutting | Scarification. Full propagation instructions are not reproduced in this public dataset; use the linked NPSOT/source pages for complete protocols.,https://www.npsot.org/posts/native-plant/meximalva-filipes/,https://propagate.one/how-to-propagate-meximalva-filipes/ | https://www.montana.edu/extension/broadwater/blog-article.html?id=21879 | https://www.picturethisai.com/care/propagate/Meximalva_filipes.html
Mimosa strigillosa,Mimosa strigillosa,Powderpuff,Stem | Seed,Cutting | Scarification,Materials listed: Stem | Seed. Treatment tags listed: Cutting | Scarification. Full propagation instructions are not reproduced in this public dataset; use the linked NPSOT/source pages for complete protocols.,https://www.npsot.org/posts/native-plant/mimosa-strigillosa/,https://www.wildflower.org/plants/result.php?id_plant=MIST2 | https://floridanativegarden.wordpress.com/2017/04/14/a-short-bit-on-sunshine-mimosa-mimosa-strigillosa/#:~:text=Mimosa%20strigillosa%20is%20easily%20propagated
Mirabilis albida,Mirabilis albida,White Four O'Clock,Seed | Stem,No Treatment | Cutting,Materials listed: Seed | Stem. Treatment tags listed: No Treatment | Cutting. Full propagation instructions are not reproduced in this public dataset; use the linked NPSOT/source pages for complete protocols.,https://www.npsot.org/posts/native-plant/mirabilis-albida/,https://earthone.io/plant/mirabilis%20albida?srsltid=AfmBOoqqnZw_ONtkCk2J74geDcBGyiifbTqj2i8Ie8wz_Ms2Ey9Lrd01
Mirabilis linearis,Mirabilis linearis,Narrowleaf Four O'Clock,Seed,No Treatment,Materials listed: Seed. Treatment tags listed: No Treatment. Full propagation instructions are not reproduced in this public dataset; use the linked NPSOT/source pages for complete protocols.,https://www.npsot.org/posts/native-plant/mirabilis-linearis/,https://www.picturethisai.com/care/propagate/Mirabilis_linearis.html
Mirabilis nyctaginea,Mirabilis nyctaginea,Wild Four O'clock,Seed | Stem,Scarification | No Treatment | Cutting,Materials listed: Seed | Stem. Treatment tags listed: Scarification | No Treatment | Cutting. Full propagation instructions are not reproduced in this public dataset; use the linked NPSOT/source pages for complete protocols.,https://www.npsot.org/posts/native-plant/mirabilis-nyctaginea/,https://www.picturethisai.com/care/propagate/Mirabilis_nyctaginea.html | https://plants.ces.ncsu.edu/plants/mirabilis-jalapa/#:~:text=Four%2Do'clock%20can%20be | https://propagate.one/how-to-propagate-mirabilis-nyctaginea/ | https://pfaf.org/user/Plant.aspx?LatinName=Mirabilis+nyctaginea#:~:text=Plant%20Propagation
Monarda citriodora,Monarda citriodora,Horsemint,Seed | Offshoots | Clump,No Treatment | Cutting | Division,Materials listed: Seed | Offshoots | Clump. Treatment tags listed: No Treatment | Cutting | Division. Full propagation instructions are not reproduced in this public dataset; use the linked NPSOT/source pages for complete protocols.,https://www.npsot.org/posts/native-plant/monarda-citriodora/,https://pfaf.org/user/Plant.aspx?LatinName=Monarda+citriodora#:~:text=Plant%20Propagation
Monarda fistulosa,Monarda fistulosa,Beebalm,Stem | Seed | Clump,Division | Stratification | No Treatment,Materials listed: Stem | Seed | Clump. Treatment tags listed: Division | Stratification | No Treatment. Full propagation instructions are not reproduced in this public dataset; use the linked NPSOT/source pages for complete protocols.,https://www.npsot.org/posts/native-plant/monarda-fistulosa/,https://plants.usda.gov/DocumentLibrary/plantguide/pdf/cs_mofi.pdf | https://www.wildflower.org/plants/result.php?id_plant=MOFI | https://warcapps.usgs.gov/PlantID/Species/Details/2628#:~:text=Propagation%20by%20seeds%20is%20easy | https://pfaf.org/user/Plant.aspx?LatinName=Monarda+fistulosa#:~:text=Plant%20Propagation | https://npn.rngr.net/renderNPNProtocolDetails?selectedProtocolIds=lamiaceae-monarda-95#:~:text=Ecotype:
Monarda punctata,Monarda punctata,Spotted Beebalm,Seed | Stem | Clump,No Treatment | Cutting | Division,Materials listed: Seed | Stem | Clump. Treatment tags listed: No Treatment | Cutting | Division. Full propagation instructions are not reproduced in this public dataset; use the linked NPSOT/source pages for complete protocols.,https://www.npsot.org/posts/native-plant/monarda-punctata/,https://www.epicgardening.com/spotted-bee-balm/ | https://pfaf.org/user/Plant.aspx?LatinName=Monarda+punctata#:~:text=Plant%20Propagation | https://www.gardeningknowhow.com/ornamental/flowers/how-to-grow-horsemint | https://earthone.io/plant/monarda%20punctata
Morus rubra,Morus rubra,Red Mulberry,Seed | Hardwood,Stratification | Cutting,Materials listed: Seed | Hardwood. Treatment tags listed: Stratification | Cutting. Full propagation instructions are not reproduced in this public dataset; use the linked NPSOT/source pages for complete protocols.,https://www.npsot.org/posts/native-plant/morus-rubra/,https://lovenativeplants.com/blog/redmulberry#:~:text=Propagation%20Tips:%20Collect%20fruit%20around | https://woodlanders.net/products/morus-rubra#:~:text=Propagation:%20Morus%20rubra%20can%20be | https://hort.ifas.ufl.edu/database/lppi/sp258.shtml
Muhlenbergia capillaris,Muhlenbergia capillaris,Gulf Muhly,Clump | Seed,Division,Materials listed: Clump | Seed. Treatment tags listed: Division. Full propagation instructions are not reproduced in this public dataset; use the linked NPSOT/source pages for complete protocols.,https://www.npsot.org/posts/native-plant/muhlenbergia-capillaris/,https://www.wildflower.org/plants/result.php?id_plant=MUCA2 | https://www.picturethisai.com/care/propagate/Muhlenbergia_capillaris.html#:~:text=What%20Is%20the%20Best%20Time | https://dallascountymastergardeners.org/muhlenbergia-capillaris-pink-muhly-grass/
Muhlenbergia dubia,Muhlenbergia dubia,Pine Muhly,Seed,No Treatment,Materials listed: Seed. Treatment tags listed: No Treatment. Full propagation instructions are not reproduced in this public dataset; use the linked NPSOT/source pages for complete protocols.,https://www.npsot.org/posts/native-plant/muhlenbergia-dubia/,https://www.wildflower.org/plants/result.php?id_plant=MUDU
Muhlenbergia schreberi,Muhlenbergia schreberi,Nimblewill,Seed | Clump | Softwood,No Treatment | Division | Cutting,Materials listed: Seed | Clump | Softwood. Treatment tags listed: No Treatment | Division | Cutting. Full propagation instructions are not reproduced in this public dataset; use the linked NPSOT/source pages for complete protocols.,https://www.npsot.org/posts/native-plant/muhlenbergia-schreberi/,https://propagate.one/how-to-propagate-muhlenbergia-schreberi/ | https://plants.ces.ncsu.edu/plants/muhlenbergia-schreberi/#:~:text=In%20the%20fall%2C%20attractive%20panicles | https://gardeningsolutions.ifas.ufl.edu/plants/ornamentals/muhly-grass/#:~:text=As%20the%20plants%20age%2C%20they
Nassella leucotricha,Nassella leucotricha,Texas Wintergrass,Seed | Bud | Stem,No Treatment | Division | Cutting,Materials listed: Seed | Bud | Stem. Treatment tags listed: No Treatment | Division | Cutting. Full propagation instructions are not reproduced in this public dataset; use the linked NPSOT/source pages for complete protocols.,https://www.npsot.org/posts/native-plant/nassella-leucotricha/,https://greg.app/texas-wintergrass-overview/#:~:text=%F0%9F%8C%9E%20Texas%20Wintergrass%20thrives%20in
Nemastylis geminiflora,Nemastylis geminiflora,Prairie Celestials,Bulb | Seed,Division | Stratification,Materials listed: Bulb | Seed. Treatment tags listed: Division | Stratification. Full propagation instructions are not reproduced in this public dataset; use the linked NPSOT/source pages for complete protocols.,https://www.npsot.org/posts/native-plant/nemastylis-geminiflora/,https://www.picturethisai.com/wiki/Nemastylis_geminiflora.html#:~:text=Propagation:%20Prairie%20pleatleaf%20can%20be | https://propagate.one/how-to-propagate-nemastylis-geminiflora/
Nemophila phacelioides,Nemophila phacelioides,Baby Blue Eyes,Seed,No Treatment,Materials listed: Seed. Treatment tags listed: No Treatment. Full propagation instructions are not reproduced in this public dataset; use the linked NPSOT/source pages for complete protocols.,https://www.npsot.org/posts/native-plant/nemophila-phacelioides/,https://en.wikipedia.org/wiki/Nemophila_phacelioides#:~:text=Cultivation | https://earthone.io/plant/nemophila%20phacelioides?srsltid=AfmBOopD5nCKxIIb2D15NB1TwjX2TLD1FldLfu-3WQDFHwOrSVnJxgwj | https://anps.org/2016/05/02/know-your-natives-large-flower-baby-blue-eyes/ | https://www.picturethisai.com/wiki/Nemophila_phacelioides.html
Neptunia pubescens,Neptunia pubescens,Tropical Puff,Seed,Scarification,Materials listed: Seed. Treatment tags listed: Scarification. Full propagation instructions are not reproduced in this public dataset; use the linked NPSOT/source pages for complete protocols.,https://www.npsot.org/posts/native-plant/neptunia-pubescens/,https://hawthornhillwildflowers.blogspot.com/2020/06/tropical-puff-neptunia-pubescens.html
Nolina lindheimeriana,Nolina lindheimeriana,Devil's Shoestring,Seed | Clump,No Treatment | Division,Materials listed: Seed | Clump. Treatment tags listed: No Treatment | Division. Full propagation instructions are not reproduced in this public dataset; use the linked NPSOT/source pages for complete protocols.,https://www.npsot.org/posts/native-plant/nolina-lindheimeriana/,https://propagate.one/how-to-propagate-nolina-lindheimeriana/
Nolina texana,Nolina texana,Texas Beargrass,Seed,No Treatment,Materials listed: Seed. Treatment tags listed: No Treatment. Full propagation instructions are not reproduced in this public dataset; use the linked NPSOT/source pages for complete protocols.,https://www.npsot.org/posts/native-plant/nolina-texana/,https://www.wildflower.org/plants/result.php?id_plant=NOTE
Nyctaginia capitata,Nyctaginia capitata,Devil's Bouquet,Seed | Stem | Bud,Scarification | Cutting | Division,Materials listed: Seed | Stem | Bud. Treatment tags listed: Scarification | Cutting | Division. Full propagation instructions are not reproduced in this public dataset; use the linked NPSOT/source pages for complete protocols.,https://www.npsot.org/posts/native-plant/nyctaginia-capitata/,https://greg.app/headed-four-oclock-overview/#:~:text=%F0%9F%8C%B1%20Seed%20Propagation | https://www.picturethisai.com/care/Nyctaginia_capitata.html#:~:text=How%20to%20Propagate%20Devil's%20bouquet?&text=This%20captivating%20ornamental's%20allure%20is
Nymphaea odorata,Nymphaea odorata,White Waterlily,Rhizome,Division,Materials listed: Rhizome. Treatment tags listed: Division. Full propagation instructions are not reproduced in this public dataset; use the linked NPSOT/source pages for complete protocols.,https://www.npsot.org/posts/native-plant/nymphaea-odorata/,https://earthone.io/plant/nymphaea%20odorata?srsltid=AfmBOooy3H3XurVN-gYEY5W06fbKtx8l02PXxgNHGGlAPQ7nzXC3wAFj
Other common name(s):,Other common name(s):,Long Flower Beeblossom,Seed,No Treatment,Materials listed: Seed. Treatment tags listed: No Treatment. Full propagation instructions are not reproduced in this public dataset; use the linked NPSOT/source pages for complete protocols.,https://www.npsot.org/posts/native-plant/oenothera-%ef%ac%81liformis/,https://www.picturethisai.com/care/propagate/Oenothera_filiformis.html | https://earthone.io/plant/oenothera%20lindheimeri
Oenothera hartwegii,Oenothera hartwegii,Western Primrose,Seed,No Treatment,Materials listed: Seed. Treatment tags listed: No Treatment. Full propagation instructions are not reproduced in this public dataset; use the linked NPSOT/source pages for complete protocols.,https://www.npsot.org/posts/native-plant/oenothera-hartwegii-ssp-hartwegii/,https://www.picturethisai.com/care/propagate/Oenothera_hartwegii_subsp._hartwegii.html
Oenothera laciniata,Oenothera laciniata,Cutleaf Evening Primrose,Seed | Clump,No Treatment | Division,Materials listed: Seed | Clump. Treatment tags listed: No Treatment | Division. Full propagation instructions are not reproduced in this public dataset; use the linked NPSOT/source pages for complete protocols.,https://www.npsot.org/posts/native-plant/oenothera-laciniata/,https://greg.app/cutleaf-evening-primrose-overview/#:~:text=%E2%9C%82%EF%B8%8F%20Division%20of%20Established%20Plants | https://www.picturethisai.com/care/Oenothera_laciniata.html
Oenothera macrocarpa,Oenothera macrocarpa,Missouri Primrose,Seed | Stem,No Treatment | Cutting,Materials listed: Seed | Stem. Treatment tags listed: No Treatment | Cutting. Full propagation instructions are not reproduced in this public dataset; use the linked NPSOT/source pages for complete protocols.,https://www.npsot.org/posts/native-plant/oenothera-macrocarpa/,https://earthone.io/plant/oenothera%20macrocarpa
Oenothera serrulata,Oenothera serrulata,Yellow Evening Primrose,Stem | Seed,Cutting | Scarification,Materials listed: Stem | Seed. Treatment tags listed: Cutting | Scarification. Full propagation instructions are not reproduced in this public dataset; use the linked NPSOT/source pages for complete protocols.,https://www.npsot.org/posts/native-plant/oenothera-serrulata/,https://www.picturethisai.com/care/Oenothera_serrulata.html | https://davesgarden.com/guides/pf/go/185704 | https://earthone.io/plant/oenothera%20parviflora
Oenothera speciosa,Oenothera speciosa,Pink Evening Primrose,Root | Seed | Stem,Division | No Treatment | Cutting,Materials listed: Root | Seed | Stem. Treatment tags listed: Division | No Treatment | Cutting. Full propagation instructions are not reproduced in this public dataset; use the linked NPSOT/source pages for complete protocols.,https://www.npsot.org/posts/native-plant/oenothera-speciosa/,https://planetdesert.com/products/pink-ladies-plant-oenothera-speciosa#:~:text=How%20to%20Propagate%20Oenothera%20speciosa | https://propagate.one/how-to-propagate-oenothera-speciosa/#google_vignette | https://www.greauxnative.org/post/pink-evening-primrose-oenothera-speciosa#:~:text=This%20plant%20can%20be%20propagated
Onosmodium bejariense var. bejariense,Onosmodium bejariense var. bejariense,False Gromwell,Seed,No Treatment,Materials listed: Seed. Treatment tags listed: No Treatment. Full propagation instructions are not reproduced in this public dataset; use the linked NPSOT/source pages for complete protocols.,https://www.npsot.org/posts/native-plant/onosmodium-bejariense-var-bejariense/,https://www.wildflower.org/expert/show.php?id=1769 | https://davesgarden.com/guides/pf/go/68305
Opuntia engelmannii,Opuntia engelmannii,Prickly Pear,Stem | Seed,Transplant | Scarification,Materials listed: Stem | Seed. Treatment tags listed: Transplant | Scarification. Full propagation instructions are not reproduced in this public dataset; use the linked NPSOT/source pages for complete protocols.,https://www.npsot.org/posts/native-plant/opuntia-engelmannii-var-lindheimeri/,https://propagate.one/how-to-propagate-opuntia-engelmannii/
Oxalis drummondii,Oxalis drummondii,Drummond's Woodsorrel,Seed | Clump division | Root,No Treatment | Division,Materials listed: Seed | Clump division | Root. Treatment tags listed: No Treatment | Division. Full propagation instructions are not reproduced in this public dataset; use the linked NPSOT/source pages for complete protocols.,https://www.npsot.org/posts/native-plant/oxalis-drummondii/,https://greg.app/drummonds-woodsorrel-overview/#:~:text=%F0%9F%8C%B1%20Seed%20Propagation | https://www.picturethisai.com/care/Oxalis_drummondii.html#:~:text=How%20to%20Propagate%20Drummond's%20woodsorrel?&text=Drummond's%20woodsorrel%20can%20be%20effectively | https://earthone.io/plant/oxalis%20drummondii
Packera obovata,Packera obovata,Golden Groundsel,Seed | Offshoots,No Treatment | Division | Stratification,Materials listed: Seed | Offshoots. Treatment tags listed: No Treatment | Division | Stratification. Full propagation instructions are not reproduced in this public dataset; use the linked NPSOT/source pages for complete protocols.,https://www.npsot.org/posts/native-plant/packera-obovata/,https://mowildflowers.net/packera-obovata-roundleaf-groundsel/# | https://www.youtube.com/watch?v=zDvVug7UBFU
Palafoxia rosea,Palafoxia rosea,Rosy Palafox,Seed,Stratification | No Treatment,Materials listed: Seed. Treatment tags listed: Stratification | No Treatment. Full propagation instructions are not reproduced in this public dataset; use the linked NPSOT/source pages for complete protocols.,https://www.npsot.org/posts/native-plant/palafoxia-rosea/,https://davesgarden.com/guides/pf/go/983
Panicum virgatum,Panicum virgatum,Switchgrass,Seed | Clump,No Treatment | Division,Materials listed: Seed | Clump. Treatment tags listed: No Treatment | Division. Full propagation instructions are not reproduced in this public dataset; use the linked NPSOT/source pages for complete protocols.,https://www.npsot.org/posts/native-plant/panicum-virgatum/,https://hort.extension.wisc.edu/articles/switch-grass-panicum-virgatum/#:~:text=Propagating%20Switchgrass&text=The%20species%20can%20be%20grown | https://www.wildflowerfarm.com/panicum-virgatum-switchgrass.html#:~:text=Here's%20some%20information%20about%20growing%20Panicum%20virgatum | https://www.gardendesign.com/ornamental-grasses/switchgrass.html#:~:text=Switchgrass%20should%20be%20divided%20every | https://growingthehomegarden.com/propagating-switchgrass-through/
Pappophorum bicolor,Pappophorum bicolor,Pink Pappusgrass,Seed,No Treatment,Materials listed: Seed. Treatment tags listed: No Treatment. Full propagation instructions are not reproduced in this public dataset; use the linked NPSOT/source pages for complete protocols.,https://www.npsot.org/posts/native-plant/pappophorum-bicolor/,https://www.nrcs.usda.gov/plantmaterials/stpmcpg9999.pdf
Parthenocissus heptaphylla,Parthenocissus heptaphylla,Seven-leaf Creeper,Semi-harwood | Hardwood | Stem | Seed,Cutting | Layering | Stratification | No Treatment,Materials listed: Semi-harwood | Hardwood | Stem | Seed. Treatment tags listed: Cutting | Layering | Stratification | No Treatment. Full propagation instructions are not reproduced in this public dataset; use the linked NPSOT/source pages for complete protocols.,https://www.npsot.org/posts/native-plant/parthenocissus-heptaphylla/,https://www.picturethisai.com/care/propagate/Parthenocissus_heptaphylla.html | https://plantiary.com/plant/parthenocissus-heptaphylla_40935.html | https://propagate.one/how-to-propagate-parthenocissus-heptaphylla/ | https://greg.app/parthenocissus-heptaphylla-overview/
Parthenocissus quinquefolia,Parthenocissus quinquefolia,Virginia Creeper,Seed,No Treatment | Stratification,Materials listed: Seed. Treatment tags listed: No Treatment | Stratification. Full propagation instructions are not reproduced in this public dataset; use the linked NPSOT/source pages for complete protocols.,https://www.npsot.org/posts/native-plant/parthenocissus-quinquefolia/,https://www.wildflower.org/plants/result.php?id_plant=PAQU2
Paspalum floridanum,Paspalum floridanum,Florida Paspalum,Seed | Clump | Stem,No Treatment | Division | Cutting,Materials listed: Seed | Clump | Stem. Treatment tags listed: No Treatment | Division | Cutting. Full propagation instructions are not reproduced in this public dataset; use the linked NPSOT/source pages for complete protocols.,https://www.npsot.org/posts/native-plant/paspalum-floridanum/,https://plants.usda.gov/DocumentLibrary/plantguide/pdf/pg_pafl4.pdf | https://greg.app/florida-paspalum-overview/#:~:text=Florida%20Paspalum%20supports%20local%20wildlife
Paspalum plicatulum,Paspalum plicatulum,Brownseed Paspalum,Seed | Corm,No Treatment | Division | Stratification,Materials listed: Seed | Corm. Treatment tags listed: No Treatment | Division | Stratification. Full propagation instructions are not reproduced in this public dataset; use the linked NPSOT/source pages for complete protocols.,https://www.npsot.org/posts/native-plant/paspalum-plicatulum/,https://greg.app/paspalum-plicatulum-overview/#:~:text=Next%2C%20let's%20explore%20the%20propagation | https://tropicalforages.info/text/entities/paspalum_plicatulum.htm#:~:text=It%20is%20normally%20planted%20from
Passiflora affinis,Passiflora affinis,Bracted Passionflower,Seed | Softwood | Stem,No Treatment | Cutting | Layering | Grafting,Materials listed: Seed | Softwood | Stem. Treatment tags listed: No Treatment | Cutting | Layering | Grafting. Full propagation instructions are not reproduced in this public dataset; use the linked NPSOT/source pages for complete protocols.,https://www.npsot.org/posts/native-plant/passiflora-affinis/,https://plantiary.com/plant/passiflora-affinis_21195.html | https://www.forwardplant.com/care/propagate/passiflora-affinis/ | https://www.picturethisai.com/care/propagate/Passiflora_affinis.html
Passiflora incarnata,Passiflora incarnata,Purple Passionflower,Seed | Stem,Stratification | Cutting,Materials listed: Seed | Stem. Treatment tags listed: Stratification | Cutting. Full propagation instructions are not reproduced in this public dataset; use the linked NPSOT/source pages for complete protocols.,https://www.npsot.org/posts/native-plant/passiflora-incarnata/,https://thecameronteam.net/passiflora-incarnata-history-propagation-planting-uses/ | https://www.wildflower.org/plants/result.php?id_plant=PAIN6
Passiflora lutea,Passiflora lutea,Yellow Passionflower,Stem | Seed,Cutting | Scarification,Materials listed: Stem | Seed. Treatment tags listed: Cutting | Scarification. Full propagation instructions are not reproduced in this public dataset; use the linked NPSOT/source pages for complete protocols.,https://www.npsot.org/posts/native-plant/passiflora-lutea/,https://earthone.io/plant/passiflora%20lutea | https://www.picturethisai.com/care/propagate/Passiflora_lutea.html | https://www.picturethisai.com/care/Passiflora_lutea.html
Passiflora tenuiloba,Passiflora tenuiloba,Birdwing Passionflower,Seed | Stem,"Scarification | Cutting, Root | Layering","Materials listed: Seed | Stem. Treatment tags listed: Scarification | Cutting, Root | Layering. Full propagation instructions are not reproduced in this public dataset; use the linked NPSOT/source pages for complete protocols.",https://www.npsot.org/posts/native-plant/passiflora-tenuiloba/,https://greg.app/passiflora-tenuiloba-overview/
Pavonia lasiopetala,Pavonia lasiopetala,Rock Rose,Seed | Softwood,Scarification | Cutting,Materials listed: Seed | Softwood. Treatment tags listed: Scarification | Cutting. Full propagation instructions are not reproduced in this public dataset; use the linked NPSOT/source pages for complete protocols.,https://www.npsot.org/posts/native-plant/pavonia-lasiopetala/,https://www.wildflower.org/plants/result.php?id_plant=PALA13
Pectis angustifolia,Pectis angustifolia,Limoncillo,Seed,No Treatment,Materials listed: Seed. Treatment tags listed: No Treatment. Full propagation instructions are not reproduced in this public dataset; use the linked NPSOT/source pages for complete protocols.,https://www.npsot.org/posts/native-plant/pectis-angustifolia/,https://www.wildflower.org/plants/result.php?id_plant=PEAN
Pellaea atropurpurea,Pellaea atropurpurea,Purple Cliffbrake Fern,Spores | Bud,No Treatment | Division,Materials listed: Spores | Bud. Treatment tags listed: No Treatment | Division. Full propagation instructions are not reproduced in this public dataset; use the linked NPSOT/source pages for complete protocols.,https://www.npsot.org/posts/native-plant/pellaea-atropurpurea/,https://mdc.mo.gov/discover-nature/field-guide/purple-cliff-brake#:~:text=Ferns%20have%20a%20two%2Dpart | https://plantiary.com/plant/pellaea-atropurpurea_15156.html#:~:text=Propagation%3A%20You%20can%20propagate%20Pellaea
Penstemon baccharifolius,Penstemon baccharifolius,Rock Penstemon,Seed,No Treatment,Materials listed: Seed. Treatment tags listed: No Treatment. Full propagation instructions are not reproduced in this public dataset; use the linked NPSOT/source pages for complete protocols.,https://www.npsot.org/posts/native-plant/penstemon-baccharifolius/,https://tomclothier.hort.net/page08.html#b
Penstemon cobaea,Penstemon cobaea,Wild Foxglove,Seed | Stem | Clump,Stratification | Cutting | Division,Materials listed: Seed | Stem | Clump. Treatment tags listed: Stratification | Cutting | Division. Full propagation instructions are not reproduced in this public dataset; use the linked NPSOT/source pages for complete protocols.,https://www.npsot.org/posts/native-plant/penstemon-cobaea/,https://earthone.io/plant/penstemon%20cobaea?srsltid=AfmBOor2ypxSJEUcPwhATyZkscT0KAOSg5EGEDFHrL2MfGd67czC4XuT | https://plants.ces.ncsu.edu/plants/penstemon/ | https://www.wildflower.org/plants/result.php?id_plant=PECO4
Penstemon digitalis,Penstemon digitalis,Smooth White Penstemon,Clump | Seed | Stem,Division | Stratification | Cutting,Materials listed: Clump | Seed | Stem. Treatment tags listed: Division | Stratification | Cutting. Full propagation instructions are not reproduced in this public dataset; use the linked NPSOT/source pages for complete protocols.,https://www.npsot.org/posts/native-plant/penstemon-digitalis/,https://www.wildflower.org/plants/result.php?id_plant=PEDI | https://plantiary.com/plant/penstemon-digitalis_864.html | https://growitbuildit.com/foxglove-beardtongue-guide-penstemon-digitalis/
Penstemon laxiflorus,Penstemon laxiflorus,Nodding Beardtongue,Seed | Bud,Stratification | No Treatment,Materials listed: Seed | Bud. Treatment tags listed: Stratification | No Treatment. Full propagation instructions are not reproduced in this public dataset; use the linked NPSOT/source pages for complete protocols.,https://www.npsot.org/posts/native-plant/penstemon-laxiflorus/,https://warcapps.usgs.gov/PlantID/Species/Details/4024#:~:text=Beardtongue%20prefers%20full%20to%20a
Penstemon murrayanus,Penstemon murrayanus,Cupleaf Penstemon,Seed,"No Treatment | Scarification, Stratification","Materials listed: Seed. Treatment tags listed: No Treatment | Scarification, Stratification. Full propagation instructions are not reproduced in this public dataset; use the linked NPSOT/source pages for complete protocols.",https://www.npsot.org/posts/native-plant/penstemon-murrayanus/,https://meristemhorticulture.com/planted/scarlet-penstemon#:~:text=These%20plants%20I%20found%20provided | https://davesgarden.com/guides/pf/go/138793
Penstemon triflorus,Penstemon triflorus,Hill Country Penstemon,Seed | Stem,No Treatment | Cutting,Materials listed: Seed | Stem. Treatment tags listed: No Treatment | Cutting. Full propagation instructions are not reproduced in this public dataset; use the linked NPSOT/source pages for complete protocols.,https://www.npsot.org/posts/native-plant/penstemon-triflorus/,https://greg.app/hill-country-penstemon-overview/#
Phacelia congesta,Phacelia congesta,Blue Curls,Seed | Cutting,No Treatment | Stratification,Materials listed: Seed | Cutting. Treatment tags listed: No Treatment | Stratification. Full propagation instructions are not reproduced in this public dataset; use the linked NPSOT/source pages for complete protocols.,https://www.npsot.org/posts/native-plant/phacelia-congesta/,https://hayefield.com/product/phacelia-congesta-blue-curls/#:~:text=Germination%20Information:%20You%20can%20start | https://www.forwardplant.com/care/propagate/phacelia-congesta/ | https://nativefloraseeds.org/products/blue-curls#:~:text=Spring%20Sowing:%20If%20starting%20indoors%2C%20stratify%20seeds | https://propagate.one/how-to-propagate-phacelia-congesta/
Philadelphus ernestii,Philadelphus ernestii,Canyon Mock Orange,Semi-harwood,Cutting,Materials listed: Semi-harwood. Treatment tags listed: Cutting. Full propagation instructions are not reproduced in this public dataset; use the linked NPSOT/source pages for complete protocols.,https://www.npsot.org/posts/native-plant/philadelphus-ernestii/,https://plantiary.com/plant/philadelphus-ernestii_23420.html#:~:text=Propagation:%20You%20can%20propagate%20Philadelphus
Phlox drummondii,Phlox drummondii,Drummond's Phlox,Seed,No Treatment,Materials listed: Seed. Treatment tags listed: No Treatment. Full propagation instructions are not reproduced in this public dataset; use the linked NPSOT/source pages for complete protocols.,https://www.npsot.org/posts/native-plant/phlox-drummondii/,https://www.wildflower.org/plants/result.php?id_plant=PHDR | https://www.picturethisai.com/care/propagate/Phlox_drummondii.html
Phlox pilosa,Phlox pilosa,Fragrant Phlox,Seed,Stratification,Materials listed: Seed. Treatment tags listed: Stratification. Full propagation instructions are not reproduced in this public dataset; use the linked NPSOT/source pages for complete protocols.,https://www.npsot.org/posts/native-plant/phlox-pilosa/,https://www.wildflower.org/plants/result.php?id_plant=PHPI
Phyla nodiflora,Phyla nodiflora,Frogfruit,Stem | Clump | Seed,Cutting | Division | No Treatment,Materials listed: Stem | Clump | Seed. Treatment tags listed: Cutting | Division | No Treatment. Full propagation instructions are not reproduced in this public dataset; use the linked NPSOT/source pages for complete protocols.,https://www.npsot.org/posts/native-plant/phyla-nodiflora/,https://earthone.io/plant/phyla%20nodiflora | https://www.sustainscapeflorida.com/project/phyla-nodiflora-frog-fruit/#:~:text=Seed%20Propagation&text=Sowing%20the%20seeds%20in%20the
Physostegia intermedia,Physostegia intermedia,Marsh Obedient Plant,Seed,No Treatment,Materials listed: Seed. Treatment tags listed: No Treatment. Full propagation instructions are not reproduced in this public dataset; use the linked NPSOT/source pages for complete protocols.,https://www.npsot.org/posts/native-plant/physostegia-intermedia/,https://www.picturethisai.com/care/propagate/Physostegia_intermedia.html
Physostegia virginiana,Physostegia virginiana,Obedient Plant,Clump | Seed | Stem,Division | Stratification | Cutting,Materials listed: Clump | Seed | Stem. Treatment tags listed: Division | Stratification | Cutting. Full propagation instructions are not reproduced in this public dataset; use the linked NPSOT/source pages for complete protocols.,https://www.npsot.org/posts/native-plant/physostegia-virginiana/,https://www.wildflower.org/plants/result.php?id_plant=PHVI8 | https://www.thespruce.com/obedient-plant-1402852#:~:text=Light | https://www.wildflower.org/plants/result.php?https://www.thespruce.com/obedient-plant-1402852#:~:text=Light | https://farmhouseandblooms.com/how-to-grow-obedient-plant-physostegia-virginiana/#:~:text=sowing%20directly%20into%20the%20garden
Phytolacca americana,Phytolacca americana,American Pokeweed,Seed | Root,Scarification | Division,Materials listed: Seed | Root. Treatment tags listed: Scarification | Division. Full propagation instructions are not reproduced in this public dataset; use the linked NPSOT/source pages for complete protocols.,https://www.npsot.org/posts/native-plant/phytolacca-americana/,https://www.wildflower.org/plants/result.php?id_plant=PHAM4 | https://research.fs.usda.gov/treesearch/19804#:~:text=The%20seeds%20of%20pokeberry%20(Phytolacca | https://pfaf.org/user/Plant.aspx?LatinName=Phytolacca+americana#:~:text=Plant%20Propagation | https://www.michigangardener.com/growing-pokeweeds/
Pinus taeda,Pinus taeda,Loblolly Pine,Seed,No Treatment,Materials listed: Seed. Treatment tags listed: No Treatment. Full propagation instructions are not reproduced in this public dataset; use the linked NPSOT/source pages for complete protocols.,https://www.npsot.org/posts/native-plant/pinus-taeda/,https://www.wildflower.org/plants/result.php?id_plant=PITA
Platanus occidentalis,Platanus occidentalis,Sycamore,Seed,No Treatment | Stratification,Materials listed: Seed. Treatment tags listed: No Treatment | Stratification. Full propagation instructions are not reproduced in this public dataset; use the linked NPSOT/source pages for complete protocols.,https://www.npsot.org/posts/native-plant/platanus-occidentalis/,https://www.wildflower.org/plants/result.php?id_plant=PLOC
Pluchea odorata,Pluchea odorata,Saltmarsh Fleabane,Seed | Stem,No Treatment | Cutting,Materials listed: Seed | Stem. Treatment tags listed: No Treatment | Cutting. Full propagation instructions are not reproduced in this public dataset; use the linked NPSOT/source pages for complete protocols.,https://www.npsot.org/posts/native-plant/pluchea-odorata-var-odorata/,https://www.picturethisai.com/care/propagate/Pluchea_odorata.html | https://www.gardenia.net/plant/pluchea-odorata | https://earthone.io/plant/pluchea%20odorata?srsltid=AfmBOoq66Ynimj6K5Ds1lDp0-U-UUBCX3N2e2HVCKVTOqQIS-BssyydN
Polanisia dodecandra,Polanisia dodecandra,Clammyweed,Seed | Stem,No Treatment | Cutting,Materials listed: Seed | Stem. Treatment tags listed: No Treatment | Cutting. Full propagation instructions are not reproduced in this public dataset; use the linked NPSOT/source pages for complete protocols.,https://www.npsot.org/posts/native-plant/polanisia-dodecandra/,https://hayefield.com/product/polanisia-dodecandra-redwhisker-clammyweed/#:~:text=I%20recommend%20sowing%20(about%201 | https://greg.app/redwhisker-clammyweed-overview/#:~:text=Soil%20Preparation%20%F0%9F%8F%9E%EF%B8%8F | https://www.picturethisai.com/care/Polanisia_dodecandra.html#:~:text=How%20to%20Propagate%20Redwhisker%20Clammyweed?&text=Redwhisker%20Clammyweed%20is%20effectively%20propagated
Polygala alba,Polygala alba,White Milkwort,Stem,Cutting,Materials listed: Stem. Treatment tags listed: Cutting. Full propagation instructions are not reproduced in this public dataset; use the linked NPSOT/source pages for complete protocols.,https://www.npsot.org/posts/native-plant/polygala-alba/,https://www.picturethisai.com/wiki/Polygala_alba.html# | https://plantiary.com/plant/polygala-alba_9587.html
Polytaenia texana,Polytaenia texana,Texas Prairie Parsley,Seed,No Treatment,Materials listed: Seed. Treatment tags listed: No Treatment. Full propagation instructions are not reproduced in this public dataset; use the linked NPSOT/source pages for complete protocols.,https://www.npsot.org/posts/native-plant/polytaenia-texana/,https://davesgarden.com/guides/pf/go/141172
Pontederia cordata,Pontederia cordata,Pickerelweed,Root | Seed,Division | No Treatment,Materials listed: Root | Seed. Treatment tags listed: Division | No Treatment. Full propagation instructions are not reproduced in this public dataset; use the linked NPSOT/source pages for complete protocols.,https://www.npsot.org/posts/native-plant/pontederia-cordata/,https://www.gardeningknowhow.com/ornamental/water-plants/pickerelweed/growing-pickerel-rush.htm | https://www.rhs.org.uk/plants/13502/pontederia-cordata/details | https://gardeningsolutions.ifas.ufl.edu/plants/ornamentals/pickerel-weed/#:~:text=Planting%20and%20Care | https://pfaf.org/user/plant.aspx?latinname=Pontederia+cordata#:~:text=Plant%20Propagation
Populus deltoides,Populus deltoides,Eastern Cottonwood,Semi-harwood | Seed | Root,Cutting | No Treatment | Stratification,Materials listed: Semi-harwood | Seed | Root. Treatment tags listed: Cutting | No Treatment | Stratification. Full propagation instructions are not reproduced in this public dataset; use the linked NPSOT/source pages for complete protocols.,https://www.npsot.org/posts/native-plant/populus-deltoides/,https://courses.washington.edu/esrm412/protocols/2022/PODE3.pdf | https://hort.ifas.ufl.edu/database/lppi/sp292.shtml | https://plantiary.com/plant/populus-deltoides_3795.html | https://npn.rngr.net/renderNPNProtocolDetails?selectedProtocolIds=salicaceae-populus-495
Portulaca pilosa,Portulaca pilosa,Chisme,Stem | Seed,Cutting,Materials listed: Stem | Seed. Treatment tags listed: Cutting. Full propagation instructions are not reproduced in this public dataset; use the linked NPSOT/source pages for complete protocols.,https://www.npsot.org/posts/native-plant/portulaca-pilosa/,https://www.southernliving.com/portulaca-7561541#:~:text=Portulaca%20is%20very%20easy%20to
Proboscidea louisianica,Proboscidea louisianica,Devil's Claw,Seed | Semi-harwood | Rhizome | Clump,No Treatment | Cutting | Division,Materials listed: Seed | Semi-harwood | Rhizome | Clump. Treatment tags listed: No Treatment | Cutting | Division. Full propagation instructions are not reproduced in this public dataset; use the linked NPSOT/source pages for complete protocols.,https://www.npsot.org/posts/native-plant/proboscidea-louisianica/,https://propagate.one/how-to-propagate-proboscidea-louisianica/ | https://www.botanikks.com/plants/martynia-louisiana-miller/563020/1 | https://greg.app/propagate-devils-claw/
Prosopis glandulosa,Prosopis glandulosa,Honey Mesquite,Seed,Scarification,Materials listed: Seed. Treatment tags listed: Scarification. Full propagation instructions are not reproduced in this public dataset; use the linked NPSOT/source pages for complete protocols.,https://www.npsot.org/posts/native-plant/prosopis-glandulosa/,https://publicgarden.ucdavis.edu/tree-database/honey-mesquite-prosopis-glandulosa | https://www.wildflower.org/plants/result.php?id_plant=PRGL2
Prunus caroliniana,Prunus caroliniana,Cherry Laurel,Seed,Stratification,Materials listed: Seed. Treatment tags listed: Stratification. Full propagation instructions are not reproduced in this public dataset; use the linked NPSOT/source pages for complete protocols.,https://www.npsot.org/posts/native-plant/prunus-caroliniana/,https://www.wildflower.org/plants/result.php?id_plant=PRCA
Prunus mexicana,Prunus mexicana,Mexican Plum,Seed,Stratification,Materials listed: Seed. Treatment tags listed: Stratification. Full propagation instructions are not reproduced in this public dataset; use the linked NPSOT/source pages for complete protocols.,https://www.npsot.org/posts/native-plant/prunus-mexicana/,https://www.wildflower.org/plants/result.php?id_plant=PRME
Prunus minutiflora,Prunus minutiflora,Texas Almond,Seed | Offshoots | Softwood,Stratification | Division | Cutting | No Treatment,Materials listed: Seed | Offshoots | Softwood. Treatment tags listed: Stratification | Division | Cutting | No Treatment. Full propagation instructions are not reproduced in this public dataset; use the linked NPSOT/source pages for complete protocols.,https://www.npsot.org/posts/native-plant/prunus-minutiflora/,https://www.botanikks.com/plants/prunus-minutiflora-engelm/576468/1 | https://temperate.theferns.info/plant/Prunus+minutiflora#:~:text=The%20Reference%20Manual%20of%20Woody | https://davesg3rden.com/guides/pf/go/81575 | https://davesgarden.com/guides/pf/go/81575
Prunus rivularis,Prunus rivularis,Creek Plum,Seed,No Treatment | Stratification,Materials listed: Seed. Treatment tags listed: No Treatment | Stratification. Full propagation instructions are not reproduced in this public dataset; use the linked NPSOT/source pages for complete protocols.,https://www.npsot.org/posts/native-plant/prunus-rivularis/,https://www.wildflower.org/plants/result.php?id_plant=PRRI
Prunus serotina var. eximia,Prunus serotina var. eximia,Escarpment Black Cherry,Seed,Stratification,Materials listed: Seed. Treatment tags listed: Stratification. Full propagation instructions are not reproduced in this public dataset; use the linked NPSOT/source pages for complete protocols.,https://www.npsot.org/posts/native-plant/prunus-serotina-var-eximia-2/,https://www.wildflower.org/plants/result.php?id_plant=prsee
Prunus serotina var. serotina,Prunus serotina var. serotina,Eastern Black Cherry,Seed,Stratification,Materials listed: Seed. Treatment tags listed: Stratification. Full propagation instructions are not reproduced in this public dataset; use the linked NPSOT/source pages for complete protocols.,https://www.npsot.org/posts/native-plant/prunus-serotina-var-eximia/,https://www.wildflower.org/plants/result.php?id_plant=PRSES
Psoralidium tenuiflorum,Psoralidium tenuiflorum,Scurfy Pea,Seed | Clump,Scarification | Division,Materials listed: Seed | Clump. Treatment tags listed: Scarification | Division. Full propagation instructions are not reproduced in this public dataset; use the linked NPSOT/source pages for complete protocols.,https://www.npsot.org/posts/native-plant/psoralidium-tenuiflorum/,https://pfaf.org/user/Plant.aspx?LatinName=Psoralea+tenuiflora#:~:text=Plant%20Propagation
Ptelea trifoliata,Ptelea trifoliata,Wafer Ash,Seed,Stratification,Materials listed: Seed. Treatment tags listed: Stratification. Full propagation instructions are not reproduced in this public dataset; use the linked NPSOT/source pages for complete protocols.,https://www.npsot.org/posts/native-plant/ptelea-trifoliata/,https://www.wildflower.org/plants/result.php?id_plant=PTTR
Quercus buckleyi,Quercus buckleyi,Texas Red Oak,Seed | Semi-harwood,Scarification | Stratification | Cutting,Materials listed: Seed | Semi-harwood. Treatment tags listed: Scarification | Stratification | Cutting. Full propagation instructions are not reproduced in this public dataset; use the linked NPSOT/source pages for complete protocols.,https://www.npsot.org/posts/native-plant/quercus-buckleyi/,https://sheffields.com/seeds/Quercus/buckleyi#:~:text=Growing%20Info | https://www.picturethisai.com/care/Quercus_buckleyi.html#:~:text=Propagation%20Time:%20Spring | https://www.picturethisai.com/care/propagate/Quercus_buckleyi.html#:~:text=Texas%20red%20oak%20is%20a
Quercus fusiformis,Quercus fusiformis,Escarpment Live Oak,Seed | Softwood,Stratification | Cutting,Materials listed: Seed | Softwood. Treatment tags listed: Stratification | Cutting. Full propagation instructions are not reproduced in this public dataset; use the linked NPSOT/source pages for complete protocols.,https://www.npsot.org/posts/native-plant/quercus-fusiformis/,https://www.botanikks.com/plants/quercus-fusiformis-small/548392/1 | https://earthone.io/plant/quercus%20fusiformis?srsltid | https://www.picturethisai.com/care/propagate/Quercus_fusiformis.html
Quercus havardii,Quercus havardii,Havard Oak,Stem | Seed,Cutting | Scarification | Layering,Materials listed: Stem | Seed. Treatment tags listed: Cutting | Scarification | Layering. Full propagation instructions are not reproduced in this public dataset; use the linked NPSOT/source pages for complete protocols.,https://www.npsot.org/posts/native-plant/quercus-havardii/,https://plantiary.com/plant/quercus-havardii_11821.html#:~:text=How%20to%20Propagate
Quercus laceyi,Quercus laceyi,Lacey Oak,Seed | Stem,No Treatment | Cutting,Materials listed: Seed | Stem. Treatment tags listed: No Treatment | Cutting. Full propagation instructions are not reproduced in this public dataset; use the linked NPSOT/source pages for complete protocols.,https://www.npsot.org/posts/native-plant/quercus-laceyi/,https://www.wildflower.org/plants/result.php?id_plant=QULA | https://www.picturethisai.com/care/propagate/Quercus_laceyi.html
Quercus macrocarpa,Quercus macrocarpa,Bur Oak,Seed | Hardwood,No Treatment | Stratification | Cutting,Materials listed: Seed | Hardwood. Treatment tags listed: No Treatment | Stratification | Cutting. Full propagation instructions are not reproduced in this public dataset; use the linked NPSOT/source pages for complete protocols.,https://www.npsot.org/posts/native-plant/quercus-macrocarpa/,https://www.wildflower.org/plants/result.php?id_plant=QUMA2 | https://www.nrcs.usda.gov/plantmaterials/mtpmcrb13122.pdf | https://www.thespruce.com/growing-bur-oak-5091583 | https://earthone.io/plant/quercus%20macrocarpa?srsltid=AfmBOooHHKA7cs44zjozakqm7i_NjUcDqtUw-n_CGi61to53Y6KQRnM- | https://www.eiu.edu/biology/posters/2012-01.pdf
Quercus marilandica,Quercus marilandica,Blackjack Oak,Seed | Semi-harwood,No Treatment | Stratification | Cutting,Materials listed: Seed | Semi-harwood. Treatment tags listed: No Treatment | Stratification | Cutting. Full propagation instructions are not reproduced in this public dataset; use the linked NPSOT/source pages for complete protocols.,https://www.npsot.org/posts/native-plant/quercus-marilandica/,https://www.npsot.org/wp-admin/post.php?post=16793&action=edit | https://npn.rngr.net/renderNPNProtocolDetails?selectedProtocolIds=fagaceae-quercus-499&referer=wildflower | https://plantiary.com/plant/quercus-marilandica_3621.html#:~:text=To%20propagate%20this%20plant%2C%20you | https://www.picturethisai.com/care/Quercus_marilandica.html#:~:text=How%20to%20Propagate%20Blackjack%20oak?&text=Blackjack%20oak%20propagates%20easily%20through | https://greg.app/propagate-blackjack-oak/#:~:text=%F0%9F%8C%B1%20Selecting%20the%20Right%20Cuttings
Quercus muehlenbergii,Quercus muehlenbergii,Chinkapin Oak,Seed,No Treatment,Materials listed: Seed. Treatment tags listed: No Treatment. Full propagation instructions are not reproduced in this public dataset; use the linked NPSOT/source pages for complete protocols.,https://www.npsot.org/posts/native-plant/quercus-muehlenbergii/,https://www.thespruce.com/chinkapin-oak-growing-guide-5202085#:~:text=Propagating%20Chinkapin%20Oak | https://www.nrcs.usda.gov/plantmaterials/wvpmcot12017.pdf
Quercus shumardii,Quercus shumardii,Shumard Oak,Seed | Stem,No Treatment | Cutting,Materials listed: Seed | Stem. Treatment tags listed: No Treatment | Cutting. Full propagation instructions are not reproduced in this public dataset; use the linked NPSOT/source pages for complete protocols.,https://www.npsot.org/posts/native-plant/quercus-shumardii/,https://apps.cals.arizona.edu/arboretum/taxon.aspx?id=838#:~:text=Cultivation%20Notes:%20Like%20most%20oaks | https://www.wildflower.org/plants/result.php?id_plant=QUSH | https://www.nrcs.usda.gov/plantmaterials/wvpmcot12018.pdf | https://www.picturethisai.com/care/propagate/Quercus_shumardii.html#:~:text=Shumard%20oak%20can%20be%20propagated
Quercus stellata,Quercus stellata,Post Oak,Seed | Hardwood,No Treatment | Cutting | Stratification,Materials listed: Seed | Hardwood. Treatment tags listed: No Treatment | Cutting | Stratification. Full propagation instructions are not reproduced in this public dataset; use the linked NPSOT/source pages for complete protocols.,https://www.npsot.org/posts/native-plant/quercus-stellata/,https://www.wildflower.org/plants/result.php?id_plant=QUST | https://pfaf.org/user/Plant.aspx?LatinName=Quercus+stellata#:~:text=Plant%20Propagation | https://www.picturethisai.com/care/Quercus_stellata.html#:~:text=How%20to%20Propagate%20Post%20oak?&text=Post%20oak%20(Quercus%20stellata | https://www.nrcs.usda.gov/plantmaterials/wvpmcot12019.pdf | https://treeshepherds.net/post-oak/#:~:text=Propagation | https://www.picturethisai.com/care/propagate/Quercus_stellata.html | https://earthone.io/plant/quercus%20stellata
Quercus virginiana,Quercus virginiana,Live Oak,Seed | Semi-harwood | Root,No Treatment | Cutting,Materials listed: Seed | Semi-harwood | Root. Treatment tags listed: No Treatment | Cutting. Full propagation instructions are not reproduced in this public dataset; use the linked NPSOT/source pages for complete protocols.,https://www.npsot.org/posts/native-plant/quercus-virginiana/,https://hort.ifas.ufl.edu/database/lppi/sp319.shtml#:~:text=Time%20of%20year%20to%20graft | https://www.wildflower.org/plants/result.php?id_plant=QUVI | https://www.gardenia.net/plant/quercus-virginiana | https://agrilife.org/elpaso/files/2011/10/Cloning-live-oak.pdf
Quincula lobata,Quincula lobata,Purple Groundcherry,Stem,Cutting,Materials listed: Stem. Treatment tags listed: Cutting. Full propagation instructions are not reproduced in this public dataset; use the linked NPSOT/source pages for complete protocols.,https://www.npsot.org/posts/native-plant/quincula-lobata/,https://www.picturethisai.com/wiki/Quincula_lobata.html#:~:text=Water:%20Originating%20from%20arid%20regions
Ranunculus macranthus,Ranunculus macranthus,Big Buttercup,Seed | Tuber | Stem,Scarification | Division | Cutting,Materials listed: Seed | Tuber | Stem. Treatment tags listed: Scarification | Division | Cutting. Full propagation instructions are not reproduced in this public dataset; use the linked NPSOT/source pages for complete protocols.,https://www.npsot.org/posts/native-plant/ranunculs-macranthus/,https://greg.app/ranunculus-macranthus-overview/ | https://www.picturethisai.com/wiki/Ranunculus_macranthus.html | https://www.forwardplant.com/plant-info/ranunculus-macranthus/
Ranunculus hispidus var. nitidus,Ranunculus hispidus var. nitidus,Bristly Buttercup,Seed | Clump division | Stem,No Treatment | Division | Cutting | Stratification,Materials listed: Seed | Clump division | Stem. Treatment tags listed: No Treatment | Division | Cutting | Stratification. Full propagation instructions are not reproduced in this public dataset; use the linked NPSOT/source pages for complete protocols.,https://www.npsot.org/posts/native-plant/ranunculus-hispidus-var-nitidus/,https://greg.app/hispid-buttercup-overview/ | https://www.friendsofeloisebutler.org/pages/plants/swampbuttercup.html#:~:text=Seed:%20Fertile%20receptacles%20elongate%20and
Ratibida columnifera,Ratibida columnifera,Mexican Hat,Seed,No Treatment | Stratification,Materials listed: Seed. Treatment tags listed: No Treatment | Stratification. Full propagation instructions are not reproduced in this public dataset; use the linked NPSOT/source pages for complete protocols.,https://www.npsot.org/posts/native-plant/ratibida-columnifera/,https://www.wildflower.org/plants/result.php?id_plant=RACO3 | https://www.picturethisai.com/care/propagate/Ratibida_columnifera.html
Rhus aromatica,Rhus aromatica,Aromatic Sumac,Seed,Scarification | Stratification,Materials listed: Seed. Treatment tags listed: Scarification | Stratification. Full propagation instructions are not reproduced in this public dataset; use the linked NPSOT/source pages for complete protocols.,https://www.npsot.org/posts/native-plant/rhus-aromatica-2/,https://www.wildflower.org/plants/result.php?id_plant=RHAR4
Rhus glabra,Rhus glabra,Smooth Sumac,Seed,Scarification | Stratification,Materials listed: Seed. Treatment tags listed: Scarification | Stratification. Full propagation instructions are not reproduced in this public dataset; use the linked NPSOT/source pages for complete protocols.,https://www.npsot.org/posts/native-plant/rhus-glabra/,https://www.wildflower.org/plants/result.php?id_plant=RHGL
Rhus copallinum var. lanceolata,Rhus copallinum var. lanceolata,Flameleaf Sumac,Suckers | Seed,Division | Scarification,Materials listed: Suckers | Seed. Treatment tags listed: Division | Scarification. Full propagation instructions are not reproduced in this public dataset; use the linked NPSOT/source pages for complete protocols.,https://www.npsot.org/posts/native-plant/rhus-lanceolata/,https://www.wildflower.org/plants/result.php?id_plant=RHLA3
Rhus microphylla,Rhus microphylla,Little Leaf Sumac,Seed,Scarification | Stratification,Materials listed: Seed. Treatment tags listed: Scarification | Stratification. Full propagation instructions are not reproduced in this public dataset; use the linked NPSOT/source pages for complete protocols.,https://www.npsot.org/posts/native-plant/rhus-microphylla/,https://www.wildflower.org/plants/result.php?id_plant=RHMI3
Rhus virens,Rhus virens,Evergreen Sumac,Seed,Scarification | Stratification,Materials listed: Seed. Treatment tags listed: Scarification | Stratification. Full propagation instructions are not reproduced in this public dataset; use the linked NPSOT/source pages for complete protocols.,https://www.npsot.org/posts/native-plant/rhus-virens/,https://propagate.one/how-to-propagate-rhus-virens/ | https://pfaf.org/User/Plant.aspx?LatinName=Rhus+virens
Rhynchospora colorata,Rhynchospora colorata,Whitetop Sedge,Clump,Division,Materials listed: Clump. Treatment tags listed: Division. Full propagation instructions are not reproduced in this public dataset; use the linked NPSOT/source pages for complete protocols.,https://www.npsot.org/posts/native-plant/rhynchospora-colorata/,https://www.shootgardening.com/plants/rhynchospora-colorata | https://www.picturethisai.com/wiki/Rhynchospora_colorata.html#:~:text=Water:%20Starrush%20Whitetop%20thrives%20in | https://earthone.io/plant/rhynchospora%20colorata?srsltid=AfmBOorCsilkabyIg4GF09DSeg3HZ6qva7P8AZirZ2GbmKnMNV98UvRc
Rhynchospora nivea,Rhynchospora nivea,Showy Whitetop,Seed | Clump,No Treatment | Division,Materials listed: Seed | Clump. Treatment tags listed: No Treatment | Division. Full propagation instructions are not reproduced in this public dataset; use the linked NPSOT/source pages for complete protocols.,https://www.npsot.org/posts/native-plant/rhynchospora-nivea/,https://propagate.one/how-to-propagate-rhynchospora-nivea/
Rivina humilis,Rivina humilis,Pigeonberry,Seed | Stem,No Treatment | Cutting,Materials listed: Seed | Stem. Treatment tags listed: No Treatment | Cutting. Full propagation instructions are not reproduced in this public dataset; use the linked NPSOT/source pages for complete protocols.,https://www.npsot.org/posts/native-plant/rivina-humilis/,https://earthone.io/plant/rivina%20humilis | https://sharonsflorida.com/plants-page/native-shrubs/rouge-plant/#:~:text=Propagation | https://www.picturethisai.com/care/Rivina_humilis.html#:~:text=How%20to%20Propagate%20Pigeonberry?
Rosa foliolosa,Rosa foliolosa,White Prairie Rose,Root | Stem,Division | Cutting,Materials listed: Root | Stem. Treatment tags listed: Division | Cutting. Full propagation instructions are not reproduced in this public dataset; use the linked NPSOT/source pages for complete protocols.,https://www.npsot.org/posts/native-plant/rosa-foliolosa/,https://www.picturethisai.com/care/Rosa_foliolosa.html
Rubus trivialis,Rubus trivialis,Southern Dewberry,Seed | Stem | Clump,Stratification | Cutting | Division,Materials listed: Seed | Stem | Clump. Treatment tags listed: Stratification | Cutting | Division. Full propagation instructions are not reproduced in this public dataset; use the linked NPSOT/source pages for complete protocols.,https://www.npsot.org/posts/native-plant/rubus-trivialis/,https://temperate.theferns.info/plant/Rubus+trivialis | https://pfaf.org/user/Plant.aspx?LatinName=Rubus+trivialis#:~:text=Plant%20Propagation | https://greg.app/plant-care/rubus-trivialis-southern-dewberry
Rudbeckia amplexicaulis,Rudbeckia amplexicaulis,Clasping Coneflower,Seed | Clump,No Treatment | Division,Materials listed: Seed | Clump. Treatment tags listed: No Treatment | Division. Full propagation instructions are not reproduced in this public dataset; use the linked NPSOT/source pages for complete protocols.,https://www.npsot.org/posts/native-plant/rudbeckia-amplexicaulis/,https://www.everwilde.com/store/Rudbeckia-amplexicaulis-WildFlower-Seed.html | https://www.wildflower.org/plants/result.php?id_plant=dram | https://hgic.clemson.edu/factsheet/rudbeckia/#:~:text=Rudbeckia%20can%20be%20propagated%20by | https://www.outsidepride.com/resources/planting/rudbeckia-planting/#:~:text=How%20to%20Plant%20Rudbeckia%20*%20Prepare%20the
Rudbeckia fulgida,Rudbeckia fulgida,Perennial Black-eyed Susan,Seed,No Treatment,Materials listed: Seed. Treatment tags listed: No Treatment. Full propagation instructions are not reproduced in this public dataset; use the linked NPSOT/source pages for complete protocols.,https://www.npsot.org/posts/native-plant/rudbeckia-fulgida/,https://www.wildflower.org/plants/result.php?id_plant=RUFU2
Rudbeckia hirta,Rudbeckia hirta,Black-eyed Susan,Seed,No Treatment | Stratification,Materials listed: Seed. Treatment tags listed: No Treatment | Stratification. Full propagation instructions are not reproduced in this public dataset; use the linked NPSOT/source pages for complete protocols.,https://www.npsot.org/posts/native-plant/rudbeckia-hirta/,https://www.wildflower.org/plants/result.php?id_plant=RUHI2
Ruellia drummondiana,Ruellia drummondiana,Drummond's Wild Petunia,Seed,No Treatment,Materials listed: Seed. Treatment tags listed: No Treatment. Full propagation instructions are not reproduced in this public dataset; use the linked NPSOT/source pages for complete protocols.,https://www.npsot.org/posts/native-plant/ruellia-drummondiana/,https://www.picturethisai.com/care/propagate/Ruellia_drummondiana.html
Ruellia humilis,Ruellia humilis,Prairie Petunia,Stem | Seed,Cutting | No Treatment | Stratification,Materials listed: Stem | Seed. Treatment tags listed: Cutting | No Treatment | Stratification. Full propagation instructions are not reproduced in this public dataset; use the linked NPSOT/source pages for complete protocols.,https://www.npsot.org/posts/native-plant/ruellia-humilis/,https://www.wildflower.org/plants/result.php?id_plant=RUHU | https://earthone.io/plant/ruellia%20humilis?srsltid=AfmBOooliDNHvvRWDcKQaFIAaShQF16MlYcNKyzgjqGslmlO_CDgoXNJ | https://www.everwilde.com/store/Ruellia-humilis-WildFlower-Seed.html#:~:text=HOW%20TO%20GROW | https://noddingoniongardens.com/ruellia-humilis/#:~:text=Propagation%20Notes%20Ruellia%20humilis&text=Seed%20%2D%20Collect%20late%20in%20fall | https://www.wildflowerfarm.com/ruellia-humilis-wild-petunia.html
Ruellia metzae,Ruellia metzae,Metz's Wild Petunia,Seed,No Treatment,Materials listed: Seed. Treatment tags listed: No Treatment. Full propagation instructions are not reproduced in this public dataset; use the linked NPSOT/source pages for complete protocols.,https://www.npsot.org/posts/native-plant/ruellia-metzae/,https://davesgarden.com/guides/pf/go/38218
Ruellia nudiflora,Ruellia nudiflora,Wild Petunia,Stem,Cutting,Materials listed: Stem. Treatment tags listed: Cutting. Full propagation instructions are not reproduced in this public dataset; use the linked NPSOT/source pages for complete protocols.,https://www.npsot.org/posts/native-plant/ruellia-nudiflora/,https://www.picturethisai.com/care/Ruellia_nudiflora.html
Sabal minor,Sabal minor,Dwarf Palmetto,Seed,Stratification,Materials listed: Seed. Treatment tags listed: Stratification. Full propagation instructions are not reproduced in this public dataset; use the linked NPSOT/source pages for complete protocols.,https://www.npsot.org/posts/native-plant/sabal-minor/,https://www.wildflower.org/plants/result.php?id_plant=SAMI8
Sabatia campestris,Sabatia campestris,Meadow Pink,Seed | Clump | Stem,No Treatment | Division | Scarification | Cutting,Materials listed: Seed | Clump | Stem. Treatment tags listed: No Treatment | Division | Scarification | Cutting. Full propagation instructions are not reproduced in this public dataset; use the linked NPSOT/source pages for complete protocols.,https://www.npsot.org/posts/native-plant/sabatia-campestris/,https://earthone.io/plant/sabatia%20campestris | https://propagate.one/how-to-propagate-sabatia-campestris/ | https://plantiary.com/plant/sabatia-campestris_20748.html | https://www.picturethisai.com/care/propagate/Sabatia_campestris.html | https://www.botanikks.com/plants/sabatia-campestris/586872/1
Sagittaria platyphylla,Sagittaria platyphylla,Delta Arrowhead,Clump,Division,Materials listed: Clump. Treatment tags listed: Division. Full propagation instructions are not reproduced in this public dataset; use the linked NPSOT/source pages for complete protocols.,https://www.npsot.org/posts/native-plant/sagittaria-platyphylla/,https://www.npsot.org/wp-admin/post.php?post=15966&action=edit | https://en.aqua-fish.net/plants/sagittaria-platyphylla
Salix nigra,Salix nigra,Black Willow,Seed,No Treatment,Materials listed: Seed. Treatment tags listed: No Treatment. Full propagation instructions are not reproduced in this public dataset; use the linked NPSOT/source pages for complete protocols.,https://www.npsot.org/posts/native-plant/salix-nigra/,https://www.wildflower.org/plants/result.php?id_plant=SANI
Salvia azurea,Salvia azurea,Azure Sage,Seed | Stem | Clump division,Scarification | Cutting | Division | No Treatment,Materials listed: Seed | Stem | Clump division. Treatment tags listed: Scarification | Cutting | Division | No Treatment. Full propagation instructions are not reproduced in this public dataset; use the linked NPSOT/source pages for complete protocols.,https://www.npsot.org/posts/native-plant/salvia-azurea/,https://greg.app/propagate-big-blue-sage/ | https://www.everwilde.com/store/Salvia-azurea-WildFlower-Seed.html
Salvia ballotiflora,Salvia ballotiflora,Shrubby Blue Sage,Stem | Seed,Cutting | No Treatment,Materials listed: Stem | Seed. Treatment tags listed: Cutting | No Treatment. Full propagation instructions are not reproduced in this public dataset; use the linked NPSOT/source pages for complete protocols.,https://www.npsot.org/posts/native-plant/salvia-ballotiflora/,https://travaldo.blogspot.com/2021/07/salvia-ballotiflora-shrubby-blue-sage-mejorana-care-and-culture.html | https://www.picturethisai.com/care/propagate/Salvia_ballotiflora.html
Salvia coccinea,Salvia coccinea,Scarlet Sage,Seed | Stem | Clump,No Treatment | Cutting | Division,Materials listed: Seed | Stem | Clump. Treatment tags listed: No Treatment | Cutting | Division. Full propagation instructions are not reproduced in this public dataset; use the linked NPSOT/source pages for complete protocols.,https://www.npsot.org/posts/native-plant/salvia-coccinea/,https://earthone.io/plant/salvia%20coccinea | https://www.fnps.org/assets/pdf/pubs/salvia_coccinea_tropicalsage_3_1.pdf | https://hort.extension.wisc.edu/articles/scarlet-sage-salvia-coccinea/#:~:text=Scarlet%20sage%20is%20propagated%20by
Salvia farinacea,Salvia farinacea,Mealy Blue Sage,Seed,No Treatment,Materials listed: Seed. Treatment tags listed: No Treatment. Full propagation instructions are not reproduced in this public dataset; use the linked NPSOT/source pages for complete protocols.,https://www.npsot.org/posts/native-plant/salvia-farinacea/,https://hort.extension.wisc.edu/articles/mealycup-sage-salvia-farinacea/#:~:text=Grow%20mealycup%20sage%20in%20full | https://www.johnnyseeds.com/growers-library/flowers/salvia/salvia-farinacea-key-growing-information.html#:~:text=DAYS%20TO%20GERMINATION: | https://sowrightseeds.com/blogs/planters-library/growing-mealycup-blue-sage-salvia-farinacea?srsltid=AfmBOortMfFdw7uxZUaUinbd7DLWORIH39dXq-0b36B2uHJmhOxiDEqt
Salvia greggii,Salvia greggii,Autumn Sage,Seed | Semi-harwood | Clump | Cutting,No Treatment | Cutting | Division | Layering,Materials listed: Seed | Semi-harwood | Clump | Cutting. Treatment tags listed: No Treatment | Cutting | Division | Layering. Full propagation instructions are not reproduced in this public dataset; use the linked NPSOT/source pages for complete protocols.,https://www.npsot.org/posts/native-plant/salvia-greggii/,https://www.wildflower.org/plants/result.php?id_plant=SAGR4 | https://www.gardenia.net/plant/salvia-greggii#:~:text=Plant%20Salvia%20greggii%20in%20well | https://www.facebook.com/groups/npsotaustin/posts/3393903137598155
Salvia lyrata,Salvia lyrata,Lyre Leaf Sage,Clump | Seed | Stem,Division | Stratification | Cutting,Materials listed: Clump | Seed | Stem. Treatment tags listed: Division | Stratification | Cutting. Full propagation instructions are not reproduced in this public dataset; use the linked NPSOT/source pages for complete protocols.,https://www.npsot.org/posts/native-plant/salvia-lyrata/,https://www.wildflower.org/plants/result.php?id_plant=SALY2 | https://earthone.io/plant/salvia%20lyrata | https://sharonsflorida.com/plants-page/native-wildflowers/lyreleaf-sage/#:~:text=Propagation | https://www.picturethisai.com/care/propagate/Salvia_lyrata.html
Salvia penstemonoides,Salvia penstemonoides,Big Red Sage,Seed | Cutting | Clump,No Treatment | Cutting | Division,Materials listed: Seed | Cutting | Clump. Treatment tags listed: No Treatment | Cutting | Division. Full propagation instructions are not reproduced in this public dataset; use the linked NPSOT/source pages for complete protocols.,https://www.npsot.org/posts/native-plant/salvia-pentstemonoides/,https://www.picturethisai.com/care/propagate/Salvia_pentstemonoides.html | https://www.botanikks.com/plants/salvia-penstemonoides-kunth-bouch/504495/1
Salvia roemeriana,Salvia roemeriana,Cedar Sage,Stem | Seed,Cutting | No Treatment,Materials listed: Stem | Seed. Treatment tags listed: Cutting | No Treatment. Full propagation instructions are not reproduced in this public dataset; use the linked NPSOT/source pages for complete protocols.,https://www.npsot.org/posts/native-plant/salvia-roemeriana/,https://earthone.io/plant/salvia%20roemeriana? | https://www.wildflower.org/plants/result.php?id_plant=saro3
Salvia texana,Salvia texana,Texas Sage,Seed | Stem,Scarification | Cutting | Layering,Materials listed: Seed | Stem. Treatment tags listed: Scarification | Cutting | Layering. Full propagation instructions are not reproduced in this public dataset; use the linked NPSOT/source pages for complete protocols.,https://www.npsot.org/posts/native-plant/salvia-texana/,https://www.picturethisai.com/care/propagate/Salvia_texana.html | https://greg.app/propagate-texas-sage/
Sambucus nigra ssp. canadensis,Sambucus nigra ssp. canadensis,Common Elderberry,Seed,No Treatment | Scarification | Stratification,Materials listed: Seed. Treatment tags listed: No Treatment | Scarification | Stratification. Full propagation instructions are not reproduced in this public dataset; use the linked NPSOT/source pages for complete protocols.,https://www.npsot.org/posts/native-plant/sambucus-nigra-ssp-canadensis/,https://www.wildflower.org/plants/result.php?id_plant=SANIC4
Sapindus saponaria var. drummondii,Sapindus saponaria var. drummondii,Soapberry,Seed,Scarification,Materials listed: Seed. Treatment tags listed: Scarification. Full propagation instructions are not reproduced in this public dataset; use the linked NPSOT/source pages for complete protocols.,https://www.npsot.org/posts/native-plant/sapindus-saponaria-var-drummondii/,https://www.wildflower.org/plants/result.php?id_plant=SASAD
Saururus cernuus,Saururus cernuus,Lizard Tail,Offshoots | Seed,Division | Stratification,Materials listed: Offshoots | Seed. Treatment tags listed: Division | Stratification. Full propagation instructions are not reproduced in this public dataset; use the linked NPSOT/source pages for complete protocols.,https://www.npsot.org/posts/native-plant/saururus-cernuus/,https://en.aqua-fish.net/plants/saururus-cernuus#:~:text=Saururus%20cernuus%20is%20propagated%20primarily | https://npn.rngr.net/renderNPNProtocolDetails?selectedProtocolIds=saururaceae-saururus-460&referer=wildflower#:~:text=Seeds%20are%20stored%20cold%20and
Schizachyrium scoparium,Schizachyrium scoparium,Little Bluestem,Clump | Seed,"Division | No Treatment, Stratification","Materials listed: Clump | Seed. Treatment tags listed: Division | No Treatment, Stratification. Full propagation instructions are not reproduced in this public dataset; use the linked NPSOT/source pages for complete protocols.",https://www.npsot.org/posts/native-plant/schizachyrium-scoparium/,https://hort.extension.wisc.edu/articles/little-bluestem-schizachyrium-scoparium/#:~:text=Propagation%20of%20Little%20Bluestem | https://www.thespruce.com/little-bluestem-growing-guide-5214474#:~:text=Propagating%20Little%20Bluestem
Schoenocaulon texanum,Schoenocaulon texanum,Texas Feathershank,Clump,Division,Materials listed: Clump. Treatment tags listed: Division. Full propagation instructions are not reproduced in this public dataset; use the linked NPSOT/source pages for complete protocols.,https://www.npsot.org/posts/native-plant/schoenocaulon-texanum/,https://www.picturethisai.com/wiki/Schoenocaulon_texanum.html
Scutellaria ovata,Scutellaria ovata,Heartleaf Skullcap,Seed | Stem,No Treatment | Cutting,Materials listed: Seed | Stem. Treatment tags listed: No Treatment | Cutting. Full propagation instructions are not reproduced in this public dataset; use the linked NPSOT/source pages for complete protocols.,https://www.npsot.org/posts/native-plant/scutellaria-ovata/,https://plantiary.com/plant/scutellaria-ovata_17490.html#:~:text=Cultivation
Muhlenbergia reverchonii,Muhlenbergia reverchonii,Seep Muhly,Clump | Seed,Division | Scarification,Materials listed: Clump | Seed. Treatment tags listed: Division | Scarification. Full propagation instructions are not reproduced in this public dataset; use the linked NPSOT/source pages for complete protocols.,https://www.npsot.org/posts/native-plant/seep-muhly/,https://plantselect.org/wp-content/uploads/2020/03/Muhlenbergia-reverchonii-_Prop-Protocol.pdf | https://www.perenual.com/plant-propagation-methods/method/13 | https://www.perenual.com/plant-propagation-methods/method/32
Senegalia greggii,Senegalia greggii,Gregg Catclaw Acacia,Seed,No Treatment | Scarification,Materials listed: Seed. Treatment tags listed: No Treatment | Scarification. Full propagation instructions are not reproduced in this public dataset; use the linked NPSOT/source pages for complete protocols.,https://www.npsot.org/posts/native-plant/senegalia-greggii/,https://temperate.theferns.info/plant/Senegalia+greggii#:~:text=Sow%20the%20seed%20in%20Spring%20in%20a | https://www.wildflower.org/plants/result.php?id_plant=SEGR4 | https://npn.rngr.net/renderNPNProtocolDetails?selectedProtocolIds=fabaceae-acacia-2543
Senegalia roemeriana,Senegalia roemeriana,Catclaw Acacia,Seed | Stem,Scarification | Cutting,Materials listed: Seed | Stem. Treatment tags listed: Scarification | Cutting. Full propagation instructions are not reproduced in this public dataset; use the linked NPSOT/source pages for complete protocols.,https://www.npsot.org/posts/native-plant/senegalia-roemeriana/,https://greg.app/roemers-acacia-overview/#:~:text=Fertilize%20in%20early%20spring%20and
Senna lindheimeriana,Senna lindheimeriana,Lindheimer's Senna,Seed,No Treatment,Materials listed: Seed. Treatment tags listed: No Treatment. Full propagation instructions are not reproduced in this public dataset; use the linked NPSOT/source pages for complete protocols.,https://www.npsot.org/posts/native-plant/senna-lindheimeriana/,https://www.wildflower.org/plants/result.php?id_plant=SELI4 | https://www.picturethisai.com/care/Senna_lindheimeriana.html
Senna roemeriana,Senna roemeriana,Two Leaved Senna,Seed | Clump | Semi-harwood,Scarification | Division | Cutting,Materials listed: Seed | Clump | Semi-harwood. Treatment tags listed: Scarification | Division | Cutting. Full propagation instructions are not reproduced in this public dataset; use the linked NPSOT/source pages for complete protocols.,https://www.npsot.org/posts/native-plant/senna-roemeriana/,https://www.wildflower.org/plants/result.php?id_plant=SERO8 | https://www.picturethisai.com/wiki/Senna_roemeriana.html | https://www.botanikks.com/plants/cassia-roemeriana-scheele/545069/1
Setaria scheelei,Setaria scheelei,Southwestern Bristlegrass,Seed | Clump,No Treatment | Division,Materials listed: Seed | Clump. Treatment tags listed: No Treatment | Division. Full propagation instructions are not reproduced in this public dataset; use the linked NPSOT/source pages for complete protocols.,https://www.npsot.org/posts/native-plant/setaria-scheelei/,https://propagate.one/how-to-propagate-setaria-scheelei/ | https://www.wildflower.org/plants/result.php?id_plant=SESC2 | https://seedsource.com/southwestern-bristlegrass/ | https://www.picturethisai.com/care/propagate/Setaria_scheelei.html#:~:text=Southwestern%20bristlegrass%20is%20a%20resilient%20bunchgrass%20found
Sida lindheimeri,Sida lindheimeri,Showy Fanpetals,Seed,Scarification,Materials listed: Seed. Treatment tags listed: Scarification. Full propagation instructions are not reproduced in this public dataset; use the linked NPSOT/source pages for complete protocols.,https://www.npsot.org/posts/native-plant/sida-lindheimeri/,https://www.picturethisai.com/care/propagate/Sida_lindheimeri.html
Sideroxylon lanuginosum,Sideroxylon lanuginosum,Gum Bumelia,Seed | Stem | Softwood,Scarification | Cutting,Materials listed: Seed | Stem | Softwood. Treatment tags listed: Scarification | Cutting. Full propagation instructions are not reproduced in this public dataset; use the linked NPSOT/source pages for complete protocols.,https://www.npsot.org/posts/native-plant/sideroxylon-lanuginosum/,https://propagate.one/how-to-propagate-sideroxylon-lanuginosum/ | https://www.botanikks.com/plants/sideroxylon-lanuginosum-michx/507422/1 | https://www.picturethisai.com/care/propagate/Sideroxylon_lanuginosum.html | https://plantiary.com/plant/sideroxylon-lanuginosum_3292.html
Silphium albiflorum,Silphium albiflorum,White Rosinweed,Root | Stem | Seed,Division | Cutting | No Treatment,Materials listed: Root | Stem | Seed. Treatment tags listed: Division | Cutting | No Treatment. Full propagation instructions are not reproduced in this public dataset; use the linked NPSOT/source pages for complete protocols.,https://www.npsot.org/posts/native-plant/silphium-albiflorum/,https://www.botanikks.com/plants/silphium-albiflorum-gray/507678/1 | https://plantiary.com/plant/silphium-albiflorum_33773.html | https://www.picturethisai.com/care/propagate/Silphium_albiflorum.html | https://www.selinawamucii.com/plants/asteraceae/silphium-albiflorum/
Silphium laciniatum,Silphium laciniatum,Compassplant,Seed,Stratification | No Treatment,Materials listed: Seed. Treatment tags listed: Stratification | No Treatment. Full propagation instructions are not reproduced in this public dataset; use the linked NPSOT/source pages for complete protocols.,https://www.npsot.org/posts/native-plant/silphium-laciniatum/,https://illinoispollinators.org/plant/compass-plant/#:~:text=Establishment%20and%20Propagation | https://www.wildflowerfarm.com/silphium-laciniatum-compass-plant.html#:~:text=Here's%20some%20information%20about%20growing%20compass%20plant | https://pfaf.org/user/Plant.aspx?LatinName=Silphium+laciniatum#:~:text=Plant%20Propagation | https://plants.usda.gov/DocumentLibrary/plantguide/pdf/pg_sila3.pdf | https://www.picturethisai.com/care/propagate/Silphium_laciniatum.html | https://www.gardenia.net/plant/silphium-laciniatum
Simsia calva,Simsia calva,Bush Sunflower,Seed,No Treatment,Materials listed: Seed. Treatment tags listed: No Treatment. Full propagation instructions are not reproduced in this public dataset; use the linked NPSOT/source pages for complete protocols.,https://www.npsot.org/posts/native-plant/simsia-calva/,https://www.picturethisai.com/care/Simsia_calva.html
Sisyrinchium angustifolium,Sisyrinchium angustifolium,Narrowleaf Blue-eyed Grass,Seed | Clump,No Treatment | Division | Stratification,Materials listed: Seed | Clump. Treatment tags listed: No Treatment | Division | Stratification. Full propagation instructions are not reproduced in this public dataset; use the linked NPSOT/source pages for complete protocols.,https://www.npsot.org/posts/native-plant/sisyrinchium-angustifolium/,https://edis.ifas.ufl.edu/publication/AG401 | https://www.wildflower.org/plants/result.php?id_plant=SIAN3 | https://npn.rngr.net/renderNPNProtocolDetails?selectedProtocolIds=iridaceae-sisyrinchium-1877#:~:text=Propagation%20Environment:%20Greenhouse%20film%20is | https://npn.rngr.net/renderNPNProtocolDetails?selectedProtocolIds=iridaceae-sisyrinchium-1877
Solanum triquetrum,Solanum triquetrum,Texas Nightshade,Stem,Cutting,Materials listed: Stem. Treatment tags listed: Cutting. Full propagation instructions are not reproduced in this public dataset; use the linked NPSOT/source pages for complete protocols.,https://www.npsot.org/posts/native-plant/solanum-triquetrum/,https://www.picturethisai.com/care/propagate/Solanum_triquetrum.html | https://davesgarden.com/guides/pf/go/114899#:~:text=Solanaceae%20(so%2Dlan%2DAY
Solidago altissima,Solidago altissima,Tall Goldenrod,Seed | Stem | Clump | Root,No Treatment | Cutting | Division,Materials listed: Seed | Stem | Clump | Root. Treatment tags listed: No Treatment | Cutting | Division. Full propagation instructions are not reproduced in this public dataset; use the linked NPSOT/source pages for complete protocols.,https://www.npsot.org/posts/native-plant/solidago-altissima/,https://propagate.one/how-to-propagate-solidago-altissima/ | https://plantiary.com/plant/solidago-altissima_4181.html
Solidago nemoralis,Solidago nemoralis,Prairie Goldenrod,Seed | Clump,Stratification | Division,Materials listed: Seed | Clump. Treatment tags listed: Stratification | Division. Full propagation instructions are not reproduced in this public dataset; use the linked NPSOT/source pages for complete protocols.,https://www.npsot.org/posts/native-plant/solidago-nemoralis/,https://propagate.one/how-to-propagate-solidago-nemoralis/ | https://plants.ces.ncsu.edu/plants/solidago-nemoralis/#:~:text=Attributes:%20Genus:%20Solidago%20Species: | https://plants.usda.gov/DocumentLibrary/factsheet/pdf/fs_sone.pdf
Dermatophyllum secundiflorum,Dermatophyllum secundiflorum,Texas Mountain Laurel,Clump | Semi-harwood | Stem | Seed,Division | Cutting | Layering | Scarification | No Treatment,Materials listed: Clump | Semi-harwood | Stem | Seed. Treatment tags listed: Division | Cutting | Layering | Scarification | No Treatment. Full propagation instructions are not reproduced in this public dataset; use the linked NPSOT/source pages for complete protocols.,https://www.npsot.org/posts/native-plant/sophora-secundiflora/,https://propagate.one/how-to-propagate-dermatophyllum-secundiflorum/ | https://unitedsounds.org/how-to-propagate-texas-mountain-laurel-pl866 | https://www.thespruce.com/texas-mountain-laurel-growing-guide-5215169#toc-propagating | https://w3.biosci.utexas.edu/prc/DigFlora/SOSE3/MtL-propagation.html
Sphaeralcea angustifolia,Sphaeralcea angustifolia,Narrowleaf Globemallow,Seed | Stem,Scarification | Stratification | Cutting,Materials listed: Seed | Stem. Treatment tags listed: Scarification | Stratification | Cutting. Full propagation instructions are not reproduced in this public dataset; use the linked NPSOT/source pages for complete protocols.,https://www.npsot.org/posts/native-plant/sphaeralcea-incan/,https://pfaf.org/User/Plant.aspx?LatinName=Sphaeralcea+angustifolia#:~:text=Plant%20Propagation | https://greg.app/narrowleaf-globemallow-overview/#:~:text=%F0%9F%8C%B1%20Seed%20Propagation | https://propagate.one/how-to-propagate-sphaeralcea-angustifolia/ | https://www.nrcs.usda.gov/plantmaterials/txpmcbr13181.pdf
Sphenopholis obtusata,Sphenopholis obtusata,Prairie Wedgescale,Seed,No Treatment | Scarification,Materials listed: Seed. Treatment tags listed: No Treatment | Scarification. Full propagation instructions are not reproduced in this public dataset; use the linked NPSOT/source pages for complete protocols.,https://www.npsot.org/posts/native-plant/sphenopholis-obtusata/,https://www.prairiemoon.com/sphenopholis-obtusata-prairie-wedgegrass#panel-planting | https://propagate.one/how-to-propagate-sphenopholis-obtusata/
Sporobolus airoides,Sporobolus airoides,Alkali Sacaton,Seed | Clump,No Treatment | Division,Materials listed: Seed | Clump. Treatment tags listed: No Treatment | Division. Full propagation instructions are not reproduced in this public dataset; use the linked NPSOT/source pages for complete protocols.,https://www.npsot.org/posts/native-plant/sporobolus-airoides/,https://pfaf.org/user/Plant.aspx?LatinName=Sporobolus+airoides#:~:text=Plant%20Propagation
Sporobolus cryptandrus,Sporobolus cryptandrus,Sand Dropseed,Seed | Clump,Stratification | Scarification | No Treatment | Division,Materials listed: Seed | Clump. Treatment tags listed: Stratification | Scarification | No Treatment | Division. Full propagation instructions are not reproduced in this public dataset; use the linked NPSOT/source pages for complete protocols.,https://www.npsot.org/posts/native-plant/sporobolus-cryptandrus/,https://www.sciencedirect.com/science/article/pii/S2351989421004923#:~:text=The%20thousand%2Dseed%20weight%20of | https://www.nrcs.usda.gov/plantmaterials/stpmcpg12942.pdf | https://pfaf.org/user/Plant.aspx?LatinName=Sporobolus+cryptandrus#:~:text=Plant%20Propagation
Stenaria nigricans,Stenaria nigricans,Prairie Bluet,Seed,Stratification,Materials listed: Seed. Treatment tags listed: Stratification. Full propagation instructions are not reproduced in this public dataset; use the linked NPSOT/source pages for complete protocols.,https://www.npsot.org/posts/native-plant/stenaria-nigricans/,https://warcapps.usgs.gov/PlantID/Species/Details/3123
Styphnolobium affine,Styphnolobium affine,Eve’s Necklace,Seed,Scarification,Materials listed: Seed. Treatment tags listed: Scarification. Full propagation instructions are not reproduced in this public dataset; use the linked NPSOT/source pages for complete protocols.,https://www.npsot.org/posts/native-plant/styphnolobium-affine/,https://www.wildflower.org/plants/result.php?id_plant=STAF4
Symphoricarpos orbiculatus,Symphoricarpos orbiculatus,Coralberry,Softwood | Seed | Semi-harwood | Stem,Cutting | Stratification | Scarification | Layering,Materials listed: Softwood | Seed | Semi-harwood | Stem. Treatment tags listed: Cutting | Stratification | Scarification | Layering. Full propagation instructions are not reproduced in this public dataset; use the linked NPSOT/source pages for complete protocols.,https://www.npsot.org/posts/native-plant/symphoricarpos-orbiculatus/,https://earthone.io/plant/symphoricarpos%20orbiculatus | https://www.wildflower.org/plants/result.php?id_plant=SYOR | https://www.epicgardening.com/coralberry/
Symphyotrichum drummondii var. texanum,Symphyotrichum drummondii var. texanum,Texas Aster,Seed,No Treatment,Materials listed: Seed. Treatment tags listed: No Treatment. Full propagation instructions are not reproduced in this public dataset; use the linked NPSOT/source pages for complete protocols.,https://www.npsot.org/posts/native-plant/symphyotrichum-drummondii-var-texanum/,https://www.picturethisai.com/care/propagate/Symphyotrichum_drummondii_var._texanum.html
Symphyotrichum ericoides,Symphyotrichum ericoides,Heath Aster,Seed | Stem | Clump,No Treatment | Cutting | Division,Materials listed: Seed | Stem | Clump. Treatment tags listed: No Treatment | Cutting | Division. Full propagation instructions are not reproduced in this public dataset; use the linked NPSOT/source pages for complete protocols.,https://www.npsot.org/posts/native-plant/symphyotrichum-ericoides/,https://gardenerspath.com/plants/flowers/grow-heath-asters/#:~:text=By%20early%20summer%2C%20you%20can
Symphyotrichum lanceolatum,Symphyotrichum lanceolatum,Lanceleaf Aster,Clump | Seed,Division | Stratification | No Treatment,Materials listed: Clump | Seed. Treatment tags listed: Division | Stratification | No Treatment. Full propagation instructions are not reproduced in this public dataset; use the linked NPSOT/source pages for complete protocols.,https://www.npsot.org/posts/native-plant/symphyotrichum-lanceolatum/,https://earthone.io/plant/symphyotrichum%20lanceolatum | https://plants.usda.gov/DocumentLibrary/plantguide/pdf/pg_sylal4.pdf | https://friendsofeloisebutler.org/pages/plants/whitepanicleaster.html
Symphyotrichum lateriflorum,Symphyotrichum lateriflorum,Calico Aster,Bud | Seed | Stem,Division | No Treatment | Cutting,Materials listed: Bud | Seed | Stem. Treatment tags listed: Division | No Treatment | Cutting. Full propagation instructions are not reproduced in this public dataset; use the linked NPSOT/source pages for complete protocols.,https://www.npsot.org/posts/native-plant/symphyotrichum-lateriflorum/,https://greg.app/propagate-calico-aster/#:~:text=Best%20Time%20to%20Propagate%20%F0%9F%8C%B1 | https://gardenerspath.com/plants/flowers/grow-calico-aster/#Propagation | https://www.fellabees.com/shop/p/56c8zhm059g5gdos0p21ee3kxs5sqj
Symphyotrichum oblongifolium,Symphyotrichum oblongifolium,Fall Aster,Seed | Rhizome,No Treatment | Stratification | Division,Materials listed: Seed | Rhizome. Treatment tags listed: No Treatment | Stratification | Division. Full propagation instructions are not reproduced in this public dataset; use the linked NPSOT/source pages for complete protocols.,https://www.npsot.org/posts/native-plant/symphyotrichum-oblongifolium/,https://plants.usda.gov/DocumentLibrary/factsheet/pdf/fs_syob.pdf | https://growitbuildit.com/aromatic-aster-symphyotrichum-oblongifolium/#:~:text=Aromatic%20Aster%20can%20also%20be
Symphyotrichum patens,Symphyotrichum patens,Late Purple Aster,Stem | Clump division | Seed,Cutting | Division | No Treatment,Materials listed: Stem | Clump division | Seed. Treatment tags listed: Cutting | Division | No Treatment. Full propagation instructions are not reproduced in this public dataset; use the linked NPSOT/source pages for complete protocols.,https://www.npsot.org/posts/native-plant/symphyotrichum-patens/,https://www.picturethisai.com/care/propagate/Symphyotrichum_patens.html# | https://gardenerspath.com/plants/flowers/save-aster-seeds/
Symphyotrichum praealtum,Symphyotrichum praealtum,Willowleaf Aster,Seed,Stratification,Materials listed: Seed. Treatment tags listed: Stratification. Full propagation instructions are not reproduced in this public dataset; use the linked NPSOT/source pages for complete protocols.,https://www.npsot.org/posts/native-plant/symphyotrichum-praealtum/,https://www.fellabees.com/shop/p/iey7qnrv7w75xf6a1k0etlc6df6my1 | https://www.prairiemoon.com/symphyotrichum-praealtum-willow-aster#panel-planting | https://www.picturethisai.com/care/propagate/Symphyotrichum_praealtum.html
Taxodium distichum,Taxodium distichum,Bald Cypress,Seed | Stem,Scarification | Cutting | Stratification,Materials listed: Seed | Stem. Treatment tags listed: Scarification | Cutting | Stratification. Full propagation instructions are not reproduced in this public dataset; use the linked NPSOT/source pages for complete protocols.,https://www.npsot.org/posts/native-plant/taxodium-distichum/,https://gardentask.uk/bald-cypress-taxodium-distichum/#:~:text=Learn%20How%20to%20Propagate%20the | https://earthone.io/plant/taxodium%20distichum | https://www.treeseedonline.com/store/p105/Swamp_Cypress_%28taxodium_distichum%29.html#:~:text=Several%20different%20methods%20are%20possible | https://forums.botanicalgarden.ubc.ca/threads/bald-cypress-taxodium-distichum-seeds.46370/
Tetragonotheca texana,Tetragonotheca texana,Squarebud Daisy,Seed,No Treatment,Materials listed: Seed. Treatment tags listed: No Treatment. Full propagation instructions are not reproduced in this public dataset; use the linked NPSOT/source pages for complete protocols.,https://www.npsot.org/posts/native-plant/tetragonotheca-texana/,https://www.picturethisai.com/wiki/Tetragonotheca_texana.html#:~:text=Propagation:%20To%20propagate%20nerve%2Dray
Tetraneuris scaposa,Tetraneuris scaposa,Four-nerve Daisy,Seed | Stem | Clump,No Treatment | Cutting | Division,Materials listed: Seed | Stem | Clump. Treatment tags listed: No Treatment | Cutting | Division. Full propagation instructions are not reproduced in this public dataset; use the linked NPSOT/source pages for complete protocols.,https://www.npsot.org/posts/native-plant/tetraneuris-scaposa/,https://www.wildflower.org/plants/result.php?id_plant=TESC2 | https://davesgarden.com/guides/pf/go/53549 | https://www.picturethisai.com/care/Tetraneuris_scaposa.html#:~:text=Propagation%20Time:%20Spring%2C%20Summer | https://propagate.one/how-to-propagate-tetraneuris-scaposa/ | https://www.picturethisai.com/care/propagate/Tetraneuris_scaposa.html
Teucrium canadense,Teucrium canadense,American Germander,Seed | Clump,No Treatment | Division,Materials listed: Seed | Clump. Treatment tags listed: No Treatment | Division. Full propagation instructions are not reproduced in this public dataset; use the linked NPSOT/source pages for complete protocols.,https://www.npsot.org/posts/native-plant/teucrium-canadense/,https://pfaf.org/user/Plant.aspx?LatinName=Teucrium+canadense#:~:text=Plant%20Propagation
Thelesperma filifolium,Thelesperma filifolium,Greenthread,Seed | Stem,No Treatment | Stratification | Cutting,Materials listed: Seed | Stem. Treatment tags listed: No Treatment | Stratification | Cutting. Full propagation instructions are not reproduced in this public dataset; use the linked NPSOT/source pages for complete protocols.,https://www.npsot.org/posts/native-plant/thelesperma-filifolium/,https://www.everwilde.com/store/Greenthread-Wildflower-Seeds.html | https://plantiary.com/plant/thelesperma-filifolium_4424.html#:~:text=The%20propagation%20of%20this%20plant | https://www.gardenia.net/plant/thelesperma-filifolium
Thelesperma simplicifolium,Thelesperma simplicifolium,Navajo Tea,Seed | Stem,No Treatment | Cutting,Materials listed: Seed | Stem. Treatment tags listed: No Treatment | Cutting. Full propagation instructions are not reproduced in this public dataset; use the linked NPSOT/source pages for complete protocols.,https://www.npsot.org/posts/native-plant/thelesperma-simplicifolium/,https://greg.app/slender-greenthread-overview/#:~:text=%F0%9F%8C%B1%20Seed%20Propagation%20Methods
Pelazoneuron kunthii,Pelazoneuron kunthii,Wood Fern,Rhizome | Spores,Division | No Treatment,Materials listed: Rhizome | Spores. Treatment tags listed: Division | No Treatment. Full propagation instructions are not reproduced in this public dataset; use the linked NPSOT/source pages for complete protocols.,https://www.npsot.org/posts/native-plant/thelypteris-kunthii/,https://propagate.one/how-to-propagate-thelypteris-kunthii/ | https://www.chestateefarms.com/post/southern-shield-fern-thelypteris-kunthii-a-tough-elegant-native-for-atlanta-s-zone-7#
Thymophylla pentachaeta,Thymophylla pentachaeta,Parralena,Seed,No Treatment,Materials listed: Seed. Treatment tags listed: No Treatment. Full propagation instructions are not reproduced in this public dataset; use the linked NPSOT/source pages for complete protocols.,https://www.npsot.org/posts/native-plant/thymophylla-pentachaeta/,https://earthone.io/plant/thymophylla%20pentachaeta | https://horticultureunlimited.com/thymophylla-pentahaeta/#:~:text=Thymophylla%20pentachaeta%20%2D%20Horticulture%20Unlimited
Tinantia anomala,Tinantia anomala,False Dayflower,Seed,No Treatment,Materials listed: Seed. Treatment tags listed: No Treatment. Full propagation instructions are not reproduced in this public dataset; use the linked NPSOT/source pages for complete protocols.,https://www.npsot.org/posts/native-plant/tinantia-anomala/,https://www.picturethisai.com/wiki/Tinantia_anomala.html | https://www.wildflower.org/plants/result.php?id_plant=TIAN
Tradescantia gigantea,Tradescantia gigantea,Giant Spiderwort,Stem,Layering | Cutting,Materials listed: Stem. Treatment tags listed: Layering | Cutting. Full propagation instructions are not reproduced in this public dataset; use the linked NPSOT/source pages for complete protocols.,https://www.npsot.org/posts/native-plant/tradescantia-gigantea/,https://plantsmith.co.uk/how-to-propagate-tradescantia/#:~:text=Propagate%20in%20soil | https://propagate.one/how-to-propagate-tradescantia-gigantea/
Tradescantia hirsutiflora,Tradescantia hirsutiflora,Hairyflower Spiderwort,Seed | Stem,No Treatment | Cutting,Materials listed: Seed | Stem. Treatment tags listed: No Treatment | Cutting. Full propagation instructions are not reproduced in this public dataset; use the linked NPSOT/source pages for complete protocols.,https://www.npsot.org/posts/native-plant/tradescantia-hirsutiflora/,https://warcapps.usgs.gov/PlantID/Species/Details/804#:~:text=Tradescantia%20is%20easily%20propagated%20by | https://plantiary.com/plant/tradescantia-hirsutiflora_4412.html#:~:text=Propagation:%20Tradescantia%20hirsutiflora%20can%20be
Tradescantia occidentalis,Tradescantia occidentalis,Prairie Spiderwort,Stem,Cutting,Materials listed: Stem. Treatment tags listed: Cutting. Full propagation instructions are not reproduced in this public dataset; use the linked NPSOT/source pages for complete protocols.,https://www.npsot.org/posts/native-plant/tradescantia-occidentalis/,https://www.picturethisai.com/care/propagate/Tradescantia_occidentalis.html
Trichloris crinita,Trichloris crinita,Two-flowered Trichloris,Seed | Clump,No Treatment | Division,Materials listed: Seed | Clump. Treatment tags listed: No Treatment | Division. Full propagation instructions are not reproduced in this public dataset; use the linked NPSOT/source pages for complete protocols.,https://www.npsot.org/posts/native-plant/trichloris-crinita/,https://www.nrcs.usda.gov/plantmaterials/stpmcrb13709.pdf | https://www.picturethisai.com/care/propagate/Trichloris_crinita.html#:~:text=False%20rhodes%20grass%20enjoys%20warm%20climates%20and
Trichostema brachiatum,Trichostema brachiatum,False Pennyroyal,Seed | Stem,No Treatment | Cutting,Materials listed: Seed | Stem. Treatment tags listed: No Treatment | Cutting. Full propagation instructions are not reproduced in this public dataset; use the linked NPSOT/source pages for complete protocols.,https://www.npsot.org/posts/native-plant/trichostema-brachiatum/,https://propagate.one/how-to-propagate-trichostema-brachiatum/
Tridens albescens,Tridens albescens,White Tridens,Clump | Seed,Division | No Treatment,Materials listed: Clump | Seed. Treatment tags listed: Division | No Treatment. Full propagation instructions are not reproduced in this public dataset; use the linked NPSOT/source pages for complete protocols.,https://www.npsot.org/posts/native-plant/tridens-albescens/,https://www.picturethisai.com/wiki/Tridens_albescens.html | https://propagate.one/how-to-propagate-tridens-albescens/
Tridens congestus,Tridens congestus,Pink Tridens,Seed | Clump | Stem,No Treatment | Division | Cutting,Materials listed: Seed | Clump | Stem. Treatment tags listed: No Treatment | Division | Cutting. Full propagation instructions are not reproduced in this public dataset; use the linked NPSOT/source pages for complete protocols.,https://www.npsot.org/posts/native-plant/tridens-congestus/,https://greg.app/tridens-congestus-overview/
Tridens strictus,Tridens strictus,Longspike Tridens,Seed | Stem | Bud,No Treatment | Cutting | Division,Materials listed: Seed | Stem | Bud. Treatment tags listed: No Treatment | Cutting | Division. Full propagation instructions are not reproduced in this public dataset; use the linked NPSOT/source pages for complete protocols.,https://www.npsot.org/posts/native-plant/tridens-strictus/,https://plantiary.com/plant/tridens-strictus_27992.html#:~:text=Tridens%20Strictus%20plant%20can%20be
Typha domingensis,Typha domingensis,Southern Cattail,Seed | Clump,No Treatment | Division,Materials listed: Seed | Clump. Treatment tags listed: No Treatment | Division. Full propagation instructions are not reproduced in this public dataset; use the linked NPSOT/source pages for complete protocols.,https://www.npsot.org/posts/native-plant/typha-domingensis/,https://tropical.theferns.info/viewtropical.php?id=typha+domingensis#:~:text=tolerating%206%20%2D%208%5B- | http://ecocrop.fao.org | https://earthone.io/plant/typha%20domingensis
Ulmus alata,Ulmus alata,Winged Elm,Seed,No Treatment | Stratification,Materials listed: Seed. Treatment tags listed: No Treatment | Stratification. Full propagation instructions are not reproduced in this public dataset; use the linked NPSOT/source pages for complete protocols.,https://www.npsot.org/posts/native-plant/ulmus-alata/,https://www.wildflower.org/plants/result.php?id_plant=ULAL
Ulmus americana,Ulmus americana,American Elm,Seed | Softwood,Stratification | Cutting | Scarification,Materials listed: Seed | Softwood. Treatment tags listed: Stratification | Cutting | Scarification. Full propagation instructions are not reproduced in this public dataset; use the linked NPSOT/source pages for complete protocols.,https://www.npsot.org/posts/native-plant/ulmus-americana/,https://npn.rngr.net/renderNPNProtocolDetails?selectedProtocolIds=ulmaceae-ulmus-2026&referer=wildflower | https://greg.app/propagate-american-elm/ | https://www.srs.fs.usda.gov/pubs/misc/ag_654/volume_2/ulmus/americana.htm#:~:text=American%20elm%20can%20be%20propagated | https://meridian.allenpress.com/jeh/article/30/2/73/79821/Vegetative-Propagation-of-American-Elm-Ulmus | https://www.picturethisai.com/care/propagate/Ulmus_americana.html | https://www.ecofriendlyincome.com/blog/how-to-propagate-white-elm-ulmus-americana
Ulmus crassifolia,Ulmus crassifolia,Cedar Elm,Seed,Stratification,Materials listed: Seed. Treatment tags listed: Stratification. Full propagation instructions are not reproduced in this public dataset; use the linked NPSOT/source pages for complete protocols.,https://www.npsot.org/posts/native-plant/ulmus-crassifolia/,https://www.wildflower.org/plants/result.php?id_plant=ULCR
Ungnadia speciosa,Ungnadia speciosa,Mexican Buckeye,Seed | Stem,No Treatment | Cutting,Materials listed: Seed | Stem. Treatment tags listed: No Treatment | Cutting. Full propagation instructions are not reproduced in this public dataset; use the linked NPSOT/source pages for complete protocols.,https://www.npsot.org/posts/native-plant/ungnadia-speciosa/,https://www.wildflower.org/plants/result.php?id_plant=UNSP | https://gardenoracle.com/images/ungnadia-speciosa.html | https://www.picturethisai.com/care/propagate/Ungnadia_speciosa.html
Vaccinium arboreum,Vaccinium arboreum,Farkleberry,Seed,Stratification,Materials listed: Seed. Treatment tags listed: Stratification. Full propagation instructions are not reproduced in this public dataset; use the linked NPSOT/source pages for complete protocols.,https://www.npsot.org/posts/native-plant/vaccinium-arboreum/,https://www.wildflower.org/plants/result.php?id_plant=VAAR
Vachellia farnesiana,Vachellia farnesiana,Huisache,Seed | Stem,Scarification | Cutting,Materials listed: Seed | Stem. Treatment tags listed: Scarification | Cutting. Full propagation instructions are not reproduced in this public dataset; use the linked NPSOT/source pages for complete protocols.,https://www.npsot.org/posts/native-plant/vachellia-farnesiana/,https://gardeningsolutions.ifas.ufl.edu/plants/trees-and-shrubs/trees/sweet-acacia/#:~:text=It%20is%20multi%2Dstemmed%20with | https://irrecenvhort.ifas.ufl.edu/Native%20Plants/Publications/propagation%20of%20sweet%20acacia-Smith%20et%20al.pdf#:~:text=Results%20confirm%20that%20asexual%20propagation%20of%20sweet | https://earthone.io/plant/vachellia%20farnesiana?srsltid=AfmBOooqTBuOXlajNus9UVl9LfhbQkq_ZHaG1TK09WWeQIoRznbFpuXk
Vallisneria americana,Vallisneria americana,American Eelgrass,Seed | Stolon,No Treatment | Division,Materials listed: Seed | Stolon. Treatment tags listed: No Treatment | Division. Full propagation instructions are not reproduced in this public dataset; use the linked NPSOT/source pages for complete protocols.,https://www.npsot.org/posts/native-plant/vallisneria-americana/,https://www.wildflower.org/plants/result.php?id_plant=VAAM3 | https://npn.rngr.net/renderNPNProtocolDetails?selectedProtocolIds=hydrocharitaceae-vallisneria-2355#:~:text=Seed:%20We%20collect%20green%20seed
Verbena halei,Verbena halei,Texas Verbena,Seed | Clump | Stem,No Treatment | Division | Cutting,Materials listed: Seed | Clump | Stem. Treatment tags listed: No Treatment | Division | Cutting. Full propagation instructions are not reproduced in this public dataset; use the linked NPSOT/source pages for complete protocols.,https://www.npsot.org/posts/native-plant/verbena-halei/,https://propagate.one/how-to-propagate-verbena-halei/ | https://www.wildflower.org/plants/result.php?id_plant=VEHA | https://greg.app/propagate-verbena-halei/
Verbena xutha,Verbena xutha,Gulf Vervain,Seed | Stem | Clump,No Treatment | Stratification | Scarification | Cutting | Division,Materials listed: Seed | Stem | Clump. Treatment tags listed: No Treatment | Stratification | Scarification | Cutting | Division. Full propagation instructions are not reproduced in this public dataset; use the linked NPSOT/source pages for complete protocols.,https://www.npsot.org/posts/native-plant/verbena-xutha/,https://www.picturethisai.com/wiki/Verbena_xutha.html | https://www.forwardplant.com/plant-info/verbena-xutha/ | https://www.picturethisai.com/care/propagate/Verbena_xutha.html
Verbesina encelioides,Verbesina encelioides,Cowpen Daisy,Seed,No Treatment,Materials listed: Seed. Treatment tags listed: No Treatment. Full propagation instructions are not reproduced in this public dataset; use the linked NPSOT/source pages for complete protocols.,https://www.npsot.org/posts/native-plant/verbesina-encelioides/,https://www.wildflower.org/plants/result.php?id_plant=VEEN | https://texasbutterflyranch.com/2019/02/13/cowpen-daisy-how-to-grow-verbesina-encelioides-from-seed/#:~:text=Drake%20White%20of%20the%20Nectar | https://earthone.io/plant/verbesina%20encelioides?srsltid=AfmBOopXzkCIzTpSIax4pcmtUR-Zz5KHx90bybR6n6rbsb_W820gZf3c
Verbesina lindheimeri,Verbesina lindheimeri,Lindheimer's Crownbeard,Seed,No Treatment,Materials listed: Seed. Treatment tags listed: No Treatment. Full propagation instructions are not reproduced in this public dataset; use the linked NPSOT/source pages for complete protocols.,https://www.npsot.org/posts/native-plant/verbesina-lindheimeri/,https://www.picturethisai.com/care/propagate/Verbesina_lindheimeri.html
Verbesina virginica,Verbesina virginica,Frostweed,Root | Seed,Division | No Treatment,Materials listed: Root | Seed. Treatment tags listed: Division | No Treatment. Full propagation instructions are not reproduced in this public dataset; use the linked NPSOT/source pages for complete protocols.,https://www.npsot.org/posts/native-plant/verbesina-virginica/,https://www.wildflower.org/plants/result.php?id_plant=VEVI3 | https://monsteraholic.com/verbesina-virginica/ | https://plantiary.com/plant/verbesina-virginica_4137.html
Vernonia baldwinii,Vernonia baldwinii,Western Ironweed,Seed | Clump | Stem,No Treatment | Division | Cutting,Materials listed: Seed | Clump | Stem. Treatment tags listed: No Treatment | Division | Cutting. Full propagation instructions are not reproduced in this public dataset; use the linked NPSOT/source pages for complete protocols.,https://www.npsot.org/posts/native-plant/vernonia-baldwinii/,https://propagate.one/how-to-propagate-vernonia-baldwinii/ | https://www.picturethisai.com/care/propagate/Vernonia_baldwinii.html | https://gardenerspath.com/plants/flowers/grow-ironweed/ | https://plantiary.com/plant/vernonia-baldwinii_19381.html
Vernonia lindheimeri,Vernonia lindheimeri,Woolly Ironweed,Seed | Clump | Stem,No Treatment | Division | Cutting,Materials listed: Seed | Clump | Stem. Treatment tags listed: No Treatment | Division | Cutting. Full propagation instructions are not reproduced in this public dataset; use the linked NPSOT/source pages for complete protocols.,https://www.npsot.org/posts/native-plant/vernonia-lindheimeri/,https://www.picturethisai.com/care/propagate/Vernonia_lindheimeri.html | https://propagate.one/how-to-propagate-vernonia-lindheimeri/?print=print
Vernonia missurica,Vernonia missurica,Missouri ironweed,Seed | Clump division,No Treatment | Division | Stratification,Materials listed: Seed | Clump division. Treatment tags listed: No Treatment | Division | Stratification. Full propagation instructions are not reproduced in this public dataset; use the linked NPSOT/source pages for complete protocols.,https://www.npsot.org/posts/native-plant/vernonia-missurica/,https://propagate.one/how-to-propagate-vernonia-missurica/ | https://ferriseeds.com/products/vernonia-missurica-br-missouri-ironweed?srsltid=AfmBOoqB__U3EucQVlsxyR4YL6JO1Zx3iemFi-PiytpOYV_10ouKHV1x
Viburnum rufidulum,Viburnum rufidulum,Rusty Blackhaw Viburnum,Seed | Softwood,No Treatment | Cutting | Stratification,Materials listed: Seed | Softwood. Treatment tags listed: No Treatment | Cutting | Stratification. Full propagation instructions are not reproduced in this public dataset; use the linked NPSOT/source pages for complete protocols.,https://www.npsot.org/posts/native-plant/viburnum-rufidulum/,https://pfaf.org/USER/Plant.aspx?LatinName=Viburnum+rufidulum#:~:text=Plant%20Propagation | https://www.picturethisai.com/care/Viburnum_rufidulum.html#:~:text=How%20to%20Propagate%20Rusty%20blackhaw?&text=Rusty%20blackhaw%20is%20a%20deciduous | https://earthone.io/plant/viburnum%20rufidulum
Viguiera dentata,Viguiera dentata,Plateau Goldeneye,Seed,No Treatment,Materials listed: Seed. Treatment tags listed: No Treatment. Full propagation instructions are not reproduced in this public dataset; use the linked NPSOT/source pages for complete protocols.,https://www.npsot.org/posts/native-plant/viguiera-dentata/,https://www.wildflower.org/plants/result.php?id_plant=VIDE3
Viguiera stenoloba,Viguiera stenoloba,Skeletonleaf Goldeneye,Seed | Softwood,No Treatment | Cutting,Materials listed: Seed | Softwood. Treatment tags listed: No Treatment | Cutting. Full propagation instructions are not reproduced in this public dataset; use the linked NPSOT/source pages for complete protocols.,https://www.npsot.org/posts/native-plant/viguiera-stenoloba/,https://www.wildflower.org/plants/result.php?id_plant=VIST | https://www.gardenia.net/plant/viguiera-stenoloba-skeleton-leaf-goldeneye#:~:text=Skeleton%2Dleaf%20goldeneye%20grows%20as | https://legacyblog.stbctmn.org/2019/12/27/skeleton-leaf-golden-eye-and-mistflower-are-must-have-plants-for-october/ | https://www.gardenia.net/plant/viguiera-stenoloba-skeleton-leaf-goldeneye
Viola sororia,Viola sororia,Common Blue Violet,Seed | Bud,No Treatment | Division,Materials listed: Seed | Bud. Treatment tags listed: No Treatment | Division. Full propagation instructions are not reproduced in this public dataset; use the linked NPSOT/source pages for complete protocols.,https://www.npsot.org/posts/native-plant/viola-sororia-2/,https://www.gardenia.net/guide/violets-viola-how-to-grow-and-care | https://earthone.io/plant/viola%20sororia
Viola sororia var. missouriensis,Viola sororia var. missouriensis,Missouri Violet,Seed | Bud,No Treatment | Division,Materials listed: Seed | Bud. Treatment tags listed: No Treatment | Division. Full propagation instructions are not reproduced in this public dataset; use the linked NPSOT/source pages for complete protocols.,https://www.npsot.org/posts/native-plant/viola-sororia/,https://www.gardenia.net/guide/violets-viola-how-to-grow-and-care | https://earthone.io/plant/viola%20sororia
Vitis mustangensis,Vitis mustangensis,Mustang Grape,Seed | Softwood | Stem,No Treatment | Cutting | Layering,Materials listed: Seed | Softwood | Stem. Treatment tags listed: No Treatment | Cutting | Layering. Full propagation instructions are not reproduced in this public dataset; use the linked NPSOT/source pages for complete protocols.,https://www.npsot.org/posts/native-plant/vitis-mustangensis/,https://pfaf.org/user/Plant.aspx?LatinName=Vitis+mustangensis#:~:text=Plant%20Propagation | https://earthone.io/plant/vitis%20mustangensis | https://www.picturethisai.com/care/propagate/Vitis_mustangensis.html
Wedelia acapulcensis var. hispida,Wedelia acapulcensis var. hispida,Zexmenia,Stem | Seed,Cutting | No Treatment,Materials listed: Stem | Seed. Treatment tags listed: Cutting | No Treatment. Full propagation instructions are not reproduced in this public dataset; use the linked NPSOT/source pages for complete protocols.,https://www.npsot.org/posts/native-plant/wedelia-acapulcensis-var-hispida/,https://www.picturethisai.com/wiki/Wedelia_acapulcensis_var._hispida.html | https://plants.usda.gov/DocumentLibrary/factsheet/pdf/fs_wete.pdf
Xanthisma texanum,Xanthisma texanum,Sleepy Daisy,Seed,No Treatment,Materials listed: Seed. Treatment tags listed: No Treatment. Full propagation instructions are not reproduced in this public dataset; use the linked NPSOT/source pages for complete protocols.,https://www.npsot.org/posts/native-plant/xanthisma-texanum/,https://www.wildflower.org/plants/result.php?id_plant=XATE
Yucca arkansana,Yucca arkansana,Arkansas Yucca,Seed,No Treatment,Materials listed: Seed. Treatment tags listed: No Treatment. Full propagation instructions are not reproduced in this public dataset; use the linked NPSOT/source pages for complete protocols.,https://www.npsot.org/posts/native-plant/yucca-arkansana/,https://www.wildflower.org/plants/result.php?id_plant=YUAR2
Yucca constricta,Yucca constricta,Buckley’s Yucca,Seed | Root,Scarification | Cutting,Materials listed: Seed | Root. Treatment tags listed: Scarification | Cutting. Full propagation instructions are not reproduced in this public dataset; use the linked NPSOT/source pages for complete protocols.,https://www.npsot.org/posts/native-plant/yucca-constricta/,https://www.picturethisai.com/care/propagate/Yucca_constricta.html | https://pfaf.org/user/Plant.aspx?LatinName=Yucca+constricta#:~:text=Plant%20Propagation
Yucca louisianensis,Yucca louisianensis,Louisiana Yucca,Seed | Clump | Stem,No Treatment | Division | Cutting,Materials listed: Seed | Clump | Stem. Treatment tags listed: No Treatment | Division | Cutting. Full propagation instructions are not reproduced in this public dataset; use the linked NPSOT/source pages for complete protocols.,https://www.npsot.org/posts/native-plant/yucca-louisianensis/,https://www.botanikks.com/plants/yucca-louisianensis-trel/517275/1
Yucca rupicola,Yucca rupicola,Twistleaf Yucca,Seed | Root | Offshoots,No Treatment | Scarification | Cutting,Materials listed: Seed | Root | Offshoots. Treatment tags listed: No Treatment | Scarification | Cutting. Full propagation instructions are not reproduced in this public dataset; use the linked NPSOT/source pages for complete protocols.,https://www.npsot.org/posts/native-plant/yucca-rupicola-2/,https://www.picturethisai.com/wiki/Yucca_rupicola.html | https://pfaf.org/user/Plant.aspx?LatinName=Yucca+rupicola#:~:text=Plant%20Propagation | https://temperate.theferns.info/plant/Yucca+rupicola | https://earthone.io/en/plant/yucca%20rupicola?srsltid=AfmBOoqq6OSt-Wcd2lQdcNQzpGvqhXfiiuvQEKVjGLItJeyKXTYLkiE-
Zanthoxylum clava-herculis,Zanthoxylum clava-herculis,Hercules Club,Seed,Stratification | Scarification,Materials listed: Seed. Treatment tags listed: Stratification | Scarification. Full propagation instructions are not reproduced in this public dataset; use the linked NPSOT/source pages for complete protocols.,https://www.npsot.org/posts/native-plant/zanthoxylum-clava-herculis/,https://sheffields.com/inventory/view/1524
Zeltnera beyrichii,Zeltnera beyrichii,Mountain Pinks,Seed,No Treatment,Materials listed: Seed. Treatment tags listed: No Treatment. Full propagation instructions are not reproduced in this public dataset; use the linked NPSOT/source pages for complete protocols.,https://www.npsot.org/posts/native-plant/zeltnera-beyrichii/,https://www.picturethisai.com/wiki/Zeltnera_beyrichii.html#:~:text=Propagation:%20To%20propagate%20mountain%20pink
Zephyranthes drummondii,Zephyranthes drummondii,Prairie Lily,Seed | Bulb,Division,Materials listed: Seed | Bulb. Treatment tags listed: Division. Full propagation instructions are not reproduced in this public dataset; use the linked NPSOT/source pages for complete protocols.,https://www.npsot.org/posts/native-plant/zephyranthes-drummondii/,https://www.wildflower.org/plants/result.php?id_plant=COPE | https://plants.ces.ncsu.edu/plants/zephyranthes-drummondii/#:~:text=Attributes:%20Genus:%20Zephyranthes%20Species: | https://www.picturethisai.com/wiki/Zephyranthes_drummondii.html#:~:text=Rain%20lily%20%2D%20Zephyranthes%20drummondii%20(Care
Zinnia grandiflora,Zinnia grandiflora,Plains Zinnia,Seed,No Treatment,Materials listed: Seed. Treatment tags listed: No Treatment. Full propagation instructions are not reproduced in this public dataset; use the linked NPSOT/source pages for complete protocols.,https://www.npsot.org/posts/native-plant/zinnia-grandiflora/,https://www.jelitto.com/Seed/Perennials/ZINNIA+grandiflora+Portion+s.html
